contestant_id,queen_id,season_id,placement,entrance_order,home_city,wins,highs,lows,bottoms,eliminated_episode,miss_congeniality,drag_name_used,image,earnings,age_at_filming
US01-Q0001,Q0001,US01,1,9,"Minneapolis, MN",2,1,0,1,,No,-,images/queens/US01-Q0001.webp,-,28
US01-Q0002,Q0002,US01,2,2,"Denver, CO",1,3,1,0,,Yes,-,images/queens/US01-Q0002.webp,-,34
US01-Q0003,Q0003,US01,3,3,"Ft. Lauderdale, FL",1,1,1,3,,No,-,images/queens/US01-Q0003.webp,-,26
US01-Q0004,Q0004,US01,4,1,"Las Vegas, NV",0,1,1,2,,No,-,images/queens/US01-Q0004.webp,-,29
US01-Q0005,Q0005,US01,5,4,"Los Angeles, CA",2,2,0,1,,No,-,images/queens/US01-Q0005.webp,-,26
US01-Q0006,Q0006,US01,6,8,"Chicago, IL",0,0,1,1,,No,-,images/queens/US01-Q0006.webp,-,25
US01-Q0007,Q0007,US01,7,6,"Cleveland, OH",0,0,0,3,,No,-,images/queens/US01-Q0007.webp,-,24
US01-Q0008,Q0008,US01,8,7,"Long Beach, CA",0,0,0,1,,No,-,images/queens/US01-Q0008.webp,-,29
US01-Q0009,Q0009,US01,9,5,"Raleigh, NC",0,0,0,1,,No,-,images/queens/US01-Q0009.webp,-,39
US02-Q0010,Q0010,US02,1,12,"Orlando, FL",3,3,1,0,,No,-,images/queens/US02-Q0010.webp,-,21
US02-Q0011,Q0011,US02,2,3,"Riverside, CA",2,3,0,2,,No,-,images/queens/US02-Q0011.webp,-,30
US02-Q0012,Q0012,US02,3,4,"Boston, MA",0,2,1,4,,No,-,images/queens/US02-Q0012.webp,-,25
US02-Q0013,Q0013,US02,4,10,"Falls Church, VA",1,1,1,2,,No,-,images/queens/US02-Q0013.webp,-,21
US02-Q0014,Q0014,US02,5,11,"Rochester, NY",0,4,1,1,,Yes,-,images/queens/US02-Q0014.webp,-,37
US02-Q0015,Q0015,US02,6,8,"San Juan, PR",1,2,0,1,,No,-,images/queens/US02-Q0015.webp,-,29
US02-Q0016,Q0016,US02,7,5,"New York, NY",1,0,0,3,,No,-,images/queens/US02-Q0016.webp,-,25
US02-Q0017,Q0017,US02,8,6,"Mira Loma, CA",1,0,0,2,,No,-,images/queens/US02-Q0017.webp,-,28
US02-Q0018,Q0018,US02,9,9,"Atlanta, GA",0,0,1,1,,No,-,images/queens/US02-Q0018.webp,-,26
US02-Q0019,Q0019,US02,10,7,"Bedford, TX",0,0,1,1,,No,-,images/queens/US02-Q0019.webp,-,25
US02-Q0020,Q0020,US02,11,1,"Atlanta, GA",0,0,0,1,,No,-,images/queens/US02-Q0020.webp,-,36
US02-Q0021,Q0021,US02,12,2,"Studio City, CA",0,0,0,1,,No,-,images/queens/US02-Q0021.webp,-,28
US03-Q0022,Q0022,US03,1,12,"Los Angeles, CA",3,4,1,1,,No,-,images/queens/US03-Q0022.webp,-,36
US03-Q0023,Q0023,US03,2,4,"New York, NY",3,4,1,1,,No,-,images/queens/US03-Q0023.webp,-,28
US03-Q0024,Q0024,US03,3,9,"St. Petersburg, FL",3,2,2,4,,No,-,images/queens/US03-Q0024.webp,-,30
US03-Q0025,Q0025,US03,4,7,"Manatí, PR",1,4,2,2,,Yes,-,images/queens/US03-Q0025.webp,-,26
US03-Q0026,Q0026,US03,5,2,"Elmwood Park, NJ",0,1,3,3,,No,-,images/queens/US03-Q0026.webp,-,25
US03-Q0021,Q0021,US03,6,13,"Los Angeles, CA",2,2,1,3,,No,-,images/queens/US03-Q0021.webp,-,29
US03-Q0027,Q0027,US03,7,1,"Norwalk, CA",0,1,0,3,,No,-,images/queens/US03-Q0027.webp,-,34
US03-Q0028,Q0028,US03,8,5,"Back Swamp, NC",1,1,0,2,,No,-,images/queens/US03-Q0028.webp,-,25
US03-Q0029,Q0029,US03,9,8,"Atlanta, GA",0,0,2,1,,No,-,images/queens/US03-Q0029.webp,-,29
US03-Q0030,Q0030,US03,10,10,"Dayton, OH",0,0,0,2,,No,-,images/queens/US03-Q0030.webp,-,23
US03-Q0031,Q0031,US03,11,11,"New York, NY",0,1,0,1,,No,-,images/queens/US03-Q0031.webp,-,27
US03-Q0032,Q0032,US03,12,3,"Atlanta, GA",0,0,0,1,,No,-,images/queens/US03-Q0032.webp,-,29
US03-Q0033,Q0033,US03,13,6,"Los Angeles, CA",0,0,0,1,,No,-,images/queens/US03-Q0033.webp,-,26
US04-Q0034,Q0034,US04,1,12,"Pittsburgh, PA",4,2,1,1,,No,-,images/queens/US04-Q0034.webp,-,29
US04-Q0035,Q0035,US04,2,11,"San Diego, CA",2,3,1,1,,No,-,images/queens/US04-Q0035.webp,-,40
US04-Q0036,Q0036,US04,2,4,"Chicago, IL",2,3,2,1,,No,-,images/queens/US04-Q0036.webp,-,25
US04-Q0037,Q0037,US04,4,13,"South Beach, FL",2,2,1,3,,Yes,-,images/queens/US04-Q0037.webp,-,39
US04-Q0038,Q0038,US04,5,10,"Dorado, PR",0,2,2,2,,No,-,images/queens/US04-Q0038.webp,-,21
US04-Q0039,Q0039,US04,6,8,"Chicago, IL",0,0,2,2,,No,-,images/queens/US04-Q0039.webp,-,25
US04-Q0040,Q0040,US04,7,1,"Los Angeles, CA",2,1,0,1,,No,-,images/queens/US04-Q0040.webp,-,29
US04-Q0041,Q0041,US04,8,3,"Queens, NY",0,0,0,3,,No,-,images/queens/US04-Q0041.webp,-,30
US04-Q0042,Q0042,US04,9,6,"New York, NY",0,0,0,3,,No,-,images/queens/US04-Q0042.webp,-,36
US04-Q0043,Q0043,US04,10,5,"Carolina, PR",1,0,1,1,,No,-,images/queens/US04-Q0043.webp,-,29
US04-Q0044,Q0044,US04,11,9,"Chicago, IL",0,1,0,2,,No,-,images/queens/US04-Q0044.webp,-,32
US04-Q0045,Q0045,US04,12,2,"Fort Lauderdale, FL",0,1,0,1,,No,-,images/queens/US04-Q0045.webp,-,21
US04-Q0046,Q0046,US04,13,7,"Tampa, FL",0,0,0,1,,No,-,images/queens/US04-Q0046.webp,-,23
US05-Q0047,Q0047,US05,1,6,"Seattle, WA",2,7,0,1,,No,-,images/queens/US05-Q0047.webp,-,24
US05-Q0048,Q0048,US05,2,9,"Pittsburgh, PA",2,4,2,0,,No,-,images/queens/US05-Q0048.webp,-,27
US05-Q0049,Q0049,US05,2,2,"Orlando, FL",2,5,2,1,,No,-,images/queens/US05-Q0049.webp,-,28
US05-Q0050,Q0050,US05,4,1,"Los Angeles, CA",1,1,1,3,,No,-,images/queens/US05-Q0050.webp,-,27
US05-Q0051,Q0051,US05,5,14,"Las Vegas, NV",1,1,1,4,,No,-,images/queens/US05-Q0051.webp,-,37
US05-Q0052,Q0052,US05,6,5,"Mesquite, TX",1,1,1,3,,No,-,images/queens/US05-Q0052.webp,-,32
US05-Q0053,Q0053,US05,7,11,"New York, NY",1,2,2,1,,Yes,-,images/queens/US05-Q0053.webp,-,25
US05-Q0054,Q0054,US05,8,3,"Gainesville, FL",0,1,1,1,,No,-,images/queens/US05-Q0054.webp,-,25
US05-Q0055,Q0055,US05,9,13,"San Juan, PR",1,1,1,1,,No,-,images/queens/US05-Q0055.webp,-,24
US05-Q0056,Q0056,US05,10,8,"New York, NY",0,0,1,1,,No,-,images/queens/US05-Q0056.webp,-,26
US05-Q0057,Q0057,US05,10,10,"San Francisco, CA",0,0,0,1,,No,-,images/queens/US05-Q0057.webp,-,28
US05-Q0058,Q0058,US05,12,12,"Owensboro, KY",0,0,0,2,,No,-,images/queens/US05-Q0058.webp,-,27
US05-Q0059,Q0059,US05,13,4,"Tallahassee, FL",0,0,0,2,,No,-,images/queens/US05-Q0059.webp,-,21
US05-Q0060,Q0060,US05,14,7,"Cincinnati, OH",0,0,0,1,,No,-,images/queens/US05-Q0060.webp,-,39
US06-Q0061,Q0061,US06,1,8,"New York, NY",3,4,0,0,,No,-,images/queens/US06-Q0061.webp,-,37
US06-Q0062,Q0062,US06,2,1,"Azusa, CA",3,2,2,2,,No,-,images/queens/US06-Q0062.webp,-,23
US06-Q0063,Q0063,US06,2,13,"West Hollywood, CA",2,0,3,0,,No,-,images/queens/US06-Q0063.webp,-,31
US06-Q0064,Q0064,US06,4,14,"Rochester, NY",1,1,3,4,,No,-,images/queens/US06-Q0064.webp,-,41
US06-Q0065,Q0065,US06,5,2,"Seattle, WA",2,4,1,2,,Yes,-,images/queens/US06-Q0065.webp,-,31
US06-Q0066,Q0066,US06,6,10,"Worcester, MA",0,1,3,2,,No,-,images/queens/US06-Q0066.webp,-,26
US06-Q0067,Q0067,US06,7,9,"Atlanta, GA",0,3,0,3,,No,-,images/queens/US06-Q0067.webp,-,22
US06-Q0068,Q0068,US06,8,4,"Van Nuys, CA",1,0,0,2,,No,-,images/queens/US06-Q0068.webp,-,24
US06-Q0069,Q0069,US06,9,11,"New York, NY",0,1,1,1,,No,-,images/queens/US06-Q0069.webp,-,25
US06-Q0070,Q0070,US06,10,3,"Chicago, IL",0,2,0,1,,No,-,images/queens/US06-Q0070.webp,-,23
US06-Q0071,Q0071,US06,11,5,"Guaynabo, PR",0,1,0,2,,No,-,images/queens/US06-Q0071.webp,-,24
US06-Q0072,Q0072,US06,12,7,"New York, NY",0,0,0,2,,No,-,images/queens/US06-Q0072.webp,-,40
US06-Q0073,Q0073,US06,13,12,"Seattle, WA",0,0,0,1,,No,-,images/queens/US06-Q0073.webp,-,28
US06-Q0074,Q0074,US06,13,6,"Los Angeles, CA",0,0,0,1,,No,-,images/queens/US06-Q0074.webp,-,37
US07-Q0075,Q0075,US07,1,4,"Atlanta, GA",3,2,2,0,,No,-,images/queens/US07-Q0075.webp,-,22
US07-Q0076,Q0076,US07,2,2,"Orlando, FL",3,2,0,2,,No,-,images/queens/US07-Q0076.webp,-,29
US07-Q0077,Q0077,US07,2,11,"Brooklyn, NY",2,1,1,2,,No,-,images/queens/US07-Q0077.webp,-,23
US07-Q0078,Q0078,US07,4,12,"Dallas, TX",2,3,0,3,,No,-,images/queens/US07-Q0078.webp,-,33
US07-Q0079,Q0079,US07,5,6,"Boston, MA",2,4,0,2,,Yes,-,images/queens/US07-Q0079.webp,-,32
US07-Q0080,Q0080,US07,6,9,"Milwaukee, WI",0,1,0,2,,No,-,images/queens/US07-Q0080.webp,-,24
US07-Q0081,Q0081,US07,7,1,"New York, NY",0,2,4,1,,No,-,images/queens/US07-Q0081.webp,-,29
US07-Q0082,Q0082,US07,8,3,"Nashville, TN",0,2,0,3,,No,-,images/queens/US07-Q0082.webp,-,25
US07-Q0083,Q0083,US07,9,5,"Hudson, WI",2,0,0,2,US07E08,No,-,images/queens/US07-Q0083.webp,-,22
US07-Q0084,Q0084,US07,10,10,"Cayey, PR",0,0,1,4,US07E08,No,-,images/queens/US07-Q0084.webp,-,28
US07-Q0085,Q0085,US07,11,8,"Rochester, NY",0,1,0,2,US07E08,No,-,images/queens/US07-Q0085.webp,-,43
US07-Q0086,Q0086,US07,12,7,"Los Angeles, CA",0,0,1,2,US07E08,No,-,images/queens/US07-Q0086.webp,-,37
US07-Q0087,Q0087,US07,13,13,"Iowa City, IA",0,0,1,2,US07E08,No,-,images/queens/US07-Q0087.webp,-,28
US07-Q0088,Q0088,US07,14,14,"Tucson, AZ",0,0,0,2,US07E08,No,-,images/queens/US07-Q0088.webp,-,46
US08-Q0089,Q0089,US08,1,9,"New York, NY",3,0,0,1,,No,-,images/queens/US08-Q0089.webp,-,29
US08-Q0090,Q0090,US08,2,7,"Chicago, IL",2,1,2,0,,No,-,images/queens/US08-Q0090.webp,-,27
US08-Q0091,Q0091,US08,2,1,"Redlands, CA",1,4,0,1,,No,-,images/queens/US08-Q0091.webp,-,21
US08-Q0092,Q0092,US08,4,11,"Shreveport, LA",1,1,1,3,,No,-,images/queens/US08-Q0092.webp,-,29
US08-Q0093,Q0093,US08,5,12,"Las Vegas, NV",1,2,2,2,,No,-,images/queens/US08-Q0093.webp,-,32
US08-Q0094,Q0094,US08,6,8,"Brooklyn, NY",0,3,0,1,,No,-,images/queens/US08-Q0094.webp,-,31
US08-Q0095,Q0095,US08,7,6,"Seattle, WA",1,0,2,2,,No,-,images/queens/US08-Q0095.webp,-,33
US08-Q0096,Q0096,US08,8,5,"Brooklyn, NY",0,3,0,1,,No,-,images/queens/US08-Q0096.webp,-,37
US08-Q0097,Q0097,US08,9,4,"Chicago, IL",0,0,0,2,,No,-,images/queens/US08-Q0097.webp,-,31
US08-Q0098,Q0098,US08,10,2,"Austin, TX",0,0,0,1,,Yes,-,images/queens/US08-Q0098.webp,-,34
US08-Q0099,Q0099,US08,11,3,"Savannah, GA",0,0,0,1,,No,-,images/queens/US08-Q0099.webp,-,31
US08-Q0100,Q0100,US08,11,10,"Gloucester, MA",0,0,0,2,,No,-,images/queens/US08-Q0100.webp,-,22
US09-Q0101,Q0101,US09,1,6,"Brooklyn, NY",2,5,1,0,,No,-,images/queens/US09-Q0101.webp,-,29
US09-Q0102,Q0102,US09,2,1,"New York, NY",1,4,1,2,,No,-,images/queens/US09-Q0102.webp,-,37
US09-Q0103,Q0103,US09,3,8,"Chicago, IL",4,3,0,2,,No,-,images/queens/US09-Q0103.webp,-,27
US09-Q0104,Q0104,US09,3,9,"Orlando, FL",3,2,2,2,,No,-,images/queens/US09-Q0104.webp,-,31
US09-Q0105,Q0105,US09,5,7,"New York, NY",1,1,2,2,,No,-,images/queens/US09-Q0105.webp,-,32
US09-Q0106,Q0106,US09,6,12,"Riverdale, GA",1,2,1,3,,No,-,images/queens/US09-Q0106.webp,-,34
US09-Q0107,Q0107,US09,7,2,"Echo Park, CA",1,2,0,1,,Yes,-,images/queens/US09-Q0107.webp,-,25
US09-Q0108,Q0108,US09,8,5,"Las Vegas, NV",0,0,2,2,,No,-,images/queens/US09-Q0108.webp,-,22
US09-Q0109,Q0109,US09,9,13,"Brooklyn, NY",0,0,0,2,,No,-,images/queens/US09-Q0109.webp,-,22
US09-Q0110,Q0098,US09,10,-,"Austin, TX",0,0,0,2,,No,-,images/queens/US09-Q0110.webp,-,35
US09-Q0111,Q0111,US09,11,3,"Johnson City, TN",0,2,0,0,,No,-,images/queens/US09-Q0111.webp,-,25
US09-Q0112,Q0112,US09,12,4,"Boston, MA",0,0,1,1,,No,-,images/queens/US09-Q0112.webp,-,52
US09-Q0113,Q0113,US09,13,10,"Las Vegas, NV",0,0,0,2,,No,-,images/queens/US09-Q0113.webp,-,27
US09-Q0114,Q0114,US09,14,11,"Milwaukee, WI",0,0,0,1,,No,-,images/queens/US09-Q0114.webp,-,26
US10-Q0115,Q0115,US10,1,14,"Brooklyn, NY",3,1,2,0,,No,-,images/queens/US10-Q0115.webp,-,21
US10-Q0111,Q0111,US10,2,1,"Johnson City, TN",2,4,0,2,,No,-,images/queens/US10-Q0111.webp,-,27
US10-Q0116,Q0116,US10,2,7,"Nashville, TN",1,2,1,3,,No,-,images/queens/US10-Q0116.webp,-,31
US10-Q0117,Q0117,US10,4,2,"Dallas, TX",2,3,2,2,,No,-,images/queens/US10-Q0117.webp,-,35
US10-Q0118,Q0118,US10,5,3,"New York, NY",1,3,2,1,,No,-,images/queens/US10-Q0118.webp,-,33
US10-Q0119,Q0119,US10,6,6,"The Bronx, NY",0,4,0,3,,Yes,-,images/queens/US10-Q0119.webp,-,27
US10-Q0120,Q0120,US10,7,12,"Chicago, IL",1,0,1,3,,No,-,images/queens/US10-Q0120.webp,-,26
US10-Q0121,Q0121,US10,8,10,"Kansas City, MO",0,1,1,1,,No,-,images/queens/US10-Q0121.webp,-,31
US10-Q0122,Q0122,US10,9,5,"Indianapolis, IN",0,2,0,1,,No,-,images/queens/US10-Q0122.webp,-,22
US10-Q0123,Q0123,US10,10,8,"Riverside, CA",1,0,0,2,,No,-,images/queens/US10-Q0123.webp,-,35
US10-Q0124,Q0124,US10,11,11,"New York, NY",0,1,1,1,,No,-,images/queens/US10-Q0124.webp,-,29
US10-Q0125,Q0125,US10,12,4,"New York, NY",0,1,0,1,,No,-,images/queens/US10-Q0125.webp,-,27
US10-Q0126,Q0126,US10,13,9,"Albuquerque, NM",0,0,0,2,,No,-,images/queens/US10-Q0126.webp,-,27
US10-Q0127,Q0127,US10,14,13,"Tampa, FL",0,0,0,1,,No,-,images/queens/US10-Q0127.webp,-,25
US11-Q0128,Q0128,US11,1,9,"Denver, CO",1,4,1,1,,No,-,images/queens/US11-Q0128.webp,-,24
US11-Q0129,Q0129,US11,2,11,"Nashville, TN",3,4,1,2,,No,-,images/queens/US11-Q0129.webp,-,32
US11-Q0130,Q0130,US11,3,8,"Dallas, TX",2,3,0,3,,No,-,images/queens/US11-Q0130.webp,-,30
US11-Q0131,Q0131,US11,3,10,"Chicago, IL",2,1,3,2,,No,-,images/queens/US11-Q0131.webp,-,28
US11-Q0127,Q0127,US11,5,1,"Los Angeles, CA",0,3,2,3,,No,-,images/queens/US11-Q0127.webp,-,26
US11-Q0132,Q0132,US11,6,2,"Columbus, OH",2,1,3,1,,Yes,-,images/queens/US11-Q0132.webp,-,39
US11-Q0133,Q0133,US11,7,3,"New York, NY",0,2,1,3,,No,-,images/queens/US11-Q0133.webp,-,40
US11-Q0134,Q0134,US11,8,4,"Dallas, TX",1,4,0,2,,No,-,images/queens/US11-Q0134.webp,-,21
US11-Q0135,Q0135,US11,9,13,"Dallas, TX",0,0,0,4,,No,-,images/queens/US11-Q0135.webp,-,33
US11-Q0136,Q0136,US11,10,6,"Brooklyn, NY",1,0,0,2,,No,-,images/queens/US11-Q0136.webp,-,26
US11-Q0137,Q0137,US11,11,12,"Cherry Hill, NJ",0,0,1,1,,No,-,images/queens/US11-Q0137.webp,-,26
US11-Q0138,Q0138,US11,12,5,"Minneapolis, MN",0,0,1,2,,No,-,images/queens/US11-Q0138.webp,-,30
US11-Q0139,Q0139,US11,13,7,"New York, NY",0,0,0,1,,No,-,images/queens/US11-Q0139.webp,-,32
US11-Q0140,Q0140,US11,14,14,"Las Vegas, NV",0,0,0,2,,No,-,images/queens/US11-Q0140.webp,-,25
US11-Q0141,Q0141,US11,15,15,"Los Angeles, CA",0,0,0,1,,No,-,images/queens/US11-Q0141.webp,-,27
US12-Q0142,Q0142,US12,2,7,"Springfield, MO",1,4,2,1,,No,-,images/queens/US12-Q0142.webp,7000,28
US12-Q0143,Q0143,US12,2,6,"Los Angeles, CA",4,2,2,0,,No,-,images/queens/US12-Q0143.webp,25500,21
US12-Q0144,Q0144,US12,1,12,"Milwaukee, WI",3,3,0,1,,No,-,images/queens/US12-Q0144.webp,117000,32
US12-Q0145,Q0145,US12,-,10,"New York, NY",2,3,2,0,US12E13,No,-,images/queens/US12-Q0145.webp,10000,27
US12-Q0146,Q0146,US12,5,4,"New York, NY",0,6,1,3,,No,-,images/queens/US12-Q0146.webp,5500,34
US12-Q0147,Q0147,US12,6,5,"Ramseur, NC",1,2,1,4,,Yes,-,images/queens/US12-Q0147.webp,17000,24
US12-Q0148,Q0148,US12,7,3,"Kansas City, MO",1,1,0,2,,No,-,images/queens/US12-Q0148.webp,7000,30
US12-Q0149,Q0149,US12,8,11,"New York, NY",0,3,0,1,,No,-,images/queens/US12-Q0149.webp,2000,26
US12-Q0150,Q0150,US12,9,1,"New York, NY",0,1,1,3,,No,-,images/queens/US12-Q0150.webp,2000,34
US12-Q0151,Q0151,US12,10,13,"Acworth, GA",0,2,1,1,,No,-,images/queens/US12-Q0151.webp,2000,29
US12-Q0152,Q0152,US12,11,2,"New York, NY",0,1,1,2,,No,-,images/queens/US12-Q0152.webp,2000,28
US12-Q0153,Q0153,US12,12,8,"San Francisco, CA",0,0,1,1,,No,-,images/queens/US12-Q0153.webp,2000,28
US12-Q0154,Q0154,US12,13,9,"Los Angeles, CA",0,0,1,1,,No,-,images/queens/US12-Q0154.webp,2000,28
US13-Q0155,Q0155,US13,1,5,"Los Angeles, CA",5,2,0,2,,No,-,images/queens/US13-Q0155.webp,120000,25
US13-Q0156,Q0156,US13,2,1,"New York, NY",2,4,1,3,,No,-,images/queens/US13-Q0156.webp,5000,25
US13-Q0157,Q0157,US13,3,7,"Los Angeles, CA",3,4,2,1,,No,-,images/queens/US13-Q0157.webp,10000,23
US13-Q0158,Q0158,US13,3,9,"New York, NY",3,5,2,1,,No,-,images/queens/US13-Q0158.webp,15000,31
US13-Q0159,Q0159,US13,5,10,"New York, NY",3,1,3,2,,No,-,images/queens/US13-Q0159.webp,12000,26
US13-Q0160,Q0160,US13,6,8,"Utica, MN",1,2,3,3,,No,-,images/queens/US13-Q0160.webp,7000,25
US13-Q0161,Q0161,US13,7,11,"New York, NY",1,2,2,1,,No,-,images/queens/US13-Q0161.webp,4500,40
US13-Q0162,Q0162,US13,8,3,"Chicago, IL",1,2,1,2,,No,-,images/queens/US13-Q0162.webp,7000,28
US13-Q0163,Q0163,US13,9,13,"Las Vegas, NV",0,2,1,2,,No,-,images/queens/US13-Q0163.webp,2000,26
US13-Q0164,Q0164,US13,10,4,"Atlanta, GA",1,1,1,2,,Yes,-,images/queens/US13-Q0164.webp,12000,30
US13-Q0165,Q0165,US13,11,6,"Atlanta, GA",0,1,2,1,,No,-,images/queens/US13-Q0165.webp,2000,49
US13-Q0166,Q0166,US13,12,2,"Phoenix, AZ",0,0,2,1,,No,-,images/queens/US13-Q0166.webp,2000,30
US13-Q0167,Q0167,US13,13,12,"Chicago, IL",0,0,2,1,,No,-,images/queens/US13-Q0167.webp,2000,28
US14-Q0168,Q0168,US14,1,4,"Denver, CO",1,5,0,2,,No,-,images/queens/US14-Q0168.webp,159500,26
US14-Q0169,Q0169,US14,2,13,"Sacramento, CA",3,4,1,1,,No,-,images/queens/US14-Q0169.webp,67000,31
US14-Q0170,Q0170,US14,3,12,"Atlanta, GA",2,4,0,3,,No,-,images/queens/US14-Q0170.webp,14500,27
US14-Q0171,Q0171,US14,3,2,"Seattle, WA",3,2,1,2,US14E16,No,-,images/queens/US14-Q0171.webp,22000,28
US14-Q0172,Q0172,US14,3,14,"Springfield, MO",1,3,1,4,US14E16,No,-,images/queens/US14-Q0172.webp,7000,25
US14-Q0173,Q0173,US14,6,9,"Fresno, CA",1,3,2,2,,No,-,images/queens/US14-Q0173.webp,7000,31
US14-Q0174,Q0174,US14,6,8,"Nashville, TN",1,3,0,5,,No,-,images/queens/US14-Q0174.webp,7000,21
US14-Q0175,Q0175,US14,8,10,"New York City, NY",0,1,1,5,,No,-,images/queens/US14-Q0175.webp,2000,22
US14-Q0176,Q0176,US14,9,5,"Los Angeles, CA",0,0,0,2,,No,-,images/queens/US14-Q0176.webp,4500,24
US14-Q0177,Q0177,US14,10,11,"Fayetteville, AR",0,0,1,2,,No,-,images/queens/US14-Q0177.webp,2000,26
US14-Q0178,Q0178,US14,11,7,"Grand Rapids, MI",0,0,0,2,,No,-,images/queens/US14-Q0178.webp,2000,25
US14-Q0179,Q0179,US14,12,3,"Los Angeles, CA",1,0,1,0,,No,-,images/queens/US14-Q0179.webp,15000,29
US14-Q0180,Q0180,US14,13,1,"Cataño, PR",0,0,1,1,,No,-,images/queens/US14-Q0180.webp,2000,26
US14-Q0181,Q0181,US14,14,6,"Los Angeles, CA",0,0,0,2,,No,-,images/queens/US14-Q0181.webp,2000,29
US15-Q0182,Q0182,US15,1,8,"Los Angeles, CA",4,4,1,0,16,No,-,images/queens/US15-Q0182.webp,-,37
US15-Q0183,Q0183,US15,2,5,"Las Vegas, NV",3,2,1,2,16,No,-,images/queens/US15-Q0183.webp,-,24
US15-Q0184,Q0184,US15,3,2,"East Orange, NJ",2,4,0,2,16,No,-,images/queens/US15-Q0184.webp,-,22
US15-Q0185,Q0185,US15,4,13,"Houston, TX",1,6,1,2,16,No,-,images/queens/US15-Q0185.webp,-,24
US15-Q0186,Q0186,US15,5,6,"Miami, FL",0,2,0,1,10,Yes,-,images/queens/US15-Q0186.webp,-,32
US15-Q0187,Q0187,US15,6,9,"Los Angeles, CA",0,1,0,4,12,No,-,images/queens/US15-Q0187.webp,-,31
US15-Q0188,Q0188,US15,7,4,"New York, NY",0,3,0,1,11,No,-,images/queens/US15-Q0188.webp,-,25
US15-Q0189,Q0189,US15,8,12,"Ansonia, CT",2,2,2,2,13,No,-,images/queens/US15-Q0189.webp,-,32
US15-Q0190,Q0190,US15,9,16,"Los Angeles, CA",0,0,1,2,9,No,-,images/queens/US15-Q0190.webp,-,23
US15-Q0191,Q0191,US15,10,16,"Los Angeles, CA",0,0,0,1,4,No,-,images/queens/US15-Q0191.webp,-,23
US15-Q0192,Q0192,US15,11,11,"Queens, NY",0,1,2,3,8,No,-,images/queens/US15-Q0192.webp,-,25
US15-Q0193,Q0193,US15,12,3,"Nashville, TN",1,0,1,1,7,No,-,images/queens/US15-Q0193.webp,-,30
US15-Q0194,Q0194,US15,13,14,"Hartford, CT",0,1,0,1,6,No,-,images/queens/US15-Q0194.webp,-,26
US15-Q0195,Q0195,US15,14,10,"West Hartford, CT",0,0,0,3,5,No,-,images/queens/US15-Q0195.webp,-,27
US15-Q0196,Q0196,US15,15,7,"San Francisco, CA",0,0,0,1,3,No,-,images/queens/US15-Q0196.webp,-,26
US15-Q0197,Q0197,US15,16,1,"Seattle, WA",0,0,0,1,2,No,-,images/queens/US15-Q0197.webp,-,29
US16-Q0198,Q0198,US16,1,14,"Brooklyn, NY",3,3,2,0,16,No,-,images/queens/US16-Q0198.webp,218950,27
US16-Q0199,Q0199,US16,2,5,"Philadelphia, PA",4,5,0,1,16,Yes,-,images/queens/US16-Q0199.webp,62400,34
US16-Q0200,Q0200,US16,3,11,"Boston, MA",4,4,1,2,16,No,-,images/queens/US16-Q0200.webp,45100,24
US16-Q0201,Q0201,US16,4,1,"Kansas City, MO",2,5,2,2,14,No,-,images/queens/US16-Q0201.webp,12700,26
US16-Q0202,Q0202,US16,5,4,"Miami, FL",0,0,2,4,13,No,-,images/queens/US16-Q0202.webp,52700,25
US16-Q0203,Q0203,US16,6,7,"Brooklyn, NY",0,3,1,1,12,No,-,images/queens/US16-Q0203.webp,2700,24
US16-Q0204,Q0204,US16,7,13,"Miami, FL",1,2,2,4,11,No,-,images/queens/US16-Q0204.webp,4050,34
US16-Q0205,Q0205,US16,8,9,"New York, NY",2,0,1,1,9,No,-,images/queens/US16-Q0205.webp,12000,24
US16-Q0206,Q0206,US16,9,2,"New York, NY",0,0,0,1,8,No,-,images/queens/US16-Q0206.webp,14500,33
US16-Q0207,Q0207,US16,10,12,"Brooklyn, NY",1,0,0,1,7,No,-,images/queens/US16-Q0207.webp,3250,33
US16-Q0208,Q0208,US16,11,10,"Brownsville, TX",1,0,0,3,6,No,-,images/queens/US16-Q0208.webp,3250,30
US16-Q0209,Q0209,US16,12,3,"Los Angeles, CA",0,0,0,1,5,No,-,images/queens/US16-Q0209.webp,2000,26
US16-Q0210,Q0210,US16,13,6,"Las Vegas, NV",0,0,0,1,4,No,-,images/queens/US16-Q0210.webp,2000,26
US16-Q0211,Q0211,US16,14,8,"Los Angeles, CA",0,0,0,1,3,No,-,images/queens/US16-Q0211.webp,2000,31
US17-Q0212,Q0212,US17,1,9,"Cleveland, OH",4,4,1,1,16,No,-,images/queens/US17-Q0212.webp,222500,31
US17-Q0213,Q0213,US17,2,6,"Tampa, FL",2,2,1,2,16,No,-,images/queens/US17-Q0213.webp,36320,22
US17-Q0214,Q0214,US17,3,8,"Leeds, AL",3,4,1,3,16,No,-,images/queens/US17-Q0214.webp,25850,24
US17-Q0215,Q0215,US17,3,1,"Louisville, KY",2,4,2,1,16,No,-,images/queens/US17-Q0215.webp,18200,33
US17-Q0216,Q0216,US17,5,10,"Fort Lauderdale, FL",3,4,0,1,14,No,-,images/queens/US17-Q0216.webp,65220,24
US17-Q0217,Q0217,US17,6,7,"New York, NY",0,1,0,4,12,No,-,images/queens/US17-Q0217.webp,4900,22
US17-Q0218,Q0218,US17,7,4,"Pittsburgh, PA",1,0,0,3,11,No,-,images/queens/US17-Q0218.webp,7780,23
US17-Q0219,Q0219,US17,9,3,"Boston, MA",0,0,1,3,9,No,-,images/queens/US17-Q0219.webp,2260,25
US17-Q0220,Q0220,US17,11,12,"Asbury Park, NJ",0,2,0,1,7,Yes,-,images/queens/US17-Q0220.webp,12200,26
US17-Q0221,Q0221,US17,8,5,"Seattle, WA",1,2,2,2,10,No,-,images/queens/US17-Q0221.webp,7420,27
US17-Q0222,Q0222,US17,14,14,"Miami, FL",0,0,0,1,3,No,-,images/queens/US17-Q0222.webp,2180,28
US17-Q0223,Q0223,US17,13,2,"Los Angeles, CA",0,0,0,2,4,No,-,images/queens/US17-Q0223.webp,2300,24
US17-Q0224,Q0224,US17,12,11,"Chattanooga, TN",0,1,0,2,6,No,-,images/queens/US17-Q0224.webp,2180,30
US17-Q0225,Q0225,US17,10,13,"Los Angeles, CA",0,0,1,2,8,No,-,images/queens/US17-Q0225.webp,2760,27
US18-Q0226,Q0226,US18,1,14,"Orlando, FL",4,4,0,1,16,No,-,images/queens/US18-Q0226.webp,224500,29
US18-Q0227,Q0227,US18,2,3,"Denver, CO",2,1,1,3,16,No,-,images/queens/US18-Q0227.webp,37000,29
US18-Q0228,Q0228,US18,3,13,"Los Angeles, CA",2,4,1,1,16,No,-,images/queens/US18-Q0228.webp,19500,34
US18-Q0229,Q0229,US18,4,8,"Miami, FL",2,3,2,4,14,No,-,images/queens/US18-Q0229.webp,59500,24
US18-Q0230,Q0230,US18,5,4,"Seattle, WA",3,6,1,1,13,Yes,-,images/queens/US18-Q0230.webp,25000,32
US18-Q0231,Q0231,US18,6,5,"St. Petersburg, FL",0,1,3,1,12,No,-,images/queens/US18-Q0231.webp,5750,34
US18-Q0232,Q0232,US18,7,2,"Sumter, SC",0,1,0,4,11,No,-,images/queens/US18-Q0232.webp,5750,27
US18-Q0233,Q0233,US18,8,1,"Miami, FL",1,0,1,1,9,No,-,images/queens/US18-Q0233.webp,7000,38
US18-Q0234,Q0234,US18,9,6,"West Palm Beach, FL",1,1,1,1,8,No,-,images/queens/US18-Q0234.webp,4500,39
US18-Q0235,Q0235,US18,10,9,"Montgomery, AL",1,0,1,1,7,No,-,images/queens/US18-Q0235.webp,7000,38
US18-Q0236,Q0236,US18,11,12,"Indianapolis, IN",0,1,0,2,6,No,-,images/queens/US18-Q0236.webp,2000,31
US18-Q0237,Q0237,US18,12,10,"Boston, MA",0,0,0,2,4,No,-,images/queens/US18-Q0237.webp,2000,25
US18-Q0238,Q0238,US18,13,11,"Philadelphia, PA",0,0,0,3,3,No,-,images/queens/US18-Q0238.webp,2000,29
US18-Q0239,Q0239,US18,14,7,"New York, NY",0,0,0,1,2,No,-,images/queens/US18-Q0239.webp,2000,37
AS05-Q0103,Q0103,AS05,1,1,"Chicago, Illinois",2,0,0,3,,No,-,images/queens/AS05-Q0103.webp,130000,30
AS05-Q0012,Q0012,AS05,2,7,"Boston, Massachusetts",1,2,0,3,,No,-,images/queens/AS05-Q0012.webp,0,34
AS05-Q0118,Q0118,AS05,2,2,"New York City, New York",3,1,0,1,,No,-,images/queens/AS05-Q0118.webp,40000,35
AS05-Q0122,Q0122,AS05,4,4,"Washington, D.C.",0,2,0,3,AS05E07,No,-,images/queens/AS05-Q0122.webp,0,24
AS05-Q0024,Q0024,AS05,5,3,"Las Vegas, Nevada",0,2,0,2,AS05E06,No,-,images/queens/AS05-Q0024.webp,0,39
AS05-Q0030,Q0030,AS05,6,6,"Las Vegas, Nevada",1,0,0,4,AS05E05,No,-,images/queens/AS05-Q0030.webp,0,33
AS05-Q0123,Q0123,AS05,7,9,"Riverside, California",0,1,0,2,AS05E04,No,-,images/queens/AS05-Q0123.webp,0,37
AS05-Q0029,Q0029,AS05,8,5,"Los Angeles, California",0,0,0,2,AS05E03,No,Mariah Paris Balenciaga,images/queens/AS05-Q0029.webp,0,37
AS05-Q0005,Q0005,AS05,9,10,"Los Angeles, California",0,0,1,1,AS05E02,No,-,images/queens/AS05-Q0005.webp,0,37
AS05-Q0093,Q0093,AS05,10,8,"Las Vegas, Nevada",0,0,0,1,AS05E01,No,-,images/queens/AS05-Q0093.webp,0,35
AS01-Q0035,Q0035,AS01,1,7,"San Diego, California",3,1,0,1,,No,-,images/queens/AS01-Q0035.webp,-,41
AS01-Q0011,Q0011,AS01,2,5,"Riverside, California",0,1,1,3,,No,-,images/queens/AS01-Q0011.webp,-,33
AS01-Q0012,Q0012,AS01,3,11,"Boston, Massachusetts",0,1,1,4,AS01E06,No,-,images/queens/AS01-Q0012.webp,-,28
AS01-Q0004,Q0004,AS01,3,4,"Long Beach, California",3,1,0,2,AS01E06,No,-,images/queens/AS01-Q0004.webp,-,32
AS01-Q0024,Q0024,AS01,5,6,"Tampa, Florida",1,0,2,1,AS01E04,No,-,images/queens/AS01-Q0024.webp,-,32
AS01-Q0025,Q0025,AS01,5,3,"Las Vegas, Nevada",1,0,2,1,AS01E04,No,-,images/queens/AS01-Q0025.webp,-,28
AS01-Q0037,Q0037,AS01,7,2,"Miami Beach, Florida",1,0,0,2,AS01E03,No,-,images/queens/AS01-Q0037.webp,-,40
AS01-Q0023,Q0023,AS01,7,8,"New York City, New York",1,0,0,2,AS01E03,No,-,images/queens/AS01-Q0023.webp,-,30
AS01-Q0002,Q0002,AS01,9,10,"Denver, Colorado",0,0,0,1,AS01E02,No,-,images/queens/AS01-Q0002.webp,-,38
AS01-Q0008,Q0008,AS01,9,12,"Long Beach, California",0,0,0,1,AS01E02,No,-,images/queens/AS01-Q0008.webp,-,31
AS01-Q0031,Q0031,AS01,11,9,"New York City, New York",0,0,0,1,AS01E01,No,-,images/queens/AS01-Q0031.webp,-,29
AS01-Q0014,Q0014,AS01,11,1,"Los Angeles, California",0,0,0,1,AS01E01,No,-,images/queens/AS01-Q0014.webp,-,39
AS02-Q0048,Q0048,AS02,1,8,"Los Angeles, California",4,1,0,1,,No,-,images/queens/AS02-Q0048.webp,-,30
AS02-Q0050,Q0050,AS02,2,2,"Los Angeles, California",3,0,0,1,,No,-,images/queens/AS02-Q0050.webp,-,30
AS02-Q0079,Q0079,AS02,2,1,"Boston, Massachusetts",3,0,0,2,,No,-,images/queens/AS02-Q0079.webp,-,33
AS02-Q0049,Q0049,AS02,4,6,"Orlando, Florida",1,0,0,6,AS02E08,No,-,images/queens/AS02-Q0049.webp,-,31
AS02-Q0052,Q0052,AS02,5,14,"Dallas, Texas",2,1,0,2,AS02E07,No,-,images/queens/AS02-Q0052.webp,-,35
AS02-Q0013,Q0013,AS02,6,12,"Washington, D.C.",2,0,0,2,AS02E06,No,-,images/queens/AS02-Q0013.webp,-,27
AS02-Q0036,Q0036,AS02,7,4,"New York City, New York",1,1,0,2,AS02E05,No,-,images/queens/AS02-Q0036.webp,-,29
AS02-Q0076,Q0076,AS02,8,13,"Orlando, Florida",0,1,0,2,AS02E05,No,-,images/queens/AS02-Q0076.webp,-,31
AS02-Q0062,Q0062,AS02,9,10,"Azusa, California",0,0,0,1,,No,-,images/queens/AS02-Q0062.webp,-,25
AS02-Q0051,Q0051,AS02,10,11,"Las Vegas, Nevada",0,0,0,2,AS02E05,No,-,images/queens/AS02-Q0051.webp,-,41
AS03-Q0080,Q0080,AS03,1,1,"Los Angeles, California",2,1,0,2,,No,-,images/queens/AS03-Q0080.webp,-,28
AS03-Q0078,Q0078,AS03,2,8,"Dallas, Texas",1,0,0,4,,No,-,images/queens/AS03-Q0078.webp,-,35
AS03-Q0001,Q0001,AS03,3,10,"Minneapolis, Minnesota",2,1,0,2,AS03E08,No,-,images/queens/AS03-Q0001.webp,-,36
AS03-Q0021,Q0021,AS03,3,9,"Los Angeles, California",3,1,0,3,AS03E08,No,-,images/queens/AS03-Q0021.webp,-,35
AS03-Q0017,Q0017,AS03,5,5,"Los Angeles, California",0,0,0,2,AS03E07,No,-,images/queens/AS03-Q0017.webp,-,36
AS03-Q0065,Q0065,AS03,6,7,"Seattle, Washington",5,0,0,0,,No,-,images/queens/AS03-Q0065.webp,-,35
AS03-Q0109,Q0109,AS03,7,6,"New York City, New York",1,1,0,3,AS03E06,No,-,images/queens/AS03-Q0109.webp,-,23
AS03-Q0092,Q0092,AS03,8,3,"Shreveport, Louisiana",0,0,1,4,AS03E06,No,-,images/queens/AS03-Q0092.webp,-,32
AS03-Q0069,Q0069,AS03,9,2,"New York City, New York",0,0,0,2,AS03E06,No,-,images/queens/AS03-Q0069.webp,-,29
AS03-Q0094,Q0094,AS03,10,4,"New York City, New York",0,1,0,2,AS03E06,No,-,images/queens/AS03-Q0094.webp,-,33
AS04-Q0119,Q0119,AS04,1,4,"New York City, New York",3,1,1,2,,No,-,images/queens/AS04-Q0119.webp,-,28
AS04-Q0104,Q0104,AS04,1,2,"Orlando, Florida",4,1,1,1,,No,Trinity The Tuck,images/queens/AS04-Q0104.webp,-,33
AS04-Q0121,Q0121,AS04,3,1,"Kansas City, Missouri",3,1,0,3,AS04E10,No,-,images/queens/AS04-Q0121.webp,-,32
AS04-Q0091,Q0091,AS04,3,3,"Redlands, California",1,3,0,4,AS04E10,No,-,images/queens/AS04-Q0091.webp,-,24
AS04-Q0037,Q0037,AS04,5,9,"Miami Beach, Florida",1,0,1,3,AS04E09,No,-,images/queens/AS04-Q0037.webp,-,46
AS04-Q0023,Q0023,AS04,6,9,"Los Angeles, California",3,1,1,1,AS04E08,No,-,images/queens/AS04-Q0023.webp,-,36
AS04-Q0107,Q0107,AS04,7,8,"Los Angeles, California",1,1,0,3,AS04E07,No,-,images/queens/AS04-Q0107.webp,-,27
AS04-Q0070,Q0070,AS04,8,5,"Los Angeles, California",0,0,0,2,AS04E06,No,-,images/queens/AS04-Q0070.webp,-,28
AS04-Q0108,Q0108,AS04,9,6,"Los Angeles, California",0,0,0,3,AS04E06,No,-,images/queens/AS04-Q0108.webp,-,24
AS04-Q0086,Q0086,AS04,10,7,"Los Angeles, California",0,0,0,2,AS04E06,No,-,images/queens/AS04-Q0086.webp,-,41
AS06-Q0018,Q0018,AS06,1,11,"Los Angeles, California",1,3,0,3,,No,Kylie Sonique Love,images/queens/AS06-Q0018.webp,111000,37
AS06-Q0111,Q0111,AS06,2,13,"Los Angeles, California",1,5,1,1,AS06E09,No,Eureka!,images/queens/AS06-Q0111.webp,25000,30
AS06-Q0076,Q0076,AS06,2,5,"Orlando, Florida",2,1,1,3,,No,-,images/queens/AS06-Q0076.webp,61000,35
AS06-Q0135,Q0135,AS06,2,4,"Dallas, Texas",2,3,0,2,,No,-,images/queens/AS06-Q0135.webp,30000,34
AS06-Q0067,Q0067,AS06,5,12,"Atlanta, Georgia",2,2,0,4,AS06E11,No,-,images/queens/AS06-Q0067.webp,10000,29
AS06-Q0014,Q0014,AS06,6,8,"Los Angeles, California",0,2,0,2,AS06E08,No,-,images/queens/AS06-Q0014.webp,0,48
AS06-Q0149,Q0149,AS06,7,3,"New York City, New York",1,1,0,3,AS06E07,No,-,images/queens/AS06-Q0149.webp,5000,27
AS06-Q0130,Q0130,AS06,8,1,"Dallas, Texas",0,1,1,3,AS06E06,No,-,images/queens/AS06-Q0130.webp,0,32
AS06-Q0136,Q0136,AS06,9,9,"New York City, New York",0,0,0,1,AS06E05,No,-,images/queens/AS06-Q0136.webp,0,28
AS06-Q0025,Q0025,AS06,10,6,"Las Vegas, Nevada",1,1,0,2,AS06E04,No,-,images/queens/AS06-Q0025.webp,5000,36
AS06-Q0131,Q0131,AS06,11,7,"Los Angeles, California",5,0,1,1,AS06E03,No,-,images/queens/AS06-Q0131.webp,0,29
AS06-Q0041,Q0041,AS06,12,2,"New York City, New York",1,0,0,1,AS06E02,No,-,images/queens/AS06-Q0041.webp,0,39
AS06-Q0059,Q0059,AS06,13,10,"Fort Lauderdale, Florida",0,0,0,1,AS06E01,No,Serena ChaCha,images/queens/AS06-Q0059.webp,0,29
AS07-Q0047,Q0047,AS07,1,6,"Portland, Oregon",5,0,0,0,,No,-,images/queens/AS07-Q0047.webp,-,33
AS07-Q0119,Q0119,AS07,2,5,New York City,3,4,0,0,,No,-,images/queens/AS07-Q0119.webp,-,31
AS07-Q0104,Q0104,AS07,3,4,"Orlando, Florida",4,2,0,1,,No,Trinity The Tuck,images/queens/AS07-Q0104.webp,-,35
AS07-Q0103,Q0103,AS07,3,1,"Chicago, Illinois",2,5,0,1,,No,-,images/queens/AS07-Q0103.webp,-,32
AS07-Q0022,Q0022,AS07,5,7,"Los Angeles, California",2,4,0,0,,No,-,images/queens/AS07-Q0022.webp,-,47
AS07-Q0128,Q0128,AS07,5,3,"Denver, Colorado",1,4,0,0,,No,-,images/queens/AS07-Q0128.webp,-,27
AS07-Q0144,Q0144,AS07,5,2,"Milwaukee, Wisconsin",2,1,0,0,,No,-,images/queens/AS07-Q0144.webp,-,34
AS07-Q0240,Q0240,AS07,5,8,"Liverpool, United Kingdom",3,2,0,0,,No,-,images/queens/AS07-Q0240.webp,-,29
AS08-Q0241,Q0241,AS08,1,11,"Victoria, Canada",4,3,0,1,,No,-,images/queens/AS08-Q0241.webp,-,39
AS08-Q0156,Q0156,AS08,2,5,"New York City, New York",2,2,0,2,,No,-,images/queens/AS08-Q0156.webp,-,27
AS08-Q0015,Q0015,AS08,3,10,"Boston, Massachusetts",1,4,0,3,AS08E10,No,-,images/queens/AS08-Q0015.webp,-,42
AS08-Q0105,Q0105,AS08,4,9,"New York City, New York",1,2,0,3,AS08E09,No,-,images/queens/AS08-Q0105.webp,-,38
AS08-Q0164,Q0164,AS08,5,12,"Atlanta, Georgia",2,3,0,1,AS08E08,No,-,images/queens/AS08-Q0164.webp,-,31
AS08-Q0140,Q0140,AS08,6,4,"Las Vegas, Nevada",1,0,0,4,AS08E07,No,-,images/queens/AS08-Q0140.webp,-,28
AS08-Q0114,Q0114,AS08,7,8,"Las Vegas, Nevada",1,3,0,2,AS08E06,No,-,images/queens/AS08-Q0114.webp,-,32
AS08-Q0147,Q0147,AS08,8,1,"Los Angeles, California",0,1,0,0,,No,-,images/queens/AS08-Q0147.webp,-,27
AS08-Q0064,Q0064,AS08,9,6,"Rochester, New York",0,0,0,3,AS08E04,No,-,images/queens/AS08-Q0064.webp,-,50
AS08-Q0085,Q0085,AS08,10,2,"Rochester, New York",0,0,0,1,AS08E03,No,-,images/queens/AS08-Q0085.webp,-,51
AS08-Q0097,Q0097,AS08,11,3,"Los Angeles, California",0,0,0,1,AS08E02,No,-,images/queens/AS08-Q0097.webp,-,37
AS08-Q0058,Q0058,AS08,12,7,"Chicago, Illinois",0,0,0,1,AS08E01,No,-,images/queens/AS08-Q0058.webp,-,37
AS09-Q0170,Q0170,AS09,1,4,"Atlanta, Georgia",3,4,0,0,,No,Angeria Paris VanMicheals,images/queens/AS09-Q0170.webp,-,29
AS09-Q0049,Q0049,AS09,2,2,"Orlando, Florida",4,2,0,0,,No,-,images/queens/AS09-Q0049.webp,-,40
AS09-Q0127,Q0127,AS09,2,3,"Los Angeles, California",1,5,0,0,,No,Vanessa Vanjie,images/queens/AS09-Q0127.webp,-,31
AS09-Q0157,Q0157,AS09,4,1,"Los Angeles, California",2,3,0,0,,No,-,images/queens/AS09-Q0157.webp,-,26
AS09-Q0174,Q0174,AS09,4,7,"Los Angeles, California",2,2,0,0,,No,-,images/queens/AS09-Q0174.webp,-,23
AS09-Q0132,Q0132,AS09,4,5,"Columbus, Ohio",2,4,0,0,,No,-,images/queens/AS09-Q0132.webp,-,45
AS09-Q0134,Q0134,AS09,4,6,"Dallas, Texas",4,3,0,0,,No,-,images/queens/AS09-Q0134.webp,-,26
AS09-Q0004,Q0004,AS09,4,8,"Las Vegas, Nevada",2,5,0,0,,No,-,images/queens/AS09-Q0004.webp,-,44
AS10-Q0076,Q0076,AS10,1,18,"Orlando, Florida",4,1,0,0,,No,-,images/queens/AS10-Q0076.webp,230000,39
AS10-Q0174,Q0174,AS10,2,12,"Los Angeles, California",2,2,0,0,,No,-,images/queens/AS10-Q0174.webp,40000,24
AS10-Q0171,Q0171,AS10,3,6,"Seattle, Washington",3,1,0,1,,No,-,images/queens/AS10-Q0171.webp,20000,31
AS10-Q0218,Q0218,AS10,3,11,"Pittsburgh, Pennsylvania",2,0,1,2,,No,-,images/queens/AS10-Q0218.webp,10000,23
AS10-Q0109,Q0109,AS10,5,1,"New York City, New York",1,0,1,1,,No,-,images/queens/AS10-Q0109.webp,10000,30
AS10-Q0172,Q0172,AS10,5,17,"Chicago, Illinois",2,0,0,1,,No,-,images/queens/AS10-Q0172.webp,10000,28
AS10-Q0197,Q0197,AS10,5,3,"Seattle, Washington",3,0,0,1,,No,Irene the Alien,images/queens/AS10-Q0197.webp,12500,30
AS10-Q0176,Q0176,AS10,5,8,"Los Angeles, California",0,0,0,1,,No,-,images/queens/AS10-Q0176.webp,0,27
AS10-Q0185,Q0185,AS10,9,10,"Houston, Texas",1,1,0,2,AS10E11,No,-,images/queens/AS10-Q0185.webp,5000,25
AS10-Q0098,Q0098,AS10,10,16,"Austin, Texas",0,0,0,1,AS10E10,No,-,images/queens/AS10-Q0098.webp,0,43
AS10-Q0096,Q0096,AS10,11,14,"New York City, New York",0,1,0,0,,No,-,images/queens/AS10-Q0096.webp,0,46
AS10-Q0180,Q0180,AS10,11,15,"Los Angeles, California",0,0,0,0,,No,-,images/queens/AS10-Q0180.webp,0,31
AS10-Q0162,Q0162,AS10,11,13,"Chicago, Illinois",1,0,0,0,,No,-,images/queens/AS10-Q0162.webp,1000,32
AS10-Q0020,Q0020,AS10,11,9,"Atlanta, Georgia",0,1,0,0,,No,-,images/queens/AS10-Q0020.webp,0,50
AS10-Q0161,Q0161,AS10,11,7,"New York City, New York",1,0,0,0,,No,-,images/queens/AS10-Q0161.webp,0,43
AS10-Q0173,Q0173,AS10,11,2,"Las Vegas, Nevada",0,1,0,0,,No,-,images/queens/AS10-Q0173.webp,0,34
AS10-Q0159,Q0159,AS10,11,5,"New York City, New York",0,0,0,0,,No,-,images/queens/AS10-Q0159.webp,0,31
AS10-Q0032,Q0032,AS10,11,4,"Atlanta, Georgia",0,0,0,0,,No,-,images/queens/AS10-Q0032.webp,0,43
AS11-Q0071,Q0071,AS11,11,10,"Los Angeles, California",0,0,0,0,,No,-,images/queens/AS11-Q0071.webp,0,37
AS11-Q0193,Q0193,AS11,11,11,"Chicago, Illinois",1,0,0,0,,No,-,images/queens/AS11-Q0193.webp,0,35
AS11-Q0187,Q0187,AS11,11,8,"Los Angeles, California",1,1,0,0,,No,-,images/queens/AS11-Q0187.webp,10000,35
AS11-Q0072,Q0072,AS11,11,9,"New York City, New York",1,0,0,0,,No,-,images/queens/AS11-Q0072.webp,0,52
AS11-Q0222,Q0222,AS11,11,2,"Miami, Florida",0,1,0,0,,No,-,images/queens/AS11-Q0222.webp,500,28
AS11-Q0017,Q0017,AS11,11,4,"Los Angeles, California",2,0,0,0,,No,-,images/queens/AS11-Q0017.webp,10500,44
AS11-Q0202,Q0202,AS11,11,1,"Miami, Florida",0,1,0,0,,No,-,images/queens/AS11-Q0202.webp,500,29
AS11-Q0019,Q0019,AS11,11,3,"Fort Worth, Texas",0,0,0,0,,No,Mystique Summers,images/queens/AS11-Q0019.webp,500,42
CA01-Q0242,Q0242,CA01,1,1,"Toronto, Ontario",2,1,0,2,,No,-,images/queens/CA01-Q0242.webp,-,28
CA01-Q0243,Q0243,CA01,2,10,"Montreal, Quebec",3,1,0,2,,No,-,images/queens/CA01-Q0243.webp,-,32
CA01-Q0244,Q0244,CA01,2,7,"Toronto, Ontario",1,5,0,0,,No,-,images/queens/CA01-Q0244.webp,-,29
CA01-Q0241,Q0241,CA01,4,11,"Victoria, British Columbia",1,3,2,1,CA01E09,No,-,images/queens/CA01-Q0241.webp,-,36
CA01-Q0245,Q0245,CA01,5,6,"New York City, United States",2,1,1,2,CA01E08,No,-,images/queens/CA01-Q0245.webp,-,23
CA01-Q0246,Q0246,CA01,6,2,"Vancouver, British Columbia",0,0,1,3,CA01E07,No,-,images/queens/CA01-Q0246.webp,-,24
CA01-Q0247,Q0247,CA01,7,9,"Windsor, Ontario",0,2,3,1,CA01E06,No,-,images/queens/CA01-Q0247.webp,-,24
CA01-Q0248,Q0248,CA01,8,3,"Montreal, Quebec",0,2,1,1,CA01E05,No,-,images/queens/CA01-Q0248.webp,-,22
CA01-Q0249,Q0249,CA01,9,12,"Toronto, Ontario",0,0,0,3,CA01E04,No,-,images/queens/CA01-Q0249.webp,-,37
CA01-Q0250,Q0250,CA01,10,5,"East York, Ontario",0,0,0,1,CA01E03,No,-,images/queens/CA01-Q0250.webp,-,37
CA01-Q0251,Q0251,CA01,11,8,"Kitchener-Waterloo, Ontario",0,0,1,1,CA01E02,No,-,images/queens/CA01-Q0251.webp,-,21
CA01-Q0252,Q0252,CA01,12,4,"Essex, Ontario",0,0,0,1,CA01E01,No,-,images/queens/CA01-Q0252.webp,-,31
CA02-Q0253,Q0253,CA02,1,8,"Ottawa, Ontario",2,3,0,2,,No,-,images/queens/CA02-Q0253.webp,-,34
CA02-Q0254,Q0254,CA02,2,11,"Vancouver, British Columbia",1,2,3,1,,No,-,images/queens/CA02-Q0254.webp,-,30
CA02-Q0255,Q0255,CA02,2,3,"Montreal, Quebec",2,4,1,0,,No,-,images/queens/CA02-Q0255.webp,-,26
CA02-Q0256,Q0256,CA02,4,1,"Vancouver, British Columbia",1,4,0,3,CA02E09,No,-,images/queens/CA02-Q0256.webp,-,29
CA02-Q0257,Q0257,CA02,5,6,"Quebec City, Quebec",1,1,3,1,CA02E08,No,-,images/queens/CA02-Q0257.webp,-,29
CA02-Q0258,Q0258,CA02,6,2,"Toronto, Ontario",0,2,0,1,CA02E07,No,-,images/queens/CA02-Q0258.webp,-,34
CA02-Q0259,Q0259,CA02,7,12,"Vancouver, British Columbia",1,0,0,3,CA02E06,No,-,images/queens/CA02-Q0259.webp,-,29
CA02-Q0260,Q0260,CA02,8,4,"Toronto, Ontario",0,1,2,2,CA02E05,No,-,images/queens/CA02-Q0260.webp,-,29
CA02-Q0261,Q0261,CA02,9,5,"Montreal, Quebec",0,1,1,1,CA02E04,No,-,images/queens/CA02-Q0261.webp,-,27
CA02-Q0262,Q0262,CA02,10,10,"Calgary, Alberta",0,1,0,1,CA02E03,No,-,images/queens/CA02-Q0262.webp,-,24
CA02-Q0263,Q0263,CA02,11,9,"Montreal, Quebec",0,0,0,1,CA02E02,No,-,images/queens/CA02-Q0263.webp,-,35
CA02-Q0264,Q0264,CA02,12,7,"Vancouver, British Columbia",0,0,0,1,CA02E01,No,-,images/queens/CA02-Q0264.webp,-,24
CA03-Q0265,Q0265,CA03,1,6,"Montreal, Quebec",2,1,1,1,,No,-,images/queens/CA03-Q0265.webp,-,33
CA03-Q0266,Q0266,CA03,2,4,"Toronto, Ontario",1,3,1,2,,No,-,images/queens/CA03-Q0266.webp,-,37
CA03-Q0267,Q0267,CA03,3,2,"Ottawa, Ontario",1,3,0,3,CA03E09,No,-,images/queens/CA03-Q0267.webp,-,25
CA03-Q0268,Q0268,CA03,3,8,"Toronto, Ontario",2,2,1,2,CA03E09,No,-,images/queens/CA03-Q0268.webp,-,25
CA03-Q0269,Q0269,CA03,5,9,"Victoria, British Columbia",1,2,0,1,CA03E08,No,-,images/queens/CA03-Q0269.webp,-,29
CA03-Q0270,Q0270,CA03,6,11,"St. John's, Newfoundland and Labrador",0,2,2,2,CA03E07,No,-,images/queens/CA03-Q0270.webp,-,32
CA03-Q0271,Q0271,CA03,7,1,"Toronto, Ontario",0,1,2,1,CA03E06,No,-,images/queens/CA03-Q0271.webp,-,29
CA03-Q0272,Q0272,CA03,8,10,"Montreal, Quebec",1,1,0,1,CA03E05,No,-,images/queens/CA03-Q0272.webp,-,25
CA03-Q0273,Q0273,CA03,9,7,"Calgary, Alberta",0,1,1,1,CA03E04,No,-,images/queens/CA03-Q0273.webp,-,27
CA03-Q0274,Q0274,CA03,10,3,"Saskatoon, Saskatchewan",0,1,0,1,CA03E03,No,-,images/queens/CA03-Q0274.webp,-,22
CA03-Q0275,Q0275,CA03,11,5,"Toronto, Ontario",0,0,0,2,CA03E02,No,-,images/queens/CA03-Q0275.webp,-,35
CA03-Q0276,Q0276,CA03,12,12,"Toronto, Ontario",0,0,0,1,CA03E01,No,-,images/queens/CA03-Q0276.webp,-,33
CA04-Q0277,Q0277,CA04,1,1,"Vancouver, British Columbia",1,5,0,0,,No,-,images/queens/CA04-Q0277.webp,-,27
CA04-Q0278,Q0278,CA04,2,9,"Toronto, Ontario",2,1,1,1,,No,-,images/queens/CA04-Q0278.webp,-,23
CA04-Q0279,Q0279,CA04,3,2,"Montreal, Quebec",1,3,1,2,CA04E09,No,-,images/queens/CA04-Q0279.webp,-,24
CA04-Q0280,Q0280,CA04,3,8,"Calgary, Alberta",1,1,1,3,CA04E09,No,-,images/queens/CA04-Q0280.webp,-,22
CA04-Q0281,Q0281,CA04,5,6,"Edmonton, Alberta",1,2,2,1,CA04E08,No,-,images/queens/CA04-Q0281.webp,-,44
CA04-Q0282,Q0282,CA04,6,3,"Ottawa, Ontario",1,1,2,2,CA04E07,No,-,images/queens/CA04-Q0282.webp,-,35
CA04-Q0283,Q0283,CA04,7,11,"Ottawa, Ontario",0,1,0,2,CA04E06,No,-,images/queens/CA04-Q0283.webp,-,31
CA04-Q0284,Q0284,CA04,7,7,"Toronto, Ontario",1,2,0,2,CA04E06,No,-,images/queens/CA04-Q0284.webp,-,57
CA04-Q0285,Q0285,CA04,9,4,"Toronto, Ontario",0,0,0,2,CA04E05,No,-,images/queens/CA04-Q0285.webp,-,24
CA04-Q0286,Q0286,CA04,10,10,"Vancouver, British Columbia",0,0,1,1,CA04E03,No,-,images/queens/CA04-Q0286.webp,-,31
CA04-Q0287,Q0287,CA04,11,5,"Montreal, Quebec",0,0,1,1,CA04E02,No,-,images/queens/CA04-Q0287.webp,-,31
CA05-Q0288,Q0288,CA05,1,7,"Toronto, Ontario",2,2,0,2,,No,-,images/queens/CA05-Q0288.webp,-,25
CA05-Q0289,Q0289,CA05,2,11,"Toronto, Ontario",1,1,1,2,,No,-,images/queens/CA05-Q0289.webp,-,21
CA05-Q0290,Q0290,CA05,3,5,"Toronto, Ontario",1,4,1,1,CA05E09,No,-,images/queens/CA05-Q0290.webp,-,32
CA05-Q0291,Q0291,CA05,3,1,"Toronto, Ontario",2,2,0,1,CA05E09,No,-,images/queens/CA05-Q0291.webp,-,39
CA05-Q0292,Q0292,CA05,5,4,"Toronto, Ontario",1,1,1,2,CA05E08,No,-,images/queens/CA05-Q0292.webp,-,29
CA05-Q0293,Q0293,CA05,6,10,"Vancouver, British Columbia",1,1,1,2,CA05E07,No,-,images/queens/CA05-Q0293.webp,-,26
CA05-Q0294,Q0294,CA05,7,8,"Montreal, Quebec",0,0,0,2,CA05E06,No,-,images/queens/CA05-Q0294.webp,-,36
CA05-Q0295,Q0295,CA05,8,6,"Vancouver, British Columbia",0,2,1,1,CA05E05,No,-,images/queens/CA05-Q0295.webp,-,52
CA05-Q0296,Q0296,CA05,9,3,"Toronto, Ontario",0,1,0,1,CA05E04,No,-,images/queens/CA05-Q0296.webp,-,32
CA05-Q0297,Q0297,CA05,10,9,"Vancouver, British Columbia",0,0,1,2,CA05E03,No,-,images/queens/CA05-Q0297.webp,-,32
CA05-Q0298,Q0298,CA05,11,2,"St. John's, Newfoundland and Labrador",0,0,1,1,CA05E02,No,-,images/queens/CA05-Q0298.webp,-,23
CA06-Q0299,Q0299,CA06,1,3,"Toronto, Ontario",4,0,1,0,,No,-,images/queens/CA06-Q0299.webp,-,27
CA06-Q0300,Q0300,CA06,2,5,"St. Catharines, Ontario",3,2,1,0,,No,-,images/queens/CA06-Q0300.webp,-,24
CA06-Q0301,Q0301,CA06,3,7,"Vancouver, British Columbia",1,2,1,4,CA06E09,No,-,images/queens/CA06-Q0301.webp,-,31
CA06-Q0302,Q0302,CA06,3,10,"Moncton, New Brunswick",1,2,0,3,CA06E09,No,-,images/queens/CA06-Q0302.webp,-,26
CA06-Q0303,Q0303,CA06,5,11,"Toronto, Ontario",0,3,0,3,CA06E08,No,-,images/queens/CA06-Q0303.webp,-,25
CA06-Q0304,Q0304,CA06,6,9,"Ottawa, Ontario",1,3,1,1,CA06E07,No,-,images/queens/CA06-Q0304.webp,-,29
CA06-Q0305,Q0305,CA06,7,8,"Halifax, Nova Scotia",1,0,0,1,CA06E06,No,-,images/queens/CA06-Q0305.webp,-,31
CA06-Q0306,Q0306,CA06,7,12,"Montreal, Quebec",0,3,1,1,CA06E06,No,-,images/queens/CA06-Q0306.webp,-,39
CA06-Q0307,Q0307,CA06,9,4,"London, Ontario",0,1,1,1,CA06E05,No,-,images/queens/CA06-Q0307.webp,-,24
CA06-Q0308,Q0308,CA06,10,2,"Vancouver, British Columbia",0,0,1,1,CA06E04,No,-,images/queens/CA06-Q0308.webp,-,27
CA06-Q0309,Q0309,CA06,11,1,"Toronto, Ontario",0,0,0,1,CA06E03,No,-,images/queens/CA06-Q0309.webp,-,25
CA06-Q0310,Q0310,CA06,12,6,"Montreal, Quebec",0,0,0,1,CA06E02,No,-,images/queens/CA06-Q0310.webp,-,25
UK01-Q0240,Q0240,UK01,1,10,"Liverpool, England",3,3,0,1,,No,-,images/queens/UK01-Q0240.webp,-,26
UK01-Q0311,Q0311,UK01,2,3,"Brighouse, England",3,1,1,0,,No,-,images/queens/UK01-Q0311.webp,-,35
UK01-Q0312,Q0312,UK01,3,1,"East London, England",3,1,1,2,UK01E08,No,-,images/queens/UK01-Q0312.webp,-,29
UK01-Q0313,Q0313,UK01,4,6,"Chelmsford, England",0,0,3,2,UK01E07,No,-,images/queens/UK01-Q0313.webp,-,25
UK01-Q0314,Q0314,UK01,5,2,"Belfast, Northern Ireland",1,0,0,2,UK01E06,No,-,images/queens/UK01-Q0314.webp,-,23
UK01-Q0315,Q0315,UK01,6,4,"East London, England",0,1,0,2,UK01E05,No,-,images/queens/UK01-Q0315.webp,-,34
UK01-Q0316,Q0316,UK01,7,5,"Birmingham, England",0,2,0,2,UK01E04,No,-,images/queens/UK01-Q0316.webp,-,30
UK01-Q0317,Q0317,UK01,8,8,"North London, England",0,1,0,2,UK01E03,No,-,images/queens/UK01-Q0317.webp,-,34
UK01-Q0318,Q0318,UK01,9,9,"Cricklade, England",0,0,0,1,UK01E02,No,-,images/queens/UK01-Q0318.webp,-,19
UK01-Q0319,Q0319,UK01,10,7,"Leicester, England",0,0,0,1,UK01E01,No,-,images/queens/UK01-Q0319.webp,-,21
UK02-Q0320,Q0320,UK02,1,1,"Glasgow, Scotland",3,3,2,1,,No,-,images/queens/UK02-Q0320.webp,-,23
UK02-Q0321,Q0321,UK02,2,4,"Great Yarmouth, England",4,2,0,1,,No,-,images/queens/UK02-Q0321.webp,-,26
UK02-Q0322,Q0322,UK02,2,8,"Newport, Wales",1,1,0,4,,No,-,images/queens/UK02-Q0322.webp,-,26
UK02-Q0323,Q0323,UK02,4,6,"Dundee, Scotland",0,3,1,2,UK02E10,No,-,images/queens/UK02-Q0323.webp,-,21
UK02-Q0324,Q0324,UK02,5,12,"Worksop, England",2,2,1,1,UK02E08,No,-,images/queens/UK02-Q0324.webp,-,23
UK02-Q0325,Q0325,UK02,6,7,"Liverpool, England",0,1,2,2,UK02E07,No,-,images/queens/UK02-Q0325.webp,-,32
UK02-Q0326,Q0326,UK02,7,3,"South London, England",0,1,0,3,UK02E06,No,-,images/queens/UK02-Q0326.webp,-,30
UK02-Q0327,Q0327,UK02,8,9,"Brighton, England",0,0,0,1,UK02E01,No,-,images/queens/UK02-Q0327.webp,-,30
UK02-Q0328,Q0328,UK02,9,10,"Rochdale, England",1,1,1,0,,No,-,images/queens/UK02-Q0328.webp,-,34
UK02-Q0329,Q0329,UK02,10,5,"Worcester, England",0,0,1,1,,No,-,images/queens/UK02-Q0329.webp,-,31
UK02-Q0330,Q0330,UK02,11,11,"East London, England",1,0,0,2,UK02E05,No,-,images/queens/UK02-Q0330.webp,-,27
UK02-Q0331,Q0331,UK02,12,2,"Darlington, England",0,0,0,2,UK02E05,No,-,images/queens/UK02-Q0331.webp,-,26
UK03-Q0332,Q0332,UK03,1,11,"Royal Tunbridge Wells, England",2,3,1,1,,No,-,images/queens/UK03-Q0332.webp,-,19
UK03-Q0333,Q0333,UK03,2,6,"Dagenham, England",4,2,0,0,,No,-,images/queens/UK03-Q0333.webp,-,32
UK03-Q0334,Q0334,UK03,2,2,"Birmingham, England",2,3,0,0,,No,-,images/queens/UK03-Q0334.webp,-,29
UK03-Q0335,Q0335,UK03,4,5,"South London, England",1,1,1,4,UK03E09,No,-,images/queens/UK03-Q0335.webp,-,29
UK03-Q0336,Q0336,UK03,5,4,"East London, England",1,1,0,3,UK03E07,No,-,images/queens/UK03-Q0336.webp,-,26
UK03-Q0337,Q0337,UK03,6,7,"Newcastle upon Tyne, England",1,0,1,1,UK03E06,No,-,images/queens/UK03-Q0337.webp,-,30
UK03-Q0338,Q0338,UK03,6,3,"Medway, England",1,0,1,1,UK03E06,No,-,images/queens/UK03-Q0338.webp,-,22
UK03-Q0339,Q0339,UK03,8,12,"Rufford, England",0,0,1,2,UK03E05,No,-,images/queens/UK03-Q0339.webp,-,24
UK03-Q0328,Q0328,UK03,9,1,"Rochdale, England",0,1,0,1,UK03E03,No,-,images/queens/UK03-Q0328.webp,-,35
UK03-Q0340,Q0340,UK03,10,8,"Cardiff, Wales",0,1,0,0,,No,-,images/queens/UK03-Q0340.webp,-,27
UK03-Q0341,Q0341,UK03,11,9,"Burnley, England",0,0,0,2,UK03E02,No,-,images/queens/UK03-Q0341.webp,-,29
UK03-Q0342,Q0342,UK03,12,10,"Brighton, England",0,0,0,1,UK03E01,No,-,images/queens/UK03-Q0342.webp,-,19
UK04-Q0343,Q0343,UK04,1,1,"Liverpool, England",4,2,0,0,,No,-,images/queens/UK04-Q0343.webp,-,29
UK04-Q0344,Q0344,UK04,2,12,"Manchester, England",4,1,2,0,,No,-,images/queens/UK04-Q0344.webp,-,38
UK04-Q0345,Q0345,UK04,3,7,"Birmingham, England",1,0,0,5,UK04E10,No,-,images/queens/UK04-Q0345.webp,-,29
UK04-Q0346,Q0346,UK04,3,6,"Belfast, Northern Ireland",0,3,2,3,UK04E10,No,-,images/queens/UK04-Q0346.webp,-,33
UK04-Q0347,Q0347,UK04,5,3,"Brighton, England",1,2,1,2,UK04E09,No,-,images/queens/UK04-Q0347.webp,-,29
UK04-Q0348,Q0348,UK04,6,9,"Horsham, England",2,0,0,3,UK04E07,No,-,images/queens/UK04-Q0348.webp,-,22
UK04-Q0349,Q0349,UK04,7,11,"Brighouse, England",1,1,2,1,UK04E06,No,-,images/queens/UK04-Q0349.webp,-,36
UK04-Q0350,Q0350,UK04,8,2,"South London, England",1,0,0,2,,No,-,images/queens/UK04-Q0350.webp,-,25
UK04-Q0351,Q0351,UK04,9,4,"Clitheroe, England",0,2,1,1,UK04E04,No,-,images/queens/UK04-Q0351.webp,-,23
UK04-Q0352,Q0352,UK04,10,10,"Cheltenham, England",1,0,1,1,UK04E03,No,-,images/queens/UK04-Q0352.webp,-,38
UK04-Q0353,Q0353,UK04,11,5,"Surrey, England",0,1,0,1,UK04E02,No,-,images/queens/UK04-Q0353.webp,-,23
UK04-Q0354,Q0354,UK04,12,8,"Essex, England",0,0,0,1,UK04E01,No,-,images/queens/UK04-Q0354.webp,-,32
UK05-Q0355,Q0355,UK05,1,7,"Lanchester, England",3,4,0,0,,No,-,images/queens/UK05-Q0355.webp,-,34
UK05-Q0356,Q0356,UK05,2,4,"Newcastle upon Tyne, England",3,3,0,1,,No,-,images/queens/UK05-Q0356.webp,-,39
UK05-Q0357,Q0357,UK05,3,1,"Hartlepool, England",1,3,0,2,UK05E10,No,-,images/queens/UK05-Q0357.webp,-,25
UK05-Q0358,Q0358,UK05,4,8,"Royal Tunbridge Wells, England",0,2,0,4,UK05E09,No,-,images/queens/UK05-Q0358.webp,-,20
UK05-Q0359,Q0359,UK05,5,5,"Buxton, England",1,2,0,1,UK05E08,No,-,images/queens/UK05-Q0359.webp,-,26
UK05-Q0360,Q0360,UK05,6,6,"London, England",1,1,1,2,UK05E07,No,-,images/queens/UK05-Q0360.webp,-,26
UK05-Q0361,Q0361,UK05,7,9,"Redruth, England",1,2,1,1,UK05E06,No,-,images/queens/UK05-Q0361.webp,-,36
UK05-Q0362,Q0362,UK05,8,2,"Manchester, England",1,0,1,1,UK05E05,No,-,images/queens/UK05-Q0362.webp,-,23
UK05-Q0363,Q0363,UK05,9,3,"Doncaster, England",0,0,0,2,UK05E04,No,-,images/queens/UK05-Q0363.webp,-,23
UK05-Q0364,Q0364,UK05,10,10,"London, England",0,1,0,1,UK05E02,No,-,images/queens/UK05-Q0364.webp,-,28
UK06-Q0365,Q0365,UK06,1,8,"Lancashire, England",3,3,0,0,,No,-,images/queens/UK06-Q0365.webp,-,26
UK06-Q0366,Q0366,UK06,2,6,"Stockton on Tees, England",4,2,0,0,,No,-,images/queens/UK06-Q0366.webp,-,43
UK06-Q0367,Q0367,UK06,3,7,"Cardiff, Wales",1,4,1,1,UK06E10,No,-,images/queens/UK06-Q0367.webp,-,24
UK06-Q0368,Q0368,UK06,3,1,"London, England",1,3,0,4,UK06E10,No,-,images/queens/UK06-Q0368.webp,-,32
UK06-Q0369,Q0369,UK06,5,10,"Manchester, England",1,3,0,3,UK06E09,No,-,images/queens/UK06-Q0369.webp,-,36
UK06-Q0370,Q0370,UK06,6,2,"Belfast, Northern Ireland",0,1,2,1,UK06E08,No,-,images/queens/UK06-Q0370.webp,-,23
UK06-Q0371,Q0371,UK06,7,5,"Bala, Wales",0,1,2,2,UK06E07,No,-,images/queens/UK06-Q0371.webp,-,21
UK06-Q0372,Q0372,UK06,8,4,"Isle of Bute, Scotland",0,1,0,1,UK06E06,No,-,images/queens/UK06-Q0372.webp,-,25
UK06-Q0373,Q0373,UK06,9,11,"London, England",0,2,1,2,UK06E05,No,-,images/queens/UK06-Q0373.webp,-,25
UK06-Q0374,Q0374,UK06,10,3,"Nottingham, England",0,0,2,1,UK06E04,No,-,images/queens/UK06-Q0374.webp,-,28
UK06-Q0375,Q0375,UK06,11,12,"Folkestone, England",0,0,0,1,UK06E03,No,-,images/queens/UK06-Q0375.webp,-,48
UK06-Q0376,Q0376,UK06,12,9,"Manchester, England",0,0,0,0,,No,-,images/queens/UK06-Q0376.webp,-,33
UK07-Q0377,Q0377,UK07,1,12,"London, England",3,2,0,2,,No,-,images/queens/UK07-Q0377.webp,-,25
UK07-Q0378,Q0378,UK07,2,8,"Belfast, Northern Ireland",2,4,0,0,,No,-,images/queens/UK07-Q0378.webp,-,22
UK07-Q0379,Q0379,UK07,3,1,"Rhondda Valley, Wales",0,4,0,3,UK07E10,No,-,images/queens/UK07-Q0379.webp,-,26
UK07-Q0380,Q0380,UK07,3,4,"Leeds, England",1,2,2,2,UK07E10,No,-,images/queens/UK07-Q0380.webp,-,26
UK07-Q0381,Q0381,UK07,5,2,"Brighton, England",0,1,2,2,UK07E09,No,-,images/queens/UK07-Q0381.webp,-,27
UK07-Q0382,Q0382,UK07,6,11,"Dublin, Republic of Ireland",2,0,1,1,UK07E08,No,-,images/queens/UK07-Q0382.webp,-,30
UK07-Q0383,Q0383,UK07,7,7,"Guildford, England",1,2,1,1,UK07E07,No,-,images/queens/UK07-Q0383.webp,-,28
UK07-Q0384,Q0384,UK07,8,3,"South Shields, England",1,1,0,1,UK07E06,No,-,images/queens/UK07-Q0384.webp,-,27
UK07-Q0385,Q0385,UK07,9,10,"London, England",0,0,2,1,UK07E05,No,-,images/queens/UK07-Q0385.webp,-,32
UK07-Q0386,Q0386,UK07,10,6,"London, England",0,0,0,3,UK07E04,No,-,images/queens/UK07-Q0386.webp,-,25
UK07-Q0387,Q0387,UK07,11,9,"Coventry, England",0,0,0,2,UK07E03,No,-,images/queens/UK07-Q0387.webp,-,22
UK07-Q0388,Q0388,UK07,12,5,"Cornwall, England",0,0,0,2,UK07E02,No,-,images/queens/UK07-Q0388.webp,-,30
CW01-Q0135,Q0135,CW01,1,7,"Dallas, United States",1,2,0,1,,No,-,images/queens/CW01-Q0135.webp,-,36
CW01-Q0131,Q0131,CW01,2,6,"Chicago, United States",2,0,1,1,,No,-,images/queens/CW01-Q0131.webp,-,31
CW01-Q0243,Q0243,CW01,3,1,"Montreal, Canada",2,0,0,1,,No,-,images/queens/CW01-Q0243.webp,-,34
CW01-Q0340,Q0340,CW01,3,9,"Cardiff, United Kingdom",3,0,1,0,,No,-,images/queens/CW01-Q0340.webp,-,29
CW01-Q0335,Q0335,CW01,5,8,"South London, United Kingdom",1,0,1,2,CW01E05,No,-,images/queens/CW01-Q0335.webp,-,30
CW01-Q0253,Q0253,CW01,6,4,"Ottawa, Canada",1,0,0,0,,No,-,images/queens/CW01-Q0253.webp,-,35
CW01-Q0389,Q0389,CW01,7,5,"Auckland, New Zealand",0,0,1,2,CW01E03,No,-,images/queens/CW01-Q0389.webp,-,32
CW01-Q0262,Q0262,CW01,8,2,"Calgary, Canada",0,0,0,2,CW01E02,No,-,images/queens/CW01-Q0262.webp,-,24
CW01-Q0254,Q0254,CW01,9,3,"Vancouver, Canada",0,0,0,1,CW01E01,No,-,images/queens/CW01-Q0254.webp,-,31
CW02-Q0245,Q0245,CW02,1,9,"Toronto, Canada",2,3,0,0,,No,-,images/queens/CW02-Q0245.webp,-,28
CW02-Q0024,Q0024,CW02,2,1,"Las Vegas, United States",1,0,2,1,,No,-,images/queens/CW02-Q0024.webp,-,44
CW02-Q0313,Q0313,CW02,3,2,"Chelmsford, United Kingdom",0,4,0,1,,No,Cheryl,images/queens/CW02-Q0313.webp,-,30
CW02-Q0078,Q0078,CW02,3,5,"Dallas, United States",2,1,2,0,,No,-,images/queens/CW02-Q0078.webp,-,43
CW02-Q0268,Q0268,CW02,5,7,"Toronto, Canada",0,1,1,2,CW02E05,No,-,images/queens/CW02-Q0268.webp,-,27
CW02-Q0111,Q0111,CW02,6,8,"Los Angeles, United States",0,0,0,2,CW02E04,No,Eureka!,images/queens/CW02-Q0111.webp,-,33
CW02-Q0249,Q0249,CW02,7,3,"Toronto, Canada",0,0,0,2,CW02E03,No,-,images/queens/CW02-Q0249.webp,-,42
CW02-Q0349,Q0349,CW02,8,4,"Brighouse, United Kingdom",0,0,0,1,CW02E02,No,-,images/queens/CW02-Q0349.webp,-,38
CW02-Q0390,Q0390,CW02,9,6,"Paris, France",0,0,0,1,CW02E01,No,-,images/queens/CW02-Q0390.webp,-,31
GA01-Q0052,Q0052,GA01,1,-,"Dallas, United States",2,4,0,0,,No,-,images/queens/GA01-Q0052.webp,-,44
GA01-Q0334,Q0334,GA01,2,-,"Birmingham, United Kingdom",3,3,0,1,,No,-,images/queens/GA01-Q0334.webp,-,32
GA01-Q0391,Q0391,GA01,2,-,"Adelaide, Australia",3,3,0,1,,No,-,images/queens/GA01-Q0391.webp,-,31
GA01-Q0392,Q0392,GA01,2,-,"Rome, Italy",1,5,0,0,,No,-,images/queens/GA01-Q0392.webp,-,33
GA01-Q0393,Q0393,GA01,5,-,"Basel, Switzerland",1,2,3,1,GA01E10,No,-,images/queens/GA01-Q0393.webp,-,25
GA01-Q0394,Q0394,GA01,6,-,"Linköping, Sweden",1,0,1,4,GA01E09,No,-,images/queens/GA01-Q0394.webp,-,31
GA01-Q0255,Q0255,GA01,7,-,"Montreal, Canada",1,3,1,1,GA01E08,No,-,images/queens/GA01-Q0255.webp,-,30
GA01-Q0395,Q0395,GA01,8,-,"Morelia, Mexico",0,1,0,3,GA01E07,No,-,images/queens/GA01-Q0395.webp,-,34
GA01-Q0396,Q0396,GA01,9,-,"Saint-Denis, France",0,1,0,2,GA01E06,No,-,images/queens/GA01-Q0396.webp,-,34
GA01-Q0397,Q0397,GA01,10,-,"Marikina, Philippines",0,1,0,1,GA01E05,No,-,images/queens/GA01-Q0397.webp,-,35
GA01-Q0398,Q0398,GA01,11,-,"Rio de Janeiro, Brazil",0,1,1,1,GA01E04,No,-,images/queens/GA01-Q0398.webp,-,34
GA01-Q0399,Q0399,GA01,12,-,"City of Brussels, Belgium",0,1,0,1,GA01E03,No,-,images/queens/GA01-Q0399.webp,-,27
UW01-Q0314,Q0314,UW01,1,2,"Belfast, United Kingdom",1,1,0,1,,No,-,images/queens/UW01-Q0314.webp,-,25
UW01-Q0121,Q0121,UW01,2,8,"Kansas City, United States",1,1,1,1,,No,Mo Heart,images/queens/UW01-Q0121.webp,-,34
UW01-Q0012,Q0012,UW01,3,9,"Boston, United States",1,0,0,3,,No,-,images/queens/UW01-Q0012.webp,-,36
UW01-Q0312,Q0312,UW01,3,1,"London, United Kingdom",1,1,0,1,,No,-,images/queens/UW01-Q0312.webp,-,31
UW01-Q0400,Q0400,UW01,5,4,"Volendam, Netherlands",2,0,0,3,UW01E05,No,-,images/queens/UW01-Q0400.webp,-,29
UW01-Q0401,Q0401,UW01,6,7,"Bangkok, Thailand",2,1,0,1,UW01E04,No,-,images/queens/UW01-Q0401.webp,-,32
UW01-Q0241,Q0241,UW01,7,5,"Victoria, Canada",2,0,0,1,UW01E03,No,-,images/queens/UW01-Q0241.webp,-,37
UW01-Q0313,Q0313,UW01,8,3,"Chelmsford, United Kingdom",0,0,0,1,UW01E02,No,-,images/queens/UW01-Q0313.webp,-,27
UW01-Q0245,Q0245,UW01,9,6,"New York City, United States",0,0,0,1,UW01E01,No,-,images/queens/UW01-Q0245.webp,-,25
UW02-Q0326,Q0326,UW02,1,1,"South London, United Kingdom",4,0,0,0,,No,-,images/queens/UW02-Q0326.webp,-,32
UW02-Q0402,Q0402,UW02,2,2,"Sydney, Australia",3,1,1,0,,No,-,images/queens/UW02-Q0402.webp,-,31
UW02-Q0403,Q0403,UW02,3,6,"Nice, France",2,1,2,1,,No,-,images/queens/UW02-Q0403.webp,-,23
UW02-Q0404,Q0404,UW02,3,7,"Makati, Philippines",3,1,0,1,,No,-,images/queens/UW02-Q0404.webp,-,26
UW02-Q0136,Q0136,UW02,5,10,"New York City, United States",1,2,1,2,UW02E07,No,-,images/queens/UW02-Q0136.webp,-,31
UW02-Q0337,Q0337,UW02,6,5,"Newcastle upon Tyne, United Kingdom",0,1,0,3,UW02E06,No,-,images/queens/UW02-Q0337.webp,-,31
UW02-Q0319,Q0319,UW02,7,11,"Leicester, United Kingdom",0,1,0,3,UW02E05,No,-,images/queens/UW02-Q0319.webp,-,25
UW02-Q0405,Q0405,UW02,8,9,"Amsterdam, Netherlands",1,0,0,2,UW02E04,No,-,images/queens/UW02-Q0405.webp,-,42
UW02-Q0346,Q0346,UW02,9,8,"Belfast, United Kingdom",0,0,0,1,UW02E03,No,-,images/queens/UW02-Q0346.webp,-,33
UW02-Q0406,Q0406,UW02,10,3,"Madrid, Spain",0,0,0,1,UW02E02,No,-,images/queens/UW02-Q0406.webp,-,25
UW02-Q0123,Q0123,UW02,11,4,"Riverside, United States",0,0,0,1,UW02E01,No,-,images/queens/UW02-Q0123.webp,-,41
UW03-Q0407,Q0407,UW03,1,3,"Chiang Mai, Thailand",2,3,1,0,,No,-,images/queens/UW03-Q0407.webp,-,23
UW03-Q0359,Q0359,UW03,2,1,"Buxton, United Kingdom",2,2,0,1,,No,-,images/queens/UW03-Q0359.webp,-,29
UW03-Q0408,Q0408,UW03,3,2,"Stockholm, Sweden",1,3,0,2,,No,-,images/queens/UW03-Q0408.webp,-,32
UW03-Q0029,Q0029,UW03,3,6,"Los Angeles, United States",2,1,1,1,,No,Mariah Balenciaga,images/queens/UW03-Q0029.webp,-,43
UW03-Q0409,Q0409,UW03,5,5,"Cologne, Germany",0,4,1,2,UW03E07,No,-,images/queens/UW03-Q0409.webp,-,25
UW03-Q0374,Q0374,UW03,6,4,"Nottingham, United Kingdom",0,0,1,1,UW03E06,No,-,images/queens/UW03-Q0374.webp,-,29
UW03-Q0411,Q0411,UW03,7,9,"Aguascalientes, Mexico",0,0,1,2,UW03E05,No,-,images/queens/UW03-Q0411.webp,-,37
UW03-Q0351,Q0351,UW03,8,7,"Clitheroe, United Kingdom",0,2,0,1,UW03E04,No,-,images/queens/UW03-Q0351.webp,-,26
UW03-Q0410,Q0410,UW03,9,8,"Quezon City, Philippines",0,0,1,1,UW03E03,No,-,images/queens/UW03-Q0410.webp,-,35
UW03-Q0281,Q0281,UW03,10,10,"Edmonton, Canada",0,0,0,1,UW03E02,No,-,images/queens/UW03-Q0281.webp,-,47
AS11-Q0130,Q0130,AS11,,6,"Dallas, Texas",1,0,0,0,,No,-,images/queens/AS11-Q0130.webp,-,38
AS11-Q0142,Q0142,AS11,,7,"Los Angeles, California",2,0,0,0,,No,-,images/queens/AS11-Q0142.webp,-,35
AS11-Q0203,Q0203,AS11,,5,"New York City, New York",3,0,0,0,,No,-,images/queens/AS11-Q0203.webp,-,28
AS11-Q0211,Q0211,AS11,,-,"Los Angeles, California",0,0,0,0,,No,-,images/queens/AS11-Q0211.webp,-,35
AS11-Q0175,Q0175,AS11,,-,"New York City, New York",0,0,0,0,,No,-,images/queens/AS11-Q0175.webp,-,26
AS11-Q0166,Q0166,AS11,,-,"Phoenix, Arizona",0,0,0,0,,No,-,images/queens/AS11-Q0166.webp,-,35
AS11-Q0078,Q0078,AS11,,-,"Dallas, Texas",0,0,0,0,,No,-,images/queens/AS11-Q0078.webp,-,43
AS11-Q0214,Q0214,AS11,,-,"Leeds, Alabama",0,0,0,0,,No,-,images/queens/AS11-Q0214.webp,-,26
AS11-Q0133,Q0133,AS11,,-,"New York City, New York",0,0,0,0,,No,-,images/queens/AS11-Q0133.webp,-,48
AS11-Q0131,Q0131,AS11,,12,"Houston, Texas",1,0,0,0,,No,-,images/queens/AS11-Q0131.webp,-,35
DU01-Q0412,Q0412,DU01,1,7,"Auckland, New Zealand",1,2,0,1,,No,-,images/queens/DU01-Q0412.webp,30000,34
DU01-Q0413,Q0413,DU01,2,1,"Melbourne, Australia",0,2,1,1,2,No,-,images/queens/DU01-Q0413.webp,0,28
DU01-Q0414,Q0414,DU01,2,10,"Melbourne, Australia",1,1,3,1,,No,-,images/queens/DU01-Q0414.webp,3000,32
DU01-Q0415,Q0415,DU01,2,5,"Perth, Australia",3,1,1,1,,No,-,images/queens/DU01-Q0415.webp,5000,27
DU01-Q0416,Q0416,DU01,5,4,"Auckland, New Zealand",1,0,2,3,7,No,-,images/queens/DU01-Q0416.webp,0,27
DU01-Q0417,Q0417,DU01,6,2,"Sydney, Australia",0,1,2,2,6,No,-,images/queens/DU01-Q0417.webp,0,46
DU01-Q0418,Q0418,DU01,7,8,"Sydney, Australia",0,0,1,1,5,No,-,images/queens/DU01-Q0418.webp,0,22
DU01-Q0389,Q0389,DU01,8,9,"Auckland, New Zealand",1,1,0,1,4,No,-,images/queens/DU01-Q0389.webp,5000,31
DU01-Q0419,Q0419,DU01,9,6,"Sydney, Australia",0,0,1,2,3,No,-,images/queens/DU01-Q0419.webp,0,30
DU01-Q0420,Q0420,DU01,10,3,"Newcastle, Australia",0,0,0,1,1,No,-,images/queens/DU01-Q0420.webp,0,30
DU02-Q0421,Q0421,DU02,1,3,"Sydney, Australia",3,3,0,1,,No,-,images/queens/DU02-Q0421.webp,-,37
DU02-Q0402,Q0402,DU02,2,1,"Sydney, Australia",3,2,0,1,,No,-,images/queens/DU02-Q0402.webp,-,30
DU02-Q0391,Q0391,DU02,2,10,"Sydney, Australia",2,0,1,2,,No,-,images/queens/DU02-Q0391.webp,-,29
DU02-Q0422,Q0422,DU02,4,6,"Sydney, Australia",1,0,1,2,7,No,-,images/queens/DU02-Q0422.webp,-,30
DU02-Q0423,Q0423,DU02,5,4,"Sydney, Australia",0,0,0,3,6,No,-,images/queens/DU02-Q0423.webp,-,21
DU02-Q0424,Q0424,DU02,6,7,"Sydney, Australia",1,2,1,1,5,No,-,images/queens/DU02-Q0424.webp,-,25
DU02-Q0425,Q0425,DU02,7,5,"Sydney, Australia",0,1,0,1,4,No,-,images/queens/DU02-Q0425.webp,-,505
DU02-Q0426,Q0426,DU02,8,8,"Sydney, Australia",0,0,0,1,3,No,-,images/queens/DU02-Q0426.webp,-,28
DU02-Q0427,Q0427,DU02,9,9,"Sydney, Australia",0,0,0,1,2,No,-,images/queens/DU02-Q0427.webp,-,25
DU02-Q0428,Q0428,DU02,10,2,"Sydney, Australia",0,0,0,1,1,No,-,images/queens/DU02-Q0428.webp,-,27
DU03-Q0429,Q0429,DU03,1,7,"Melbourne, Australia",3,3,0,0,,No,-,images/queens/DU03-Q0429.webp,-,33
DU03-Q0430,Q0430,DU03,2,10,"Ballarat, Australia",1,2,0,2,,No,-,images/queens/DU03-Q0430.webp,-,31
DU03-Q0431,Q0431,DU03,3,3,"Auckland, New Zealand",1,3,0,2,8,No,-,images/queens/DU03-Q0431.webp,-,25
DU03-Q0432,Q0432,DU03,4,1,"Sydney, Australia",2,1,0,1,7,No,-,images/queens/DU03-Q0432.webp,-,34
DU03-Q0433,Q0433,DU03,5,9,"Melbourne, Australia",0,2,1,2,6,No,-,images/queens/DU03-Q0433.webp,-,51
DU03-Q0434,Q0434,DU03,6,2,"Melbourne, Australia",1,0,1,1,5,No,-,images/queens/DU03-Q0434.webp,-,25
DU03-Q0435,Q0435,DU03,7,8,"Hamilton, New Zealand",0,0,0,3,4,No,-,images/queens/DU03-Q0435.webp,-,24
DU03-Q0436,Q0436,DU03,8,6,"Auckland, New Zealand",0,0,1,1,3,No,-,images/queens/DU03-Q0436.webp,-,26
DU03-Q0437,Q0437,DU03,9,4,"Sydney, Australia",0,0,0,2,2,No,-,images/queens/DU03-Q0437.webp,-,26
DU03-Q0438,Q0438,DU03,10,5,"Sydney, Australia",0,0,0,1,1,No,-,images/queens/DU03-Q0438.webp,-,27
DU04-Q0439,Q0439,DU04,1,1,"Melbourne, Australia",3,1,0,0,,No,-,images/queens/DU04-Q0439.webp,53000,32
DU04-Q0440,Q0440,DU04,2,4,"Brisbane, Australia",1,1,1,1,,No,-,images/queens/DU04-Q0440.webp,0,33
DU04-Q0441,Q0441,DU04,2,2,"Sydney, Australia",2,3,1,0,,No,-,images/queens/DU04-Q0441.webp,2500,32
DU04-Q0442,Q0442,DU04,4,6,"Brisbane, Australia",0,3,1,2,8,No,-,images/queens/DU04-Q0442.webp,0,24
DU04-Q0443,Q0443,DU04,5,3,"Auckland, New Zealand",1,2,0,2,7,No,-,images/queens/DU04-Q0443.webp,2500,27
DU04-Q0444,Q0444,DU04,6,5,"Melbourne, Australia",0,1,0,2,6,No,-,images/queens/DU04-Q0444.webp,0,24
DU04-Q0445,Q0445,DU04,7,8,"Melbourne, Australia",1,1,1,1,5,No,-,images/queens/DU04-Q0445.webp,0,24
DU04-Q0446,Q0446,DU04,8,10,"Auckland, New Zealand",0,0,0,3,4,No,-,images/queens/DU04-Q0446.webp,0,28
DU04-Q0447,Q0447,DU04,9,9,"Sydney, Australia",0,0,0,2,3,No,-,images/queens/DU04-Q0447.webp,0,27
DU04-Q0448,Q0448,DU04,10,7,"Wellington, New Zealand",0,0,1,1,2,No,-,images/queens/DU04-Q0448.webp,0,26
ES01-Q0449,Q0449,ES01,1,4,"Seville, Andalusia",3,2,1,0,,No,-,images/queens/ES01-Q0449.webp,-,31
ES01-Q0450,Q0450,ES01,2,6,"Madrid, C. Madrid",1,1,0,2,,No,-,images/queens/ES01-Q0450.webp,-,31
ES01-Q0451,Q0451,ES01,2,2,"Barcelona, Catalonia",1,2,0,2,,No,-,images/queens/ES01-Q0451.webp,-,22
ES01-Q0452,Q0452,ES01,4,5,"Madrid, C. Madrid",1,3,2,1,7,Yes,-,images/queens/ES01-Q0452.webp,-,38
ES01-Q0453,Q0453,ES01,5,7,"Barcelona, Catalonia",0,0,0,3,6,No,-,images/queens/ES01-Q0453.webp,-,24
ES01-Q0454,Q0454,ES01,6,3,"Valencia, Valencian Community",1,0,0,2,5,No,-,images/queens/ES01-Q0454.webp,-,25
ES01-Q0406,Q0406,ES01,7,1,"Badajoz, Extremadura",0,0,0,2,4,No,-,images/queens/ES01-Q0406.webp,-,23
ES01-Q0455,Q0455,ES01,8,8,Bolivia,0,0,1,0,,No,-,images/queens/ES01-Q0455.webp,-,20
ES01-Q0456,Q0456,ES01,9,9,"Las Palmas, Canary Islands",0,0,0,1,2,No,-,images/queens/ES01-Q0456.webp,-,30
ES01-Q0457,Q0457,ES01,10,10,"Cádiz, Andalusia",0,0,0,1,1,No,-,images/queens/ES01-Q0457.webp,-,29
ES02-Q0458,Q0458,ES02,1,12,"Barcelona, Catalonia",3,5,0,0,,No,-,images/queens/ES02-Q0458.webp,-,45
ES02-Q0459,Q0459,ES02,2,5,"Cádiz, Andalusia",2,1,0,2,,No,-,images/queens/ES02-Q0459.webp,-,25
ES02-Q0460,Q0460,ES02,2,3,"Alicante, Valencian Community",2,3,0,1,,No,-,images/queens/ES02-Q0460.webp,-,30
ES02-Q0461,Q0461,ES02,4,7,"Barcelona, Catalonia",1,2,1,3,11,No,-,images/queens/ES02-Q0461.webp,-,34
ES02-Q0462,Q0462,ES02,5,11,Belgium,0,3,0,2,8,No,-,images/queens/ES02-Q0462.webp,-,31
ES02-Q0463,Q0463,ES02,6,4,"Las Palmas, Canary Islands",1,1,1,1,7,No,-,images/queens/ES02-Q0463.webp,-,30
ES02-Q0464,Q0464,ES02,7,10,Dominican Republic,0,1,1,2,6,No,-,images/queens/ES02-Q0464.webp,-,25
ES02-Q0465,Q0465,ES02,8,2,"Madrid, C. Madrid",1,0,2,1,5,No,-,images/queens/ES02-Q0465.webp,-,33
ES02-Q0466,Q0466,ES02,9,8,"Cádiz, Andalusia",0,0,1,2,4,No,-,images/queens/ES02-Q0466.webp,-,18
ES02-Q0467,Q0467,ES02,10,1,"Cádiz, Andalusia",0,0,0,3,3,Yes,-,images/queens/ES02-Q0467.webp,-,35
ES02-Q0468,Q0468,ES02,11,6,"Madrid, C. Madrid",0,0,0,1,2,No,-,images/queens/ES02-Q0468.webp,-,33
ES02-Q0469,Q0469,ES02,12,9,"Lugo, Galicia",0,0,0,1,1,No,-,images/queens/ES02-Q0469.webp,-,28
ES03-Q0470,Q0470,ES03,1,5,"Barcelona, Catalonia",4,1,0,1,,No,-,images/queens/ES03-Q0470.webp,40000,27
ES03-Q0471,Q0471,ES03,2,8,"Zaragoza, Aragon",2,2,1,1,,No,-,images/queens/ES03-Q0471.webp,5000,39
ES03-Q0472,Q0472,ES03,3,2,"Alicante, Valencian Community",0,3,0,2,11,No,-,images/queens/ES03-Q0472.webp,0,35
ES03-Q0473,Q0473,ES03,3,10,"Málaga, Andalusia",1,0,2,4,11,No,-,images/queens/ES03-Q0473.webp,0,30
ES03-Q0474,Q0474,ES03,5,9,"Barcelona, Catalonia",0,3,1,3,9,No,-,images/queens/ES03-Q0474.webp,0,24
ES03-Q0475,Q0475,ES03,6,4,"Madrid, C. Madrid",1,2,1,1,8,No,-,images/queens/ES03-Q0475.webp,2500,30
ES03-Q0476,Q0476,ES03,7,3,"Seville, Andalusia",0,3,2,2,7,No,-,images/queens/ES03-Q0476.webp,0,28
ES03-Q0477,Q0477,ES03,7,1,"Cádiz, Andalusia",2,0,0,1,7,No,-,images/queens/ES03-Q0477.webp,5000,38
ES03-Q0478,Q0478,ES03,9,12,Mexico,0,2,1,1,6,No,-,images/queens/ES03-Q0478.webp,2000,34
ES03-Q0457,Q0457,ES03,10,13,"Cádiz, Andalusia",0,2,1,1,5,No,-,images/queens/ES03-Q0457.webp,0,31
ES03-Q0479,Q0479,ES03,11,11,"Salamanca, Castile and León",0,1,0,1,3,No,-,images/queens/ES03-Q0479.webp,0,31
ES03-Q0480,Q0480,ES03,12,7,"Las Palmas, Canary Islands",0,0,0,2,2,No,-,images/queens/ES03-Q0480.webp,0,32
ES03-Q0481,Q0481,ES03,13,6,Venezuela,0,0,0,1,1,Yes,-,images/queens/ES03-Q0481.webp,3000,41
ES04-Q0482,Q0482,ES04,1,5,"Madrid, C. Madrid",2,3,0,1,,No,-,images/queens/ES04-Q0482.webp,35000,28
ES04-Q0483,Q0483,ES04,2,9,"Valencia, Valencian Community",1,3,2,0,,No,-,images/queens/ES04-Q0483.webp,2500,30
ES04-Q0484,Q0484,ES04,3,10,"Barcelona, Catalonia",1,1,0,1,,No,-,images/queens/ES04-Q0484.webp,2500,23
ES04-Q0485,Q0485,ES04,4,8,"Castellón de la Plana, Valencian Community",1,2,2,4,11,No,-,images/queens/ES04-Q0485.webp,2500,22
ES04-Q0486,Q0486,ES04,5,6,Venezuela,1,2,1,3,9,No,-,images/queens/ES04-Q0486.webp,2500,28
ES04-Q0487,Q0487,ES04,6,12,"Seville, Andalusia",1,2,0,1,8,No,-,images/queens/ES04-Q0487.webp,2500,31
ES04-Q0488,Q0488,ES04,7,4,"Seville, Andalusia",1,2,1,3,7,No,-,images/queens/ES04-Q0488.webp,2500,44
ES04-Q0489,Q0489,ES04,8,11,"Madrid, C. Madrid",1,0,1,2,5,No,-,images/queens/ES04-Q0489.webp,2500,31
ES04-Q0490,Q0490,ES04,9,7,"Barcelona, Catalonia",0,1,0,1,4,No,-,images/queens/ES04-Q0490.webp,0,38
ES04-Q0491,Q0491,ES04,10,1,"Santa Cruz de Tenerife, Canary Islands",0,0,1,1,3,Yes,-,images/queens/ES04-Q0491.webp,3000,37
ES04-Q0492,Q0492,ES04,11,2,"Valencia, Valencian Community",0,0,0,1,2,No,-,images/queens/ES04-Q0492.webp,1000,39
ES04-Q0493,Q0493,ES04,12,3,"Cádiz, Andalusia",0,0,0,1,1,No,-,images/queens/ES04-Q0493.webp,0,26
ES05-Q0494,Q0494,ES05,1,10,"Torremolinos, Andalusia",2,3,1,1,,No,-,images/queens/ES05-Q0494.webp,55000,39
ES05-Q0495,Q0495,ES05,2,2,"Córdoba, Andalusia",2,1,1,2,,No,-,images/queens/ES05-Q0495.webp,5000,32
ES05-Q0496,Q0496,ES05,3,3,"Valencia, Valencian Community",2,2,2,0,,No,-,images/queens/ES05-Q0496.webp,2500,27
ES05-Q0497,Q0497,ES05,3,9,"Copenhagen, Denmark",1,2,3,1,,No,-,images/queens/ES05-Q0497.webp,3000,29
ES05-Q0498,Q0498,ES05,5,8,"Málaga, Andalusia",1,2,0,2,9,No,-,images/queens/ES05-Q0498.webp,3000,20
ES05-Q0499,Q0499,ES05,6,1,"Barcelona, Catalonia",0,1,0,4,8,No,-,images/queens/ES05-Q0499.webp,0,27
ES05-Q0500,Q0500,ES05,7,4,"Valencia, Valencian Community",0,4,1,1,7,No,-,images/queens/ES05-Q0500.webp,1500,27
ES05-Q0501,Q0501,ES05,8,11,"Alicante, Valencian Community",1,0,0,1,6,No,-,images/queens/ES05-Q0501.webp,2500,23
ES05-Q0502,Q0502,ES05,9,5,Venezuela,0,0,0,2,5,No,-,images/queens/ES05-Q0502.webp,0,52
ES05-Q0503,Q0503,ES05,10,7,"Tenerife, Canary Islands",0,0,0,1,4,No,-,images/queens/ES05-Q0503.webp,0,27
ES05-Q0504,Q0504,ES05,10,12,"Barcelona, Catalonia",0,0,0,1,4,No,-,images/queens/ES05-Q0504.webp,0,26
ES05-Q0505,Q0505,ES05,12,6,"Badajoz, Extremadura",0,0,1,1,2,Yes,-,images/queens/ES05-Q0505.webp,3000,28
ESAS01-Q0463,Q0463,ESAS01,1,-,"Las Palmas, Canary Islands",4,1,0,0,,No,-,images/queens/ESAS01-Q0463.webp,-,30
ESAS01-Q0467,Q0467,ESAS01,2,-,"Cádiz, Andalusia",2,2,0,0,,Yes,-,images/queens/ESAS01-Q0467.webp,-,35
ESAS01-Q0472,Q0472,ESAS01,3,-,"Alicante, Valencian Community",1,0,1,2,,No,-,images/queens/ESAS01-Q0472.webp,-,35
ESAS01-Q0462,Q0462,ESAS01,3,-,Belgium,2,0,0,1,,No,-,images/queens/ESAS01-Q0462.webp,-,31
ESAS01-Q0452,Q0452,ESAS01,5,-,"Madrid, C. Madrid",1,0,1,2,5,No,-,images/queens/ESAS01-Q0452.webp,-,38
ESAS01-Q0451,Q0451,ESAS01,6,-,"Barcelona, Catalonia",0,1,0,2,4,No,-,images/queens/ESAS01-Q0451.webp,-,22
ESAS01-Q0476,Q0476,ESAS01,7,-,"Seville, Andalusia",0,0,0,1,3,No,-,images/queens/ESAS01-Q0476.webp,-,28
ESAS01-Q0465,Q0465,ESAS01,8,-,"Madrid, C. Madrid",0,0,0,2,2,No,Onyx Unleashed,images/queens/ESAS01-Q0465.webp,-,33
ESAS01-Q0477,Q0477,ESAS01,9,-,"Cádiz, Andalusia",0,0,0,1,1,No,-,images/queens/ESAS01-Q0477.webp,-,38
FR01-Q0506,Q0506,FR01,1,10,Clermont-Ferrand,2,2,0,1,,No,-,images/queens/FR01-Q0506.webp,-,30
FR01-Q0403,Q0403,FR01,2,6,Nice,1,2,1,0,,No,-,images/queens/FR01-Q0403.webp,-,23
FR01-Q0396,Q0396,FR01,2,5,Saint-Denis,2,2,0,2,,No,-,images/queens/FR01-Q0396.webp,-,30
FR01-Q0507,Q0507,FR01,4,4,Paris,0,2,1,2,7,No,-,images/queens/FR01-Q0507.webp,-,36
FR01-Q0508,Q0508,FR01,5,2,Paris,0,2,2,2,6,No,-,images/queens/FR01-Q0508.webp,-,36
FR01-Q0509,Q0509,FR01,6,3,Bordeaux,0,1,1,1,5,Yes,-,images/queens/FR01-Q0509.webp,-,25
FR01-Q0510,Q0510,FR01,7,1,Paris,1,0,1,1,4,No,-,images/queens/FR01-Q0510.webp,-,23
FR01-Q0511,Q0511,FR01,8,9,Palaiseau,0,0,0,1,3,No,-,images/queens/FR01-Q0511.webp,-,31
FR01-Q0512,Q0512,FR01,9,7,Toulouse,0,0,0,2,2,No,-,images/queens/FR01-Q0512.webp,-,32
FR01-Q0390,Q0390,FR01,10,8,Paris,0,0,0,1,1,No,-,images/queens/FR01-Q0390.webp,-,29
FR02-Q0513,Q0513,FR02,1,10,Paris,2,6,0,0,,No,-,images/queens/FR02-Q0513.webp,-,31
FR02-Q0514,Q0514,FR02,2,2,Bordeaux,4,1,1,1,,No,-,images/queens/FR02-Q0514.webp,-,33
FR02-Q0515,Q0515,FR02,3,1,Saint-Denis,0,2,3,1,9,No,-,images/queens/FR02-Q0515.webp,-,24
FR02-Q0516,Q0516,FR02,3,11,Paris,1,3,0,3,9,No,-,images/queens/FR02-Q0516.webp,-,32
FR02-Q0517,Q0517,FR02,5,6,Arles,1,0,0,2,8,No,-,images/queens/FR02-Q0517.webp,-,26
FR02-Q0518,Q0518,FR02,6,8,Paris,1,1,0,3,7,No,-,images/queens/FR02-Q0518.webp,-,29
FR02-Q0519,Q0519,FR02,7,4,"Geneva, Switzerland",0,2,0,0,,Yes,-,images/queens/FR02-Q0519.webp,-,31
FR02-Q0520,Q0520,FR02,8,3,Nice,0,2,1,2,5,No,-,images/queens/FR02-Q0520.webp,-,44
FR02-Q0521,Q0521,FR02,9,5,Lyon,0,0,0,2,3,No,-,images/queens/FR02-Q0521.webp,-,27
FR02-Q0522,Q0522,FR02,10,9,Lille,0,0,0,1,2,No,-,images/queens/FR02-Q0522.webp,-,23
FR02-Q0523,Q0523,FR02,11,7,Paris,0,0,0,1,1,No,-,images/queens/FR02-Q0523.webp,-,32
FR03-Q0524,Q0524,FR03,1,2,Paris,0,1,0,1,,No,-,images/queens/FR03-Q0524.webp,0,29
FR03-Q0525,Q0525,FR03,2,8,Marseille,2,2,0,2,,No,-,images/queens/FR03-Q0525.webp,2000,34
FR03-Q0526,Q0526,FR03,3,5,Perpignan,1,4,0,2,8,No,-,images/queens/FR03-Q0526.webp,1000,28
FR03-Q0527,Q0527,FR03,3,10,Paris,2,3,1,1,8,No,-,images/queens/FR03-Q0527.webp,2000,26
FR03-Q0528,Q0528,FR03,5,1,Avignon,0,3,1,2,7,No,-,images/queens/FR03-Q0528.webp,0,23
FR03-Q0529,Q0529,FR03,6,4,"Canary Islands, Spain",1,1,1,1,6,No,-,images/queens/FR03-Q0529.webp,1000,21
FR03-Q0530,Q0530,FR03,7,6,Réunion,1,1,1,1,5,Yes,-,images/queens/FR03-Q0530.webp,1000,25
FR03-Q0531,Q0531,FR03,8,9,Lyon,0,0,0,2,3,No,-,images/queens/FR03-Q0531.webp,0,34
FR03-Q0532,Q0532,FR03,9,7,Paris,0,1,0,1,2,No,-,images/queens/FR03-Q0532.webp,0,24
FR03-Q0533,Q0533,FR03,10,3,Lyon,0,0,0,1,1,No,-,images/queens/FR03-Q0533.webp,0,27
FRAS01-Q0515,Q0515,FRAS01,1,3,-,3,3,1,0,,No,-,images/queens/FRAS01-Q0515.webp,37500,-
FRAS01-Q0509,Q0509,FRAS01,2,7,-,3,1,0,0,,No,-,images/queens/FRAS01-Q0509.webp,5000,-
FRAS01-Q0528,Q0528,FRAS01,3,2,-,3,0,1,1,,No,-,images/queens/FRAS01-Q0528.webp,2500,-
FRAS01-Q0517,Q0517,FRAS01,3,6,-,2,1,1,1,,No,-,images/queens/FRAS01-Q0517.webp,2500,-
FRAS01-Q0519,Q0519,FRAS01,5,10,-,0,2,1,2,7,No,-,images/queens/FRAS01-Q0519.webp,0,-
FRAS01-Q0510,Q0510,FRAS01,6,4,-,2,1,0,3,6,Yes,-,images/queens/FRAS01-Q0510.webp,0,-
FRAS01-Q0508,Q0508,FRAS01,7,1,-,0,1,0,2,5,No,-,images/queens/FRAS01-Q0508.webp,0,-
FRAS01-Q0516,Q0516,FRAS01,8,5,-,1,1,1,1,4,No,-,images/queens/FRAS01-Q0516.webp,0,-
FRAS01-Q0396,Q0396,FRAS01,9,9,"Saint-Denis, France",0,0,0,2,3,No,-,images/queens/FRAS01-Q0396.webp,0,-
FRAS01-Q0532,Q0532,FRAS01,10,8,-,0,0,0,2,2,No,-,images/queens/FRAS01-Q0532.webp,0,-
IT01-Q0534,Q0534,IT01,1,8,Turin,0,1,0,0,,No,-,images/queens/IT01-Q0534.webp,-,27
IT01-Q0535,Q0535,IT01,2,2,Lecce,2,0,0,0,,No,-,images/queens/IT01-Q0535.webp,-,33
IT01-Q0536,Q0536,IT01,2,5,Palermo,1,1,0,2,,No,-,images/queens/IT01-Q0536.webp,-,35
IT01-Q0537,Q0537,IT01,4,7,Bologna,0,2,1,3,6,Yes,-,images/queens/IT01-Q0537.webp,-,33
IT01-Q0538,Q0538,IT01,5,3,Carbonia,0,0,0,3,5,No,-,images/queens/IT01-Q0538.webp,-,36
IT01-Q0539,Q0539,IT01,6,1,Naples,1,0,0,2,4,No,-,images/queens/IT01-Q0539.webp,-,27
IT01-Q0540,Q0540,IT01,7,6,Milan,1,0,0,0,4,No,-,images/queens/IT01-Q0540.webp,-,46
IT01-Q0541,Q0541,IT01,8,4,Arezzo,0,1,0,1,2,No,-,images/queens/IT01-Q0541.webp,-,32
IT02-Q0542,Q0542,IT02,1,9,Riesi,4,0,0,0,,No,-,images/queens/IT02-Q0542.webp,-,34
IT02-Q0543,Q0543,IT02,2,2,Palermo,1,2,2,0,,No,-,images/queens/IT02-Q0543.webp,-,24
IT02-Q0392,Q0392,IT02,2,1,Rome,1,1,0,0,,Yes,-,images/queens/IT02-Q0392.webp,-,31
IT02-Q0544,Q0544,IT02,4,5,Palermo,1,2,1,2,8,No,-,images/queens/IT02-Q0544.webp,-,32
IT02-Q0545,Q0545,IT02,5,3,Corato,0,0,0,2,7,No,-,images/queens/IT02-Q0545.webp,-,33
IT02-Q0546,Q0546,IT02,6,10,"New York City,USA",0,0,2,2,6,No,-,images/queens/IT02-Q0546.webp,-,25
IT02-Q0547,Q0547,IT02,7,6,Florence,0,0,0,3,4,No,-,images/queens/IT02-Q0547.webp,-,29
IT02-Q0548,Q0548,IT02,8,8,Rome,0,1,0,2,3,No,-,images/queens/IT02-Q0548.webp,-,33
IT02-Q0549,Q0549,IT02,9,7,Catania,0,0,0,1,2,No,-,images/queens/IT02-Q0549.webp,-,28
IT02-Q0550,Q0550,IT02,10,4,Frosinone,0,0,0,1,1,No,-,images/queens/IT02-Q0550.webp,-,29
IT03-Q0551,Q0551,IT03,1,5,Milan,3,2,0,2,,No,-,images/queens/IT03-Q0551.webp,-,34
IT03-Q0552,Q0552,IT03,2,4,Rome,2,6,0,0,,No,-,images/queens/IT03-Q0552.webp,-,36
IT03-Q0553,Q0553,IT03,3,1,Rome,2,1,1,4,12,No,-,images/queens/IT03-Q0553.webp,-,37
IT03-Q0554,Q0554,IT03,3,13,Rome,2,4,1,2,12,Yes,-,images/queens/IT03-Q0554.webp,-,44
IT03-Q0555,Q0555,IT03,5,6,Naples,1,1,2,2,9,No,-,images/queens/IT03-Q0555.webp,-,29
IT03-Q0556,Q0556,IT03,6,11,Palermo,0,2,0,2,8,No,-,images/queens/IT03-Q0556.webp,-,24
IT03-Q0557,Q0557,IT03,7,3,Milan,0,0,1,2,7,No,-,images/queens/IT03-Q0557.webp,-,25
IT03-Q0558,Q0558,IT03,8,8,"London,UK",0,0,2,2,6,No,-,images/queens/IT03-Q0558.webp,-,44
IT03-Q0559,Q0559,IT03,9,12,Bologna,0,1,1,2,5,No,-,images/queens/IT03-Q0559.webp,-,38
IT03-Q0560,Q0560,IT03,10,9,Cagliari,0,1,0,1,4,No,-,images/queens/IT03-Q0560.webp,-,24
IT03-Q0561,Q0561,IT03,11,2,"Tirana,Albania",0,1,0,1,3,No,-,images/queens/IT03-Q0561.webp,-,32
IT03-Q0562,Q0562,IT03,12,7,Milan,0,0,0,1,2,No,-,images/queens/IT03-Q0562.webp,-,31
IT03-Q0563,Q0563,IT03,13,10,Padua,0,0,0,1,1,No,-,images/queens/IT03-Q0563.webp,-,29
NL01-Q0564,Q0564,NL01,1,10,Amsterdam,4,0,0,0,,No,-,images/queens/NL01-Q0564.webp,-,31
NL01-Q0400,Q0400,NL01,2,3,Amsterdam,2,1,0,1,,No,-,images/queens/NL01-Q0400.webp,-,28
NL01-Q0565,Q0565,NL01,3,8,Rotterdam,1,0,3,3,8,Yes,-,images/queens/NL01-Q0565.webp,-,30
NL01-Q0566,Q0566,NL01,4,1,Amsterdam,0,1,1,5,8,No,-,images/queens/NL01-Q0566.webp,-,25
NL01-Q0567,Q0567,NL01,5,2,Amsterdam,0,4,0,1,6,No,-,images/queens/NL01-Q0567.webp,-,26
NL01-Q0568,Q0568,NL01,6,7,"Antwerp,Belgium",0,4,0,1,5,No,-,images/queens/NL01-Q0568.webp,-,26
NL01-Q0569,Q0569,NL01,7,5,Amsterdam,0,0,1,2,4,No,-,images/queens/NL01-Q0569.webp,-,23
NL01-Q0570,Q0570,NL01,8,4,Rotterdam,0,0,1,2,3,No,-,images/queens/NL01-Q0570.webp,-,30
NL01-Q0571,Q0571,NL01,9,9,Amsterdam,0,0,0,1,2,No,-,images/queens/NL01-Q0571.webp,-,34
NL01-Q0572,Q0572,NL01,10,6,Urk,0,0,0,1,1,No,-,images/queens/NL01-Q0572.webp,-,21
NL02-Q0573,Q0573,NL02,1,9,Rotterdam,1,1,2,0,,No,-,images/queens/NL02-Q0573.webp,-,41
NL02-Q0574,Q0574,NL02,2,4,Amsterdam,2,2,0,1,,No,-,images/queens/NL02-Q0574.webp,-,38
NL02-Q0575,Q0575,NL02,3,5,Enschede,1,3,0,3,8,No,-,images/queens/NL02-Q0575.webp,-,22
NL02-Q0405,Q0405,NL02,4,10,Amsterdam,3,2,0,1,7,No,-,images/queens/NL02-Q0405.webp,-,40
NL02-Q0576,Q0576,NL02,5,6,Amsterdam,0,1,2,2,6,Yes,-,images/queens/NL02-Q0576.webp,-,46
NL02-Q0577,Q0577,NL02,6,8,Amsterdam,1,0,0,2,5,No,-,images/queens/NL02-Q0577.webp,-,21
NL02-Q0578,Q0578,NL02,7,2,Amsterdam,0,0,1,3,4,No,-,images/queens/NL02-Q0578.webp,-,35
NL02-Q0579,Q0579,NL02,8,7,Amsterdam,0,1,0,1,3,No,-,images/queens/NL02-Q0579.webp,-,43
NL02-Q0580,Q0580,NL02,9,1,Amsterdam,0,0,0,2,2,No,-,images/queens/NL02-Q0580.webp,-,25
NL02-Q0581,Q0581,NL02,10,3,Amsterdam,0,0,0,1,1,No,-,images/queens/NL02-Q0581.webp,-,24
BE01-Q0582,Q0582,BE01,1,7,Brussels,3,2,0,0,,No,-,images/queens/BE01-Q0582.webp,-,24
BE01-Q0583,Q0583,BE01,2,4,Brussels,2,0,1,1,,No,-,images/queens/BE01-Q0583.webp,-,27
BE01-Q0584,Q0584,BE01,3,8,Ghent,1,1,2,2,8,No,-,images/queens/BE01-Q0584.webp,-,26
BE01-Q0585,Q0585,BE01,4,9,Brussels,1,1,0,2,7,No,-,images/queens/BE01-Q0585.webp,-,37
BE01-Q0586,Q0586,BE01,5,3,Liège,0,2,0,2,6,No,-,images/queens/BE01-Q0586.webp,-,23
BE01-Q0587,Q0587,BE01,6,5,Ghent,0,0,1,3,5,Yes,-,images/queens/BE01-Q0587.webp,-,26
BE01-Q0588,Q0588,BE01,7,2,Brussels,0,0,1,2,4,No,-,images/queens/BE01-Q0588.webp,-,35
BE01-Q0589,Q0589,BE01,8,1,Liège,0,0,0,1,3,No,-,images/queens/BE01-Q0589.webp,-,34
BE01-Q0590,Q0590,BE01,9,10,Mouscron,0,0,0,2,2,No,-,images/queens/BE01-Q0590.webp,-,21
BE01-Q0591,Q0591,BE01,10,6,Mons,0,0,0,1,1,No,-,images/queens/BE01-Q0591.webp,-,36
BE02-Q0592,Q0592,BE02,1,2,Brussels,3,4,0,1,,No,-,images/queens/BE02-Q0592.webp,-,29
BE02-Q0593,Q0593,BE02,2,6,Brussels,3,0,1,1,,No,-,images/queens/BE02-Q0593.webp,-,37
BE02-Q0594,Q0594,BE02,3,7,Brussels,1,0,0,3,,No,-,images/queens/BE02-Q0594.webp,-,31
BE02-Q0595,Q0595,BE02,3,5,Brussels,0,1,0,2,,No,-,images/queens/BE02-Q0595.webp,-,27
BE02-Q0596,Q0596,BE02,5,8,Ghent,1,1,1,3,6,No,-,images/queens/BE02-Q0596.webp,-,29
BE02-Q0597,Q0597,BE02,6,3,Antwerp,0,0,1,1,5,Yes,-,images/queens/BE02-Q0597.webp,-,43
BE02-Q0598,Q0598,BE02,7,9,Brussels,0,0,1,0,,No,-,images/queens/BE02-Q0598.webp,-,23
BE02-Q0599,Q0599,BE02,8,4,Luxembourg,0,1,0,1,3,No,-,images/queens/BE02-Q0599.webp,-,33
BE02-Q0600,Q0600,BE02,9,1,Liège,0,0,0,1,2,No,-,images/queens/BE02-Q0600.webp,-,35
DE01-Q0601,Q0601,DE01,1,10,"Vienna,Austria",3,3,0,2,,No,-,images/queens/DE01-Q0601.webp,-,29
DE01-Q0602,Q0602,DE01,2,8,"Vienna,Austria",2,3,0,1,,No,-,images/queens/DE01-Q0602.webp,-,24
DE01-Q0603,Q0603,DE01,3,1,"Berlin,Germany",2,1,2,0,,No,-,images/queens/DE01-Q0603.webp,-,29
DE01-Q0604,Q0604,DE01,4,11,"Wiesbaden,Germany",2,1,1,1,10,No,-,images/queens/DE01-Q0604.webp,-,41
DE01-Q0605,Q0605,DE01,5,9,"Düsseldorf,Germany",2,0,1,3,8,No,-,images/queens/DE01-Q0605.webp,-,24
DE01-Q0606,Q0606,DE01,6,2,"Basel,Switzerland",0,2,0,4,7,Yes,-,images/queens/DE01-Q0606.webp,-,29
DE01-Q0607,Q0607,DE01,7,6,"Berlin,Germany",1,0,2,1,6,No,-,images/queens/DE01-Q0607.webp,-,38
DE01-Q0393,Q0393,DE01,8,7,"Basel,Switzerland",0,1,0,4,5,No,-,images/queens/DE01-Q0393.webp,-,25
DE01-Q0608,Q0608,DE01,9,3,"Frankfurt,Germany",0,1,0,1,4,No,-,images/queens/DE01-Q0608.webp,-,23
DE01-Q0409,Q0409,DE01,10,4,"Cologne,Germany",0,0,0,1,3,No,-,images/queens/DE01-Q0409.webp,-,22
DE01-Q0609,Q0609,DE01,11,5,"Munich,Germany",0,1,0,1,2,No,-,images/queens/DE01-Q0609.webp,-,25
SE01-Q0610,Q0610,SE01,1,3,Stockholm,3,1,1,0,,No,-,images/queens/SE01-Q0610.webp,-,28
SE01-Q0408,Q0408,SE01,2,1,Stockholm,1,0,1,1,,No,-,images/queens/SE01-Q0408.webp,-,29
SE01-Q0394,Q0394,SE01,3,9,Linköping,1,2,1,3,8,No,-,images/queens/SE01-Q0394.webp,-,31
SE01-Q0611,Q0611,SE01,4,2,Helsingborg,1,1,0,3,7,No,-,images/queens/SE01-Q0611.webp,-,35
SE01-Q0612,Q0612,SE01,5,4,"Liverpool,UK",0,0,2,2,6,No,-,images/queens/SE01-Q0612.webp,-,29
SE01-Q0613,Q0613,SE01,6,5,"Berlin,Germany",0,2,0,1,5,No,-,images/queens/SE01-Q0613.webp,-,28
SE01-Q0614,Q0614,SE01,7,7,Värnamo,1,2,0,1,4,No,-,images/queens/SE01-Q0614.webp,-,28
SE01-Q0615,Q0615,SE01,8,8,"Tokyo,Japan",0,0,1,2,3,No,-,images/queens/SE01-Q0615.webp,-,31
SE01-Q0616,Q0616,SE01,9,6,Mora,0,0,0,1,1,No,-,images/queens/SE01-Q0616.webp,-,20
PH01-Q0617,Q0617,PH01,1,6,"Daet, Camarines Norte",1,4,1,0,,No,-,images/queens/PH01-Q0617.webp,1100000,34
PH01-Q0404,Q0404,PH01,2,4,"Makati City, Metro Manila",2,5,1,0,,No,-,images/queens/PH01-Q0404.webp,180000,25
PH01-Q0618,Q0618,PH01,3,12,"Cabanatuan, Nueva Ecija",2,3,1,2,,No,-,images/queens/PH01-Q0618.webp,160000,34
PH01-Q0397,Q0397,PH01,3,2,"Marikina City, Metro Manila",0,5,0,1,,No,-,images/queens/PH01-Q0397.webp,40000,34
PH01-Q0410,Q0410,PH01,5,7,"Quezon City, Metro Manila",2,1,1,3,9,No,-,images/queens/PH01-Q0410.webp,180000,31
PH01-Q0619,Q0619,PH01,6,11,"Mandaluyong, Metro Manila",0,1,0,3,8,No,-,images/queens/PH01-Q0619.webp,0,29
PH01-Q0620,Q0620,PH01,7,9,"San Jose del Monte, Bulacan",1,2,2,1,7,No,-,images/queens/PH01-Q0620.webp,80000,25
PH01-Q0621,Q0621,PH01,8,5,"Davao City, Davao del Sur",0,1,0,3,5,Yes,-,images/queens/PH01-Q0621.webp,40000,30
PH01-Q0622,Q0622,PH01,9,3,"Cainta, Rizal",1,1,0,2,4,No,-,images/queens/PH01-Q0622.webp,80000,29
PH01-Q0623,Q0623,PH01,10,8,"Melbourne, Australia",0,0,1,1,3,No,-,images/queens/PH01-Q0623.webp,0,38
PH01-Q0624,Q0624,PH01,11,1,"Bolinao, Pangasinan",0,0,0,1,2,No,-,images/queens/PH01-Q0624.webp,20000,34
PH01-Q0625,Q0625,PH01,12,10,"Calumpit, Bulacan",0,0,0,1,1,No,-,images/queens/PH01-Q0625.webp,0,25
PH02-Q0626,Q0626,PH02,1,5,"Sta. Maria, Ilocos Sur",2,4,1,1,,No,-,images/queens/PH02-Q0626.webp,1180000,42
PH02-Q0627,Q0627,PH02,2,1,"Makati City, Metro Manila",1,3,1,2,,No,-,images/queens/PH02-Q0627.webp,100000,25
PH02-Q0628,Q0628,PH02,3,6,"Marikina City, Metro Manila",1,3,1,2,,No,-,images/queens/PH02-Q0628.webp,80000,23
PH02-Q0629,Q0629,PH02,3,5,"Mandaluyong, Metro Manila",2,3,0,1,,No,-,images/queens/PH02-Q0629.webp,180000,36
PH02-Q0630,Q0630,PH02,5,3,"Cagayan de Oro, Misamis Oriental",0,4,0,2,9,Yes,-,images/queens/PH02-Q0630.webp,60000,24
PH02-Q0631,Q0631,PH02,5,6,"Rosario, Cavite",1,4,0,1,9,No,-,images/queens/PH02-Q0631.webp,80000,24
PH02-Q0632,Q0632,PH02,7,1,"Tayabas, Quezon Province",1,2,0,2,6,No,-,images/queens/PH02-Q0632.webp,80000,39
PH02-Q0633,Q0633,PH02,8,2,"Vigan, Ilocos Sur",0,1,1,2,5,No,-,images/queens/PH02-Q0633.webp,60000,24
PH02-Q0634,Q0634,PH02,9,4,Hong Kong,1,0,1,1,4,No,-,images/queens/PH02-Q0634.webp,100000,36
PH02-Q0635,Q0635,PH02,10,3,"Pasig City, Metro Manila",0,0,0,2,3,No,-,images/queens/PH02-Q0635.webp,0,22
PH02-Q0636,Q0636,PH02,11,2,"Mandaluyong, Metro Manila",0,0,0,1,2,No,-,images/queens/PH02-Q0636.webp,0,29
PH02-Q0637,Q0637,PH02,11,4,"Cebu City, Cebu",0,0,0,1,1,No,-,images/queens/PH02-Q0637.webp,0,37
PH03-Q0638,Q0638,PH03,1,11,"Manila, Metro Manila",3,2,0,0,,No,-,images/queens/PH03-Q0638.webp,1285000,25
PH03-Q0639,Q0639,PH03,2,6,"Cagayan de Oro, Misamis Oriental",1,4,0,1,,No,-,images/queens/PH03-Q0639.webp,140000,22
PH03-Q0640,Q0640,PH03,3,1,"Manila, Metro Manila",2,0,2,1,,No,-,images/queens/PH03-Q0640.webp,185000,23
PH03-Q0641,Q0641,PH03,3,5,"Marikina City, Metro Manila",0,3,0,2,,No,-,images/queens/PH03-Q0641.webp,45000,46
PH03-Q0642,Q0642,PH03,5,9,"Caloocan City, Metro Manila",1,2,0,2,9,No,-,images/queens/PH03-Q0642.webp,100000,22
PH03-Q0643,Q0643,PH03,6,4,"Marikina City, Metro Manila",1,2,2,1,,No,-,images/queens/PH03-Q0643.webp,100000,27
PH03-Q0644,Q0644,PH03,7,10,"Manila, Metro Manila",0,1,0,2,7,No,-,images/queens/PH03-Q0644.webp,0,26
PH03-Q0645,Q0645,PH03,8,3,"San Francisco, USA",0,3,0,1,6,No,-,images/queens/PH03-Q0645.webp,20000,33
PH03-Q0646,Q0646,PH03,9,7,"Caloocan City, Metro Manila",0,0,1,2,5,No,-,images/queens/PH03-Q0646.webp,0,25
PH03-Q0647,Q0647,PH03,10,8,"Bacolod, Negros Occidental",0,2,0,0,4,No,-,images/queens/PH03-Q0647.webp,0,27
PH03-Q0648,Q0648,PH03,11,2,"Manila, Metro Manila",0,0,1,1,3,Yes,-,images/queens/PH03-Q0648.webp,60000,25
PHSR01-Q0619,Q0619,PHSR01,1,3,-,5,3,0,0,,No,-,images/queens/PHSR01-Q0619.webp,2260000,-
PHSR01-Q0620,Q0620,PHSR01,2,5,-,3,2,1,2,,No,-,images/queens/PHSR01-Q0620.webp,200000,-
PHSR01-Q0627,Q0627,PHSR01,3,1,-,3,3,0,2,,No,-,images/queens/PHSR01-Q0627.webp,120000,-
PHSR01-Q0261,Q0261,PHSR01,3,11,-,2,2,0,2,10,Yes,-,images/queens/PHSR01-Q0261.webp,60000,-
PHSR01-Q0639,Q0639,PHSR01,5,12,-,1,1,0,3,8,No,-,images/queens/PHSR01-Q0639.webp,160000,-
PHSR01-Q0125,Q0125,PHSR01,6,2,-,1,1,1,1,7,No,Yuhua,images/queens/PHSR01-Q0125.webp,80000,-
PHSR01-Q0649,Q0649,PHSR01,7,4,-,1,1,2,1,6,No,-,images/queens/PHSR01-Q0649.webp,20000,-
PHSR01-Q0629,Q0629,PHSR01,8,7,-,0,0,0,2,5,No,-,images/queens/PHSR01-Q0629.webp,0,-
PHSR01-Q0521,Q0521,PHSR01,9,8,-,1,1,0,1,4,No,-,images/queens/PHSR01-Q0521.webp,0,-
PHSR01-Q0437,Q0437,PHSR01,10,6,-,0,0,0,2,3,No,-,images/queens/PHSR01-Q0437.webp,0,-
PHSR01-Q0316,Q0316,PHSR01,11,9,-,0,0,0,2,2,No,-,images/queens/PHSR01-Q0316.webp,0,-
PHSR01-Q0599,Q0599,PHSR01,12,10,-,0,0,0,1,1,No,-,images/queens/PHSR01-Q0599.webp,0,-
TH01-Q0650,Q0650,TH01,1,2,Bangkok,3,2,0,0,,No,-,images/queens/TH01-Q0650.webp,-,37
TH01-Q0651,Q0651,TH01,2,9,Bangkok,3,2,1,1,,No,-,images/queens/TH01-Q0651.webp,-,30
TH01-Q0652,Q0652,TH01,2,1,NakhonPathom,2,0,0,2,,No,-,images/queens/TH01-Q0652.webp,-,30
TH01-Q0653,Q0653,TH01,4,5,NakhonRatchasima,1,2,2,1,7,Yes,-,images/queens/TH01-Q0653.webp,-,30
TH01-Q0654,Q0654,TH01,5,4,Bangkok,1,1,0,2,6,No,-,images/queens/TH01-Q0654.webp,-,24
TH01-Q0655,Q0655,TH01,5,7,Philippines,1,1,0,2,6,No,-,images/queens/TH01-Q0655.webp,-,34
TH01-Q0656,Q0656,TH01,7,6,Rayong,0,1,0,2,5,No,-,images/queens/TH01-Q0656.webp,-,30
TH01-Q0657,Q0657,TH01,8,8,Bangkok,0,0,0,2,3,No,-,images/queens/TH01-Q0657.webp,-,18
TH01-Q0658,Q0658,TH01,9,10,NakhonRatchasima,0,0,0,1,2,No,-,images/queens/TH01-Q0658.webp,-,25
TH01-Q0659,Q0659,TH01,10,3,Phrae,1,0,0,1,1,No,-,images/queens/TH01-Q0659.webp,-,26
TH02-Q0660,Q0660,TH02,1,11,NakhonRatchasima,6,1,0,2,,No,-,images/queens/TH02-Q0660.webp,-,24
TH02-Q0661,Q0661,TH02,2,14,Nakhon Sawan,2,0,0,4,5,No,-,images/queens/TH02-Q0661.webp,-,29
TH02-Q0662,Q0662,TH02,2,6,ChiangMai,3,1,0,1,4,No,-,images/queens/TH02-Q0662.webp,-,26
TH02-Q0663,Q0663,TH02,4,4,Bangkok,1,4,2,1,11,No,-,images/queens/TH02-Q0663.webp,-,34
TH02-Q0664,Q0664,TH02,4,13,Singapore,2,1,3,3,11,No,-,images/queens/TH02-Q0664.webp,-,29
TH02-Q0665,Q0665,TH02,6,7,Udon Thani,1,1,2,4,10,No,-,images/queens/TH02-Q0665.webp,-,29
TH02-Q0666,Q0666,TH02,7,12,Nakhon SiThammarat,0,2,4,2,8,No,-,images/queens/TH02-Q0666.webp,-,28
TH02-Q0667,Q0667,TH02,8,10,United States,2,0,1,1,7,No,-,images/queens/TH02-Q0667.webp,-,30
TH02-Q0668,Q0668,TH02,9,1,Chonburi,1,3,1,0,6,No,-,images/queens/TH02-Q0668.webp,-,24
TH02-Q0669,Q0669,TH02,10,2,Hong Kong,1,0,1,2,6,No,-,images/queens/TH02-Q0669.webp,-,30
TH02-Q0670,Q0670,TH02,11,5,Phuket,1,1,2,1,5,Yes,-,images/queens/TH02-Q0670.webp,-,33
TH02-Q0671,Q0671,TH02,12,3,Bangkok,1,0,0,1,3,No,-,images/queens/TH02-Q0671.webp,-,24
TH02-Q0672,Q0672,TH02,13,8,KhonKaen,0,0,0,2,2,No,-,images/queens/TH02-Q0672.webp,-,22
TH02-Q0673,Q0673,TH02,14,9,Bangkok,0,0,0,1,1,No,-,images/queens/TH02-Q0673.webp,-,33
TH03-Q0674,Q0674,TH03,1,3,Bangkok,3,2,0,0,,No,-,images/queens/TH03-Q0674.webp,812000,30
TH03-Q0675,Q0675,TH03,2,2,Phrae,2,2,1,1,,No,-,images/queens/TH03-Q0675.webp,200000,29
TH03-Q0407,Q0407,TH03,3,5,Chiang Mai,2,2,2,1,10,No,-,images/queens/TH03-Q0407.webp,74000,22
TH03-Q0676,Q0676,TH03,3,10,Bangkok,1,1,0,5,10,No,-,images/queens/TH03-Q0676.webp,74000,30
TH03-Q0677,Q0677,TH03,5,9,Chiang Mai,1,2,1,2,8,No,-,images/queens/TH03-Q0677.webp,86000,33
TH03-Q0678,Q0678,TH03,6,11,Bangkok,0,1,0,3,7,No,-,images/queens/TH03-Q0678.webp,0,28
TH03-Q0649,Q0649,TH03,7,8,"SanFrancisco,USA",0,2,2,1,6,No,-,images/queens/TH03-Q0649.webp,0,34
TH03-Q0679,Q0679,TH03,8,6,Samut Prakan,0,2,0,2,5,Yes,-,images/queens/TH03-Q0679.webp,27000,42
TH03-Q0680,Q0680,TH03,9,7,Chiang Mai,0,0,1,2,4,No,-,images/queens/TH03-Q0680.webp,0,22
TH03-Q0681,Q0681,TH03,10,4,Ratchaburi,0,1,0,1,3,No,-,images/queens/TH03-Q0681.webp,0,27
TH03-Q0682,Q0682,TH03,11,1,Bangkok,0,0,0,2,2,No,-,images/queens/TH03-Q0682.webp,0,27
