lip_sync_id,episode_id,song_id,queen_a_id,queen_b_id,winner_id,loser_id,result_type,was_save,notes
L0205,US15E02,S0159,Q0195,Q0197,Q0195,Q0197,NORMAL,No,
L0206,US15E03,S0160,Q0195,Q0196,Q0195,Q0196,NORMAL,No,
L0207,US15E04,S0161,Q0190,Q0191,Q0190,Q0191,NORMAL,No,
L0208,US15E05,S0162,Q0195,Q0187,Q0187,Q0195,NORMAL,No,
L0209,US15E06,S0163,Q0192,Q0194,Q0192,Q0194,NORMAL,No,
L0210,US15E07,S0164,Q0193,Q0192,Q0192,Q0193,NORMAL,No,
L0211,US15E08,S0197,Q0186,Q0188,Q0188,Q0186,SURVIVAL,Yes,LaLaPaRuZa R1
L0212,US15E08,S0198,Q0189,Q0190,Q0189,Q0190,SURVIVAL,Yes,LaLaPaRuZa R1
L0213,US15E08,S0199,Q0184,Q0187,Q0187,Q0184,SURVIVAL,Yes,LaLaPaRuZa R1
L0214,US15E08,S0200,Q0192,Q0185,Q0185,Q0192,SURVIVAL,Yes,LaLaPaRuZa R1
L0215,US15E08,S0201,Q0183,Q0182,Q0182,Q0183,SURVIVAL,Yes,LaLaPaRuZa R1
L0216,US15E08,S0202,Q0186,Q0190,Q0186,Q0190,SURVIVAL,Yes,LaLaPaRuZa R2
L0217,US15E08,S0090,Q0183,Q0192,Q0183,Q0192,NORMAL,No,LaLaPaRuZa final - Jax eliminated
L0218,US15E08,S0017,Q0183,Q0184,Q0184,Q0183,SURVIVAL,Yes,LaLaPaRuZa 3-way (Anetra/Jax/Luxx) - Luxx won
L0219,US15E09,S0203,Q0187,Q0190,Q0187,Q0190,NORMAL,No,
L0220,US15E10,S0166,Q0186,Q0187,Q0187,Q0186,NORMAL,No,
L0221,US15E11,S0167,Q0183,Q0188,Q0183,Q0188,NORMAL,No,
L0222,US15E12,S0204,Q0189,Q0187,Q0189,Q0187,NORMAL,No,
L0223,US15E13,S0169,Q0189,Q0184,Q0184,Q0189,NORMAL,No,Loosey eliminated
L0224,US15E14,S0170,Q0183,Q0185,,,SHANTAY,Yes,double shantay - none eliminated
L0225,US15E16,S0022,Q0183,Q0182,Q0182,Q0183,CROWN,No,lip sync for the crown
L0292,US04E01,S0030,Q0046,Q0041,Q0041,Q0046,NORMAL,No,Alisa eliminated
L0293,US04E02,S0031,Q0045,Q0044,Q0044,Q0045,NORMAL,No,Lashauwn eliminated
L0294,US04E03,S0032,Q0039,Q0044,Q0039,Q0044,NORMAL,No,Princess eliminated
L0295,US04E04,S0033,Q0043,Q0042,Q0042,Q0043,NORMAL,No,Madame LaQueer eliminated
L0296,US04E05,S0034,Q0038,Q0042,Q0042,Q0038,NORMAL,No,Kenya eliminated (1st time)
L0297,US04E06,S0035,Q0041,Q0042,Q0041,Q0042,NORMAL,No,Milan eliminated
L0298,US04E07,S0212,Q0041,Q0040,Q0040,Q0041,NORMAL,No,Jiggly eliminated
L0299,US04E08,S0213,Q0036,Q0034,,,SHANTAY,Yes,Willam DQ'd post-LS; both bottom queens saved
L0300,US04E09,S0038,Q0039,Q0037,Q0037,Q0039,NORMAL,No,DiDa eliminated
L0301,US04E10,S0039,Q0038,Q0037,Q0037,Q0038,NORMAL,No,Kenya re-eliminated; 5th
L0302,US04E11,S0040,Q0035,Q0037,Q0035,Q0037,NORMAL,No,Latrice eliminated
L0303,US04E13,S0214,Q0034,Q0036,Q0034,,CROWN,No,finale 3-way (Chad/PhiPhi/Sharon); Sharon crowned
L0304,US01E01,S0208,Q0007,Q0009,Q0007,Q0009,NORMAL,No,Porkchop eliminated
L0305,US01E02,S0002,Q0007,Q0008,Q0007,Q0008,NORMAL,No,Tammie eliminated
L0306,US01E03,S0003,Q0007,Q0004,Q0004,Q0007,NORMAL,No,Akashia eliminated
L0307,US01E04,S0004,Q0006,Q0003,Q0003,Q0006,NORMAL,No,Jade eliminated
L0308,US01E05,S0005,Q0001,Q0005,Q0001,Q0005,NORMAL,No,Ongina eliminated
L0309,US01E06,S0144,Q0003,Q0004,Q0003,Q0004,NORMAL,No,Shannel eliminated
L0310,US01E08,S0007,Q0001,Q0002,Q0001,,CROWN,No,finale; BeBe crowned
L0311,US02E01,S0007,Q0016,Q0021,Q0016,Q0021,NORMAL,No,Shangela eliminated
L0312,US02E02,S0008,Q0020,Q0011,Q0011,Q0020,NORMAL,No,Nicole eliminated
L0313,US02E03,S0209,Q0019,Q0011,Q0011,Q0019,NORMAL,No,Mystique eliminated
L0314,US02E04,S0010,Q0017,Q0018,Q0017,Q0018,NORMAL,No,Sonique eliminated
L0315,US02E05,S0011,Q0017,Q0016,Q0016,Q0017,NORMAL,No,Morgan eliminated
L0316,US02E06,S0012,Q0012,Q0016,Q0012,Q0016,NORMAL,No,Sahara eliminated
L0317,US02E07,S0013,Q0015,Q0013,Q0013,Q0015,NORMAL,No,Jessica eliminated
L0318,US02E08,S0014,Q0012,Q0014,Q0012,Q0014,NORMAL,No,Pandora eliminated
L0319,US02E09,S0015,Q0012,Q0013,Q0012,Q0013,NORMAL,No,Tatianna eliminated
L0320,US02E11,S0210,Q0011,Q0010,Q0010,,CROWN,No,finale; Tyra crowned
L0321,US03E02,S0017,Q0021,Q0033,Q0021,Q0033,NORMAL,No,Venus eliminated
L0322,US03E03,S0211,Q0027,Q0032,Q0027,Q0032,NORMAL,No,Phoenix eliminated
L0323,US03E04,S0019,Q0030,Q0031,Q0030,Q0031,NORMAL,No,Mimi eliminated (carried India - reprimanded)
L0324,US03E05,S0020,Q0030,Q0028,Q0028,Q0030,NORMAL,No,India eliminated
L0325,US03E06,S0021,Q0027,Q0029,Q0027,Q0029,NORMAL,No,Mariah eliminated
L0326,US03E07,S0022,Q0024,Q0028,Q0024,Q0028,NORMAL,No,Stacy eliminated
L0327,US03E08,S0023,Q0027,Q0023,Q0023,Q0027,NORMAL,No,Delta eliminated
L0328,US03E09,S0024,Q0026,Q0025,,,SHANTAY,Yes,first-ever non-elimination; both saved
L0329,US03E10,S0025,Q0026,Q0021,Q0021,Q0026,NORMAL,No,Carmen eliminated (1st time)
L0330,US03E11,S0026,Q0024,Q0021,Q0024,Q0021,NORMAL,No,Shangela eliminated
L0331,US03E12,S0027,Q0026,Q0022,Q0022,Q0026,NORMAL,No,Carmen re-eliminated (returned this ep); 5th
L0332,US03E13,S0028,Q0024,Q0025,Q0024,Q0025,NORMAL,No,Yara eliminated
L0333,US03E15,S0029,Q0023,Q0022,Q0022,,CROWN,No,finale; Raja crowned
L0346,US06E01,S0052,Q0074,Q0072,Q0072,Q0074,NORMAL,No,Kelly eliminated
L0347,US06E02,S0053,Q0064,Q0073,Q0064,Q0073,NORMAL,No,Magnolia eliminated
L0348,US06E03,S0054,Q0071,Q0072,Q0071,Q0072,NORMAL,No,Vivacious eliminated
L0349,US06E04,S0055,Q0071,Q0067,Q0067,Q0071,NORMAL,No,April eliminated
L0350,US06E05,S0056,Q0070,Q0068,Q0068,Q0070,NORMAL,No,Gia eliminated
L0351,US06E06,S0057,Q0069,Q0067,Q0067,Q0069,NORMAL,No,Milk eliminated
L0352,US06E07,S0058,Q0065,Q0064,,,SHANTAY,Yes,double shantay - none eliminated
L0353,US06E08,S0059,Q0066,Q0068,Q0066,Q0068,NORMAL,No,Laganja eliminated
L0354,US06E09,S0060,Q0062,Q0067,Q0062,Q0067,NORMAL,No,Trinity eliminated
L0355,US06E10,S0061,Q0062,Q0066,Q0062,Q0066,NORMAL,No,Joslyn eliminated
L0356,US06E11,S0062,Q0065,Q0064,Q0064,Q0065,NORMAL,No,BenDeLaCreme eliminated (qualify for finale LS)
L0357,US06E12,S0063,Q0062,Q0061,Q0061,,CROWN,No,finale 3-way (Adore/Bianca/Courtney); Bianca crowned
L0358,US05E01,S0041,Q0060,Q0059,Q0059,Q0060,NORMAL,No,Penny eliminated
L0359,US05E02,S0042,Q0058,Q0059,Q0058,Q0059,NORMAL,No,Serena eliminated
L0360,US05E03,S0043,Q0051,Q0058,Q0051,Q0058,NORMAL,No,Monica eliminated
L0361,US05E04,S0205,Q0057,Q0056,,,SASHAY,No,double sashay - both eliminated
L0362,US05E05,S0045,Q0050,Q0055,Q0050,Q0055,NORMAL,No,Lineysha eliminated
L0363,US05E06,S0046,Q0051,Q0054,Q0051,Q0054,NORMAL,No,Jade eliminated
L0364,US05E07,S0047,Q0052,Q0049,,,SHANTAY,Yes,double shantay - none eliminated
L0365,US05E08,S0048,Q0052,Q0053,Q0052,Q0053,NORMAL,No,Ivy eliminated
L0366,US05E09,S0049,Q0052,Q0051,Q0051,Q0052,NORMAL,No,Alyssa eliminated
L0367,US05E10,S0206,Q0051,Q0050,Q0050,Q0051,NORMAL,No,Coco eliminated
L0368,US05E11,S0051,Q0050,Q0047,Q0047,Q0050,NORMAL,No,Detox eliminated
L0369,US05E12,S0207,Q0047,Q0048,Q0047,,CROWN,No,finale 3-way (Alaska/Jinkx/Roxxxy); Jinkx crowned
L0370,US07E01,S0064,Q0084,Q0088,Q0084,Q0088,NORMAL,No,Tempest eliminated
L0371,US07E02,S0065,Q0079,Q0087,Q0079,Q0087,NORMAL,No,Sasha Belle eliminated
L0372,US07E03,S0066,Q0086,Q0078,Q0078,Q0086,NORMAL,No,Jasmine eliminated
L0373,US07E04,S0067,Q0077,Q0080,Q0077,Q0080,NORMAL,No,Trixie eliminated (1st time)
L0374,US07E05,S0215,Q0084,Q0085,Q0084,Q0085,NORMAL,No,Mrs Kasha Davis eliminated
L0375,US07E06,S0069,Q0082,Q0084,Q0082,Q0084,NORMAL,No,Kandy Ho eliminated
L0376,US07E07,S0070,Q0082,Q0083,Q0082,Q0083,NORMAL,No,Max eliminated
L0377,US07E08,S0071,Q0076,Q0082,Q0076,Q0082,NORMAL,No,team LS (Ginger+Sasha vs Jaidynn+Tempest); Jaidynn eliminated
L0378,US07E09,S0072,Q0081,Q0077,Q0077,Q0081,NORMAL,No,Miss Fame eliminated
L0379,US07E10,S0073,Q0076,Q0080,Q0076,Q0080,NORMAL,No,Trixie re-eliminated; 6th
L0380,US07E11,S0074,Q0079,Q0078,Q0078,Q0079,NORMAL,No,Katya eliminated; Kennedy recreated Sahara's stage-jump splits
L0381,US07E12,S0075,Q0078,Q0076,Q0078,Q0076,TOPS,No,"4-way LSFTW (Ginger/Kennedy/Pearl/Violet); Kennedy won, placed 4th; top3 to finale"
L0382,US07E14,S0063,Q0075,Q0076,Q0075,,CROWN,No,finale 3-way (Violet/Ginger/Pearl) to original songs; Violet crowned
L0393,US08E01,S0076,Q0100,Q0097,Q0100,Q0097,NORMAL,No,Naysha eliminated (1st time)
L0394,US08E02,S0077,Q0099,Q0100,,,SASHAY,No,double elimination - both Dax and Laila out
L0395,US08E03,S0216,Q0098,Q0095,Q0095,Q0098,NORMAL,No,Cynthia eliminated
L0396,US08E04,S0079,Q0092,Q0097,Q0092,Q0097,NORMAL,No,Naysha re-eliminated; 9th
L0397,US08E05,S0080,Q0096,Q0091,Q0091,Q0096,NORMAL,No,Acid Betty eliminated
L0398,US08E06,S0081,Q0093,Q0095,Q0093,Q0095,NORMAL,No,Robbie eliminated
L0399,US08E07,S0082,Q0092,Q0094,Q0092,Q0094,NORMAL,No,Thorgy eliminated; acclaimed Chi Chi performance
L0400,US08E08,S0083,Q0089,Q0093,Q0089,Q0093,NORMAL,No,Derrick eliminated
L0401,US08E09,S0084,Q0089,Q0092,Q0089,Q0092,TOPS,No,4-way LSFTW (Bob/ChiChi/Kim/Naomi); Chi Chi eliminated 4th
L0402,US08E10,S0217,Q0089,Q0090,Q0089,,CROWN,No,finale 3-way (Bob/Kim/Naomi) original songs; Bob crowned
L0417,US10E01,S0097,Q0126,Q0127,Q0126,Q0127,NORMAL,No,Vanjie eliminated (Miss Vanjie meme)
L0418,US10E02,S0098,Q0111,Q0126,Q0111,Q0126,NORMAL,No,Kalorie eliminated
L0419,US10E03,S0099,Q0123,Q0125,Q0123,Q0125,NORMAL,No,Yuhua eliminated
L0420,US10E04,S0100,Q0124,Q0119,Q0119,Q0124,NORMAL,No,Dusty eliminated
L0421,US10E05,S0220,Q0123,Q0119,Q0119,Q0123,NORMAL,No,Mayhem eliminated
L0422,US10E06,S0102,Q0122,Q0120,Q0120,Q0122,NORMAL,No,Blair eliminated
L0423,US10E07,S0103,Q0121,Q0120,Q0120,Q0121,NORMAL,No,Monique eliminated
L0424,US10E08,S0104,Q0117,Q0120,Q0117,Q0120,NORMAL,No,Vixen eliminated
L0425,US10E09,S0105,Q0111,Q0116,,,SHANTAY,Yes,double shantay - none eliminated
L0426,US10E10,S0106,Q0116,Q0119,Q0116,Q0119,NORMAL,No,Monét eliminated
L0427,US10E11,S0107,Q0116,Q0118,Q0116,Q0118,NORMAL,No,Miz Cracker eliminated
L0428,US10E12,S0108,Q0115,Q0117,Q0115,Q0117,TOPS,No,4-way LSFTW (Aquaria/Asia/Eureka/Kameron); all advance to crown smackdown
L0429,US10E14,S0221,Q0116,Q0117,Q0116,Q0117,SURVIVAL,Yes,crown smackdown R1; Asia out 4th
L0430,US10E14,S0222,Q0115,Q0111,,,SHANTAY,Yes,crown smackdown R1; both Aquaria & Eureka advance
L0431,US10E14,S0109,Q0115,Q0116,Q0115,,CROWN,No,crown smackdown FINAL 3-way (Aquaria/Eureka/Kameron); Aquaria crowned
L0432,US09E02,S0085,Q0114,Q0113,Q0113,Q0114,NORMAL,No,Jaymes eliminated
L0433,US09E03,S0086,Q0109,Q0113,Q0109,Q0113,NORMAL,No,Kimora eliminated
L0434,US09E04,S0087,Q0112,Q0104,Q0104,Q0112,NORMAL,No,Charlie eliminated
L0435,US09E05,S0088,Q0098,Q0108,,,SHANTAY,Yes,Eureka medical withdrawal; both saved
L0436,US09E06,S0089,Q0098,Q0102,Q0102,Q0098,NORMAL,No,Cynthia eliminated
L0437,US09E07,S0090,Q0109,Q0106,Q0106,Q0109,NORMAL,No,Aja eliminated
L0438,US09E08,S0091,Q0105,Q0108,Q0105,Q0108,NORMAL,No,Farrah eliminated
L0439,US09E09,S0092,Q0106,Q0107,Q0106,Q0107,NORMAL,No,Valentina eliminated (mask controversy)
L0440,US09E10,S0093,Q0106,Q0103,Q0103,Q0106,NORMAL,No,Nina eliminated
L0441,US09E11,S0094,Q0105,Q0102,Q0102,Q0105,NORMAL,No,Alexis eliminated
L0442,US09E12,S0095,Q0102,Q0101,Q0102,Q0101,TOPS,No,4-way LSFTW (Pep/Sasha/Shea/Trinity); all advance to crown smackdown
L0443,US09E14,S0005,Q0102,Q0104,Q0102,Q0104,SURVIVAL,Yes,crown smackdown R1; Trinity out 4th
L0444,US09E14,S0218,Q0101,Q0103,Q0101,Q0103,SURVIVAL,Yes,crown smackdown R1; Shea out 3rd
L0445,US09E14,S0219,Q0101,Q0102,Q0101,,CROWN,No,crown smackdown FINAL; Sasha crowned (rose petal reveal)
L0446,US11E01,S0223,Q0140,Q0141,Q0140,Q0141,NORMAL,No,Soju eliminated
L0447,US11E02,S0111,Q0140,Q0138,Q0138,Q0140,NORMAL,No,Kahanna eliminated
L0448,US11E03,S0224,Q0130,Q0139,Q0130,Q0139,NORMAL,No,4-way LSFTYL (A'keria/Honey/Plastique/Ra'Jah); Honey eliminated
L0449,US11E04,S0113,Q0138,Q0135,Q0135,Q0138,NORMAL,No,Mercedes eliminated
L0450,US11E05,S0225,Q0137,Q0133,Q0133,Q0137,NORMAL,No,Ariel eliminated
L0451,US11E06,S0115,Q0135,Q0136,Q0135,Q0136,NORMAL,No,Scarlet eliminated
L0452,US11E07,S0116,Q0130,Q0135,Q0130,Q0135,NORMAL,No,Ra'Jah eliminated
L0453,US11E08,S0117,Q0129,Q0128,,,SHANTAY,Yes,double shantay - none eliminated
L0454,US11E09,S0118,Q0134,Q0127,Q0127,Q0134,NORMAL,No,Plastique eliminated
L0455,US11E10,S0119,Q0133,Q0127,Q0127,Q0133,NORMAL,No,Shuga eliminated
L0456,US11E11,S0120,Q0132,Q0131,Q0131,Q0132,NORMAL,No,Nina West eliminated
L0457,US11E12,S0226,Q0129,Q0127,Q0129,Q0127,NORMAL,No,Vanjie eliminated; 5th
L0458,US11E14,S0227,Q0129,Q0131,Q0129,Q0131,SURVIVAL,Yes,crown smackdown R1; Silky out 4th/3rd
L0459,US11E14,S0228,Q0128,Q0130,Q0128,Q0130,SURVIVAL,Yes,crown smackdown R1; A'keria out 3rd
L0460,US11E14,S0229,Q0128,Q0129,Q0128,,CROWN,No,crown smackdown FINAL; Yvie crowned
L0461,US12E01,S0123,Q0143,Q0148,Q0148,Q0143,TOPS,No,LSFTW top2; Widow won the week
L0462,US12E02,S0124,Q0144,Q0145,Q0144,Q0145,TOPS,No,LSFTW top2; Jaida won the week
L0463,US12E03,S0125,Q0154,Q0152,Q0152,Q0154,NORMAL,No,Dahlia eliminated
L0464,US12E04,S0126,Q0150,Q0153,Q0150,Q0153,NORMAL,No,Rock M. Sakura eliminated
L0465,US12E05,S0127,Q0147,Q0152,Q0147,Q0152,NORMAL,No,Nicky Doll eliminated
L0466,US12E06,S0128,Q0151,Q0150,Q0150,Q0151,NORMAL,No,Aiden eliminated
L0467,US12E07,S0129,Q0150,Q0147,Q0147,Q0150,NORMAL,No,Brita eliminated
L0468,US12E08,S0130,Q0149,Q0148,Q0148,Q0149,NORMAL,No,Jan eliminated
L0469,US12E09,S0131,Q0146,Q0148,Q0146,Q0148,NORMAL,No,Widow eliminated
L0470,US12E10,S0132,Q0147,Q0146,,,SHANTAY,Yes,double shantay - none eliminated
L0471,US12E11,S0133,Q0147,Q0144,Q0144,Q0147,NORMAL,No,Heidi eliminated; 6th
L0472,US12E12,S0134,Q0142,Q0146,Q0142,Q0146,NORMAL,No,Jackie eliminated; 5th
L0473,US12E14,S0135,Q0144,Q0143,Q0144,,CROWN,No,finale virtual 3-way (Crystal/Gigi/Jaida); Jaida crowned
L0474,US13E01,S0230,Q0156,Q0166,Q0156,Q0166,SURVIVAL,Yes,premiere extravaganza; Kandy stays (winners group)
L0475,US13E01,S0043,Q0164,Q0162,Q0164,Q0162,SURVIVAL,Yes,premiere extravaganza; LaLa stays
L0476,US13E01,S0231,Q0155,Q0165,Q0155,Q0165,SURVIVAL,Yes,premiere extravaganza; Symone stays
L0477,US13E01,S0232,Q0157,Q0160,Q0157,Q0160,SURVIVAL,Yes,premiere extravaganza; Gottmik stays
L0478,US13E01,S0233,Q0159,Q0158,Q0159,Q0158,SURVIVAL,Yes,premiere extravaganza; Olivia stays
L0479,US13E01,S0234,Q0161,Q0163,Q0161,Q0163,SURVIVAL,Yes,premiere 3-way (Tina/Elliott/Kahmora); Tina stays
L0480,US13E02,S0136,Q0155,Q0159,Q0155,Q0159,TOPS,No,LSFTW winners group; Symone won week
L0481,US13E03,S0137,Q0162,Q0158,Q0162,Q0158,TOPS,No,LSFTW losers group; Denali won week
L0482,US13E04,S0138,Q0162,Q0167,Q0162,Q0167,NORMAL,No,Kahmora eliminated
L0483,US13E05,S0139,Q0166,Q0164,Q0164,Q0166,NORMAL,No,Joey eliminated
L0484,US13E06,S0235,Q0156,Q0165,Q0156,Q0165,NORMAL,No,Tamisha eliminated
L0485,US13E07,S0141,Q0163,Q0164,Q0163,Q0164,NORMAL,No,LaLa eliminated
L0486,US13E08,S0236,Q0156,Q0155,,,SHANTAY,Yes,double shantay - none eliminated
L0487,US13E09,S0143,Q0163,Q0160,Q0160,Q0163,NORMAL,No,Elliott eliminated
L0488,US13E10,S0144,Q0162,Q0159,Q0159,Q0162,NORMAL,No,Denali eliminated
L0489,US13E11,S0145,Q0161,Q0160,Q0160,Q0161,NORMAL,No,Tina eliminated
L0490,US13E12,S0146,Q0155,Q0160,Q0155,Q0160,NORMAL,No,Utica eliminated
L0491,US13E13,S0147,Q0156,Q0159,Q0156,Q0159,NORMAL,No,Olivia eliminated; 5th
L0492,US13E14,S0237,Q0155,Q0156,Q0155,Q0156,TOPS,No,4-way LSFTW (Gottmik/Kandy/Rosé/Symone); none eliminated
L0493,US13E16,S0111,Q0156,Q0158,Q0156,Q0158,SURVIVAL,Yes,crown smackdown R1; Rosé out 4th
L0494,US13E16,S0238,Q0155,Q0157,Q0155,Q0157,SURVIVAL,Yes,crown smackdown R1; Gottmik out 3rd
L0495,US13E16,S0239,Q0155,Q0156,Q0155,,CROWN,No,crown smackdown FINAL; Symone crowned
L0496,US14E01,S0148,Q0181,Q0178,Q0181,Q0178,NORMAL,No,Orion eliminated (1st time)
L0497,US14E02,S0240,Q0172,Q0173,Q0173,Q0172,NORMAL,No,Daya eliminated (1st time)
L0498,US14E03,S0556,Q0181,Q0177,Q0177,Q0181,NORMAL,No,June eliminated
L0499,US14E04,S0151,Q0180,Q0176,Q0176,Q0180,NORMAL,No,Alyssa eliminated
L0500,US14E05,S0152,Q0174,Q0178,Q0174,Q0178,NORMAL,No,Orion re-eliminated; 11th
L0501,US14E06,S0153,Q0175,Q0177,Q0175,Q0177,NORMAL,No,Maddy eliminated
L0502,US14E07,S0241,Q0172,Q0169,Q0169,Q0172,TOPS,No,"LSFTW; Camden won week, none eliminated"
L0503,US14E08,S0242,Q0175,Q0176,Q0175,Q0176,NORMAL,No,Kerri eliminated (Sasha Colby's drag daughter)
L0504,US14E09,S0243,Q0175,Q0174,,,SHANTAY,Yes,double shantay - none eliminated
L0505,US14E11,S0244,Q0172,Q0175,Q0172,Q0175,SURVIVAL,Yes,LaLaPaRuZa R1; Daya advances
L0506,US14E11,S0245,Q0168,Q0171,Q0168,Q0171,SURVIVAL,Yes,LaLaPaRuZa R1; Willow advances
L0507,US14E11,S0246,Q0174,Q0169,Q0174,Q0169,SURVIVAL,Yes,LaLaPaRuZa 3-way (Angeria/Jorgeous/Camden); Jorgeous advances
L0508,US14E11,S0247,Q0169,Q0171,Q0169,Q0171,SURVIVAL,Yes,LaLaPaRuZa R2; Camden advances
L0509,US14E11,S0248,Q0170,Q0175,Q0170,Q0175,SURVIVAL,Yes,LaLaPaRuZa R2; Angeria advances
L0510,US14E11,S0249,Q0171,Q0175,Q0171,Q0175,NORMAL,No,LaLaPaRuZa final; Jasmine eliminated 8th
L0511,US14E12,S0250,Q0171,Q0174,,,SHANTAY,Yes,Bosco lost but saved by golden chocolate bar; none eliminated
L0512,US14E13,S0157,Q0172,Q0173,Q0172,Q0173,NORMAL,No,3-way (Daya/DeJa/Jorgeous); DeJa eliminated 6th
L0513,US14E14,S0158,Q0170,Q0168,,,SHANTAY,Yes,all 5 advance to finale - none eliminated
L0514,US14E16,S0251,Q0169,Q0168,Q0168,,CROWN,No,finale top-2; Willow crowned (1st trans winner of main series)
L0539,US16E01,S0171,Q0201,Q0199,Q0199,Q0201,TOPS,No,top-2 LSFTW; Sapphira won week
L0540,US16E02,S0172,Q0208,Q0200,Q0200,Q0208,TOPS,No,top-2 LSFTW; Plane Jane won week
L0541,US16E03,S0173,Q0208,Q0211,Q0208,Q0211,NORMAL,No,Hershii eliminated
L0542,US16E04,S0174,Q0208,Q0210,Q0208,Q0210,NORMAL,No,Mirage eliminated
L0543,US16E05,S0175,Q0209,Q0201,Q0201,Q0209,NORMAL,No,Amanda eliminated
L0544,US16E06,S0176,Q0208,Q0204,Q0204,Q0208,NORMAL,No,Geneva eliminated
L0545,US16E07,S0177,Q0207,Q0204,Q0204,Q0207,NORMAL,No,Megami eliminated
L0546,US16E08,S0178,Q0202,Q0206,Q0202,Q0206,NORMAL,No,Xunami eliminated
L0547,US16E09,S0252,Q0204,Q0205,Q0204,Q0205,NORMAL,No,Plasma eliminated
L0548,US16E10,S0180,Q0202,Q0199,Q0199,Q0202,TOPS,No,top-2 LSFTW; Sapphira won week
L0549,US16E11,S0181,Q0204,Q0202,Q0202,Q0204,NORMAL,No,Mhi'ya eliminated
L0550,US16E12,S0182,Q0203,Q0202,Q0202,Q0203,NORMAL,No,Dawn eliminated
L0551,US16E13,S0183,Q0202,Q0199,Q0199,Q0202,NORMAL,No,Morphine eliminated; 5th
L0552,US16E14,S0184,Q0200,Q0201,Q0200,Q0201,NORMAL,No,Q eliminated 4th; Plane Jane advanced to top 3
L0553,US16E15,S0253,Q0209,Q0203,Q0209,Q0203,SURVIVAL,Yes,LaLaPaRuZa R1
L0554,US16E15,S0254,Q0207,Q0201,Q0207,Q0201,SURVIVAL,Yes,LaLaPaRuZa R1
L0555,US16E15,S0255,Q0208,Q0202,Q0202,Q0208,SURVIVAL,Yes,LaLaPaRuZa R1
L0556,US16E15,S0256,Q0211,Q0210,Q0210,Q0211,SURVIVAL,Yes,LaLaPaRuZa R1
L0557,US16E15,S0257,Q0204,Q0205,Q0204,Q0205,SURVIVAL,Yes,LaLaPaRuZa R1 3-way (Mhi'ya/Plasma/Xunami)
L0558,US16E15,S0258,Q0207,Q0209,Q0207,Q0209,SURVIVAL,Yes,LaLaPaRuZa R2
L0559,US16E15,S0259,Q0210,Q0202,Q0202,Q0210,SURVIVAL,Yes,LaLaPaRuZa R2
L0560,US16E15,S0260,Q0207,Q0204,Q0207,Q0204,SURVIVAL,Yes,LaLaPaRuZa R3
L0561,US16E15,S0185,Q0207,Q0202,Q0202,Q0207,SURVIVAL,Yes,LaLaPaRuZa FINAL; Morphine wins SDADHH
L0562,US16E16,S0186,Q0198,Q0199,Q0198,,CROWN,No,finale top-2; Nymphia crowned (1st East Asian winner)
L0563,US17E01,S0187,Q0213,Q0216,Q0216,Q0213,TOPS,No,top-2 LSFTW; Suzie won week
L0564,US17E02,S0188,Q0220,Q0215,Q0215,Q0220,TOPS,No,top-2 LSFTW; Lexi won week
L0565,US17E02,S0261,Q0225,Q0224,,,SHANTAY,Yes,bottom LS; Hormona lost but saved by Badonka Dunk Tank - none eliminated
L0566,US17E03,S0262,Q0223,Q0222,Q0223,Q0222,NORMAL,No,Lucky eliminated
L0567,US17E04,S0190,Q0223,Q0219,Q0219,Q0223,NORMAL,No,Joella eliminated
L0568,US17E05,S0191,Q0221,Q0218,,,SHANTAY,Yes,Arrietty lost but saved by Badonka Dunk Tank - none eliminated
L0569,US17E06,S0263,Q0224,Q0217,Q0217,Q0224,NORMAL,No,Hormona eliminated
L0570,US17E07,S0264,Q0220,Q0217,Q0217,Q0220,NORMAL,No,Crystal Envy eliminated
L0571,US17E08,S0265,Q0225,Q0219,Q0219,Q0225,NORMAL,No,Acacia eliminated
L0572,US17E09,S0266,Q0219,Q0218,Q0218,Q0219,NORMAL,No,Kori eliminated
L0573,US17E10,S0267,Q0221,Q0213,Q0213,Q0221,NORMAL,No,Arrietty eliminated
L0574,US17E11,S0268,Q0217,Q0218,Q0217,Q0218,NORMAL,No,Lydia eliminated
L0575,US17E12,S0269,Q0217,Q0214,Q0214,Q0217,NORMAL,No,Lana eliminated
L0576,US17E13,S0270,Q0213,Q0212,,,SHANTAY,Yes,double shantay - none eliminated
L0577,US17E14,S0192,Q0214,Q0216,Q0214,Q0216,NORMAL,No,Suzie eliminated; 5th
L0578,US17E15,S0271,Q0224,Q0218,Q0218,Q0224,SURVIVAL,Yes,LaLaPaRuZa R1
L0579,US17E15,S0194,Q0223,Q0216,Q0216,Q0223,SURVIVAL,Yes,LaLaPaRuZa R1
L0580,US17E15,S0272,Q0225,Q0222,Q0222,Q0225,SURVIVAL,Yes,LaLaPaRuZa R1
L0581,US17E15,S0273,Q0221,Q0219,Q0219,Q0221,SURVIVAL,Yes,LaLaPaRuZa R1
L0582,US17E15,S0083,Q0220,Q0217,Q0217,Q0220,SURVIVAL,Yes,LaLaPaRuZa R1
L0583,US17E15,S0274,Q0222,Q0216,Q0216,Q0222,SURVIVAL,Yes,LaLaPaRuZa R2
L0584,US17E15,S0275,Q0219,Q0217,Q0219,Q0217,SURVIVAL,Yes,LaLaPaRuZa semi 3-way (Kori/Lana/Lydia)
L0585,US17E15,S0193,Q0216,Q0219,Q0216,Q0219,SURVIVAL,Yes,LaLaPaRuZa FINAL; Suzie wins SDADHH
L0586,US17E16,S0276,Q0212,Q0213,Q0212,,CROWN,No,finale top-2; Onya crowned (Sapphira Cristál's drag daughter)
L0587,US18E01,S0277,Q0227,Q0235,Q0227,Q0235,TOPS,No,top-2 LSFTW; Nini won week
L0588,US18E02,S0278,Q0239,Q0238,Q0238,Q0239,NORMAL,No,DD Fuego eliminated
L0589,US18E03,S0279,Q0237,Q0238,Q0237,Q0238,NORMAL,No,Mandy eliminated
L0590,US18E04,S0280,Q0237,Q0232,Q0232,Q0237,NORMAL,No,Briar eliminated
L0591,US18E05,S0281,Q0229,Q0234,Q0229,-,TOPS,No,top-2 LSFTW; double win - Juicy and Mia Starr both declared winners (WP)
L0592,US18E06,S0030,Q0236,Q0226,Q0226,Q0236,NORMAL,No,Ciara eliminated (Athena/Jane top-2 LSFTW won by Athena same ep)
L0593,US18E07,S0282,Q0229,Q0235,Q0229,Q0235,NORMAL,No,Vita eliminated
L0594,US18E08,S0283,Q0232,Q0234,Q0232,Q0234,NORMAL,No,Mia eliminated
L0595,US18E09,S0284,Q0233,Q0229,Q0229,Q0233,NORMAL,No,Athena eliminated
L0596,US18E11,S0195,Q0229,Q0232,Q0229,Q0232,NORMAL,No,Kenya eliminated (corrected from stub vs WP)
L0597,US18E12,S0285,Q0231,Q0227,Q0227,Q0231,NORMAL,No,Discord eliminated
L0598,US18E13,S0525,Q0230,Q0227,Q0227,Q0230,NORMAL,No,Jane Don't eliminated
L0599,US18E14,S0196,Q0229,Q0227,Q0227,Q0229,NORMAL,No,Juicy eliminated 4th
L0600,US18E16,S0286,Q0226,Q0227,Q0226,,CROWN,No,finale top-2 (from top3 Darlene/Myki/Nini); Myki crowned
L0601,US18E06,S0527,Q0233,Q0230,Q0233,-,TOPS,No,LSFTW top-2; Athena won week
L0602,US18E10,S0526,Q0230,Q0232,Q0230,-,TOPS,No,LSFTW top-2; Jane won week
L0603,US18E15,S0075,Q0233,Q0236,Q0236,-,TOPS,No,Smackdown rd 1
L0604,US18E15,S0528,Q0238,Q0234,Q0234,-,TOPS,No,Smackdown rd 1
L0605,US18E15,S0529,Q0239,Q0235,Q0235,-,TOPS,No,Smackdown rd 1
L0606,US18E15,S0108,Q0234,Q0235,Q0234,-,TOPS,No,Smackdown rd 2
L0607,US18E15,S0530,Q0236,Q0232,Q0232,-,TOPS,No,Smackdown rd 1
L0608,US18E15,S0063,Q0231,Q0230,Q0230,-,TOPS,No,Smackdown rd 1
L0609,US18E15,S0531,Q0230,Q0229,Q0229,-,TOPS,No,Smackdown rd 2
L0610,US18E15,S0532,Q0232,Q0234,Q0234,-,TOPS,No,Smackdown rd 2
L0611,US18E15,S0007,Q0229,Q0234,Q0229,-,TOPS,No,Smackdown final; Juicy won
L0612,US13E15,S0349,Q0162,Q0164,Q0162,-,TOPS,No,Grand finale charity smackdown bout; Denali (NCTE) d. LaLa Ri (NBJC)
L0613,AS09E12,S0533,Q0170,Q0127,Q0170,Q0127,CROWN,No,Lip sync for the crown; Angeria crowned AS9
L0614,AS02E01,S0375,Q0049,Q0013,Q0049,-,TOPS,No,Lip Sync for Your Legacy (top two)
L0615,AS02E02,S0376,Q0079,Q0048,Q0048,-,TOPS,No,Lip Sync for Your Legacy (top two)
L0616,AS02E03,S0200,Q0050,Q0052,Q0052,-,TOPS,No,Lip Sync for Your Legacy (top two)
L0617,AS02E04,S0377,Q0036,Q0048,Q0048,-,TOPS,No,Lip Sync for Your Legacy (top two)
L0618,AS02E06,S0379,Q0079,Q0048,Q0048,-,TOPS,No,Lip Sync for Your Legacy (top two)
L0619,AS02E07,S0380,Q0050,Q0079,Q0050,-,TOPS,No,Lip Sync for Your Legacy (top two)
L0620,AS03E01,S0320,Q0065,Q0109,Q0065,-,TOPS,No,Lip Sync for Your Legacy (top two)
L0621,AS03E02,S0321,Q0065,Q0021,Q0021,-,TOPS,No,Lip Sync for Your Legacy (top two)
L0622,AS03E03,S0322,Q0065,Q0078,Q0078,-,TOPS,No,Lip Sync for Your Legacy (top two)
L0623,AS03E04,S0323,Q0065,Q0021,-,-,TOPS,No,Lip Sync for Your Legacy (top two); double win (tie)
L0624,AS03E05,S0324,Q0001,Q0080,Q0001,-,TOPS,No,Lip Sync for Your Legacy (top two)
L0625,AS03E06,S0325,Q0001,Q0065,Q0065,-,TOPS,No,Lip Sync for Your Legacy (top two)
L0626,AS03E07,S0326,Q0080,Q0021,Q0021,-,TOPS,No,Lip Sync for Your Legacy (top two)
L0627,AS03E08,S0327,Q0078,Q0080,Q0080,-,TOPS,No,Lip Sync for Your Legacy (top two)
L0628,AS04E01,S0287,Q0104,Q0121,Q0104,-,TOPS,No,Lip Sync for Your Legacy (top two)
L0629,AS04E02,S0288,Q0119,Q0107,Q0107,-,TOPS,No,Lip Sync for Your Legacy (top two)
L0630,AS04E03,S0289,Q0023,Q0104,Q0023,-,TOPS,No,Lip Sync for Your Legacy (top two)
L0631,AS04E04,S0290,Q0023,Q0121,Q0121,-,TOPS,No,Lip Sync for Your Legacy (top two)
L0632,AS04E05,S0291,Q0023,Q0119,-,-,TOPS,No,Lip Sync for Your Legacy (top two); double win (tie)
L0633,AS04E07,S0292,Q0037,Q0104,Q0037,-,TOPS,No,Lip Sync for Your Legacy (top two)
L0634,AS04E08,S0293,Q0119,Q0091,Q0091,-,TOPS,No,Lip Sync for Your Legacy (top two)
L0635,AS04E09,S0294,Q0121,Q0104,Q0104,-,TOPS,No,Lip Sync for Your Legacy (top two)
L0636,AS04E10,S0295,Q0119,Q0104,-,-,TOPS,No,Lip Sync for Your Legacy (top two); double win (tie)
L0637,AS05E02,S0353,Q0103,Q0052,Q0103,-,TOPS,No,Lip Sync for Your Legacy vs assassin; winner inferred from progression WIN
L0638,AS05E03,S0354,Q0012,Q0119,Q0119,-,TOPS,No,Lip Sync for Your Legacy vs assassin
L0639,AS05E04,S0355,Q0118,Q0017,-,-,TOPS,No,Lip Sync for Your Legacy vs assassin; double win (tie)
L0640,AS05E05,S0356,Q0103,Q0127,Q0103,-,TOPS,No,Lip Sync for Your Legacy vs assassin
L0641,AS07E01,S0328,Q0119,Q0103,Q0103,-,TOPS,No,Lip Sync for Your Legacy (top two)
L0642,AS07E02,S0329,Q0047,Q0104,Q0047,-,CROWN,No,Lip Sync for Your Legacy (top two)
L0643,AS07E03,S0322,Q0144,Q0104,Q0144,-,TOPS,No,Lip Sync for Your Legacy (top two)
L0644,AS07E04,S0330,Q0047,Q0240,Q0240,-,TOPS,No,Lip Sync for Your Legacy (top two)
L0645,AS07E05,S0331,Q0047,Q0022,Q0047,-,TOPS,No,Lip Sync for Your Legacy (top two)
L0646,AS07E06,S0332,Q0240,Q0128,Q0240,-,TOPS,No,Lip Sync for Your Legacy (top two)
L0647,AS07E07,S0333,Q0144,Q0104,Q0104,-,CROWN,No,Lip Sync for Your Legacy (top two)
L0648,AS07E08,S0334,Q0022,Q0240,Q0022,-,TOPS,No,Lip Sync for Your Legacy (top two)
L0649,AS07E09,S0335,Q0047,Q0119,Q0119,-,TOPS,No,Lip Sync for Your Legacy (top two)
L0650,AS07E10,S0336,Q0047,Q0104,Q0047,-,TOPS,No,Lip Sync for Your Legacy (top two)
L0651,AS07E11,S0337,Q0119,Q0103,Q0103,-,CROWN,No,Lip Sync for Your Legacy (top two)
L0652,AS08E01,S0308,Q0140,Q0109,Q0109,-,CROWN,No,Lip Sync for Your Legacy vs assassin; assassin won
L0653,AS08E02,S0309,Q0241,Q0401,Q0401,-,TOPS,No,Lip Sync for Your Legacy vs assassin; assassin won
L0654,AS08E03,S0310,Q0015,Q0135,Q0015,-,TOPS,No,Lip Sync for Your Legacy vs assassin; winner inferred from progression WIN
L0655,AS08E04,S0311,Q0241,Q0004,Q0004,-,TOPS,No,Lip Sync for Your Legacy vs assassin; assassin won
L0656,AS08E05,S0312,Q0241,Q0175,Q0175,-,TOPS,No,Lip Sync for Your Legacy vs assassin; assassin won
L0657,AS08E06,S0313,Q0156,Q0170,Q0156,-,TOPS,No,Lip Sync for Your Legacy vs assassin; winner inferred from progression WIN
L0658,AS08E07,S0314,Q0164,Q0174,Q0164,-,TOPS,No,Lip Sync for Your Legacy vs assassin; winner inferred from progression WIN
L0659,AS08E08,S0315,Q0105,Q0152,Q0105,-,TOPS,No,Lip Sync for Your Legacy vs assassin; winner inferred from progression WIN
L0660,AS08E09,S0316,Q0241,Q0131,Q0241,-,TOPS,No,Lip Sync for Your Legacy vs assassin; winner inferred from progression WIN
L0661,AS08E10,S0317,Q0156,Q0242,Q0242,-,TOPS,No,Lip Sync for Your Legacy vs assassin; assassin won
L0662,AS08E11,S0318,Q0114,Q0164,-,-,TOPS,No,Lip Sync for Your Legacy (top two); double win (tie)
L0663,AS09E01,S0344,Q0170,Q0174,Q0170,-,TOPS,No,Lip Sync for Your Legacy (top two)
L0664,AS09E02,S0345,Q0157,Q0134,Q0157,-,TOPS,No,Lip Sync for Your Legacy (top two)
L0665,AS09E03,S0346,Q0157,Q0132,Q0157,-,TOPS,No,Lip Sync for Your Legacy (top two)
L0666,AS09E04,S0347,Q0049,Q0127,-,-,TOPS,No,Lip Sync for Your Legacy (top two); double win (tie)
L0667,AS09E05,S0348,Q0134,Q0049,Q0049,-,TOPS,No,Lip Sync for Your Legacy (top two)
L0668,AS09E06,S0349,Q0170,Q0134,Q0170,-,TOPS,No,Lip Sync for Your Legacy (top two)
L0669,AS09E07,S0215,Q0170,Q0132,Q0170,-,TOPS,No,Lip Sync for Your Legacy (top two)
L0670,AS09E08,S0350,Q0134,Q0049,Q0049,-,TOPS,No,Lip Sync for Your Legacy (top two)
L0671,AS09E09,S0351,Q0174,Q0004,-,-,TOPS,No,Lip Sync for Your Legacy (top two); double win (tie)
L0672,AS09E10,S0069,Q0049,Q0004,Q0049,-,TOPS,No,Lip Sync for Your Legacy (top two)
L0674,AS10E01,S0296,Q0109,Q0197,Q0109,-,TOPS,No,Lip Sync for Your Legacy (top two)
L0675,AS10E02,S0297,Q0171,Q0197,Q0171,-,TOPS,No,Lip Sync for Your Legacy (top two)
L0676,AS10E03,S0298,Q0171,Q0197,Q0197,-,TOPS,No,Lip Sync for Your Legacy (top two)
L0677,AS10E04,S0299,Q0218,Q0161,Q0218,-,TOPS,No,Lip Sync for Your Legacy (top two)
L0678,AS10E05,S0300,Q0174,Q0185,-,-,TOPS,No,Lip Sync for Your Legacy (top two); double win (tie)
L0679,AS10E06,S0301,Q0174,Q0218,Q0174,-,TOPS,No,Lip Sync for Your Legacy (top two)
L0680,AS10E07,S0302,Q0172,Q0076,Q0076,-,TOPS,No,Lip Sync for Your Legacy (top two)
L0681,AS10E08,S0303,Q0162,Q0076,Q0076,-,TOPS,No,Lip Sync for Your Legacy (top two)
L0682,AS10E09,S0304,Q0172,Q0076,Q0172,-,TOPS,No,Lip Sync for Your Legacy (top two)
L0683,AS10E12,S0307,Q0076,Q0174,Q0076,-,TOPS,No,Lip Sync for Your Legacy (top two)
L0684,AS11E01,S0338,Q0203,Q0017,Q0017,-,TOPS,No,Lip Sync for Your Legacy (top two)
L0685,AS11E02,S0339,Q0130,Q0203,Q0130,-,TOPS,No,Lip Sync for Your Legacy (top two)
L0686,AS11E03,S0340,Q0203,Q0017,Q0203,-,TOPS,No,Lip Sync for Your Legacy (top two)
L0687,AS11E04,S0341,Q0193,Q0142,Q0142,-,TOPS,No,Lip Sync for Your Legacy (top two)
L0688,AS11E05,S0342,Q0142,Q0131,Q0131,-,TOPS,No,Lip Sync for Your Legacy (top two)
L0689,AS11E06,S0343,Q0187,Q0072,Q0187,-,TOPS,No,Lip Sync for Your Legacy (top two)
L0690,AS02E05,S0378,Q0052,Q0013,-,-,TOPS,No,Lip Sync for Your Legacy (top two); double win (tie); both returned to the competition
L0691,AS04E06,S0532,Q0086,Q0104,Q0104,Q0086,SURVIVAL,Yes,LaLaPaRUza smackdown
L0692,AS04E06,S0535,Q0108,Q0107,Q0107,Q0108,SURVIVAL,Yes,LaLaPaRUza smackdown
L0693,AS04E06,S0536,Q0070,Q0091,Q0091,Q0070,SURVIVAL,Yes,LaLaPaRUza smackdown
L0694,AS04E06,S0063,Q0037,Q0121,-,-,SURVIVAL,Yes,LaLaPaRUza smackdown; double win (tie); Latrice Royale returned
L0695,AS05E01,S0352,Q0030,Q0128,Q0128,-,TOPS,No,Lip Sync for Your Legacy vs assassin
L0696,AS05E06,S0357,Q0118,Q0049,Q0049,-,TOPS,No,Lip Sync for Your Legacy vs assassin
L0697,AS05E07,S0534,Q0118,Q0078,Q0118,-,TOPS,No,Lip Sync for Your Legacy vs assassin
L0698,AS06E01,S0364,Q0025,Q0051,Q0051,-,TOPS,No,Lip Sync for Your Legacy vs assassin
L0699,AS06E02,S0365,Q0135,Q0129,-,-,TOPS,No,Lip Sync for Your Legacy vs assassin; double win (tie)
L0700,AS06E03,S0366,Q0067,Q0068,Q0068,-,TOPS,No,Lip Sync for Your Legacy vs assassin
L0701,AS06E04,S0367,Q0149,Q0015,Q0015,-,TOPS,No,Lip Sync for Your Legacy vs assassin
L0702,AS06E05,S0368,Q0076,Q0123,Q0076,-,TOPS,No,Lip Sync for Your Legacy vs assassin
L0703,AS06E06,S0369,Q0018,Q0023,Q0018,-,TOPS,No,Lip Sync for Your Legacy vs assassin
L0704,AS06E07,S0370,Q0067,Q0024,Q0024,-,TOPS,No,Lip Sync for Your Legacy vs assassin
L0705,AS06E08,S0371,Q0076,Q0147,Q0076,-,TOPS,No,Lip Sync for Your Legacy vs assassin
L0706,AS06E09,S0372,Q0135,Q0116,Q0116,-,TOPS,No,Lip Sync for Your Legacy vs assassin
L0707,AS06E10,S0537,Q0041,Q0059,Q0041,Q0059,SURVIVAL,Yes,Rudemption Lip-Sync Smackdown R1
L0708,AS06E10,S0538,Q0041,Q0131,Q0131,Q0041,SURVIVAL,Yes,Rudemption Lip-Sync Smackdown R2
L0709,AS06E10,S0058,Q0131,Q0025,Q0131,Q0025,SURVIVAL,Yes,Rudemption Lip-Sync Smackdown R3
L0710,AS06E10,S0539,Q0136,Q0131,Q0131,Q0136,SURVIVAL,Yes,Rudemption Lip-Sync Smackdown R4
L0711,AS06E10,S0540,Q0131,Q0130,Q0131,Q0130,SURVIVAL,Yes,"Rudemption Lip-Sync Smackdown R5; A'Keria quit, Silky performed solo"
L0712,AS06E10,S0541,Q0149,Q0131,Q0131,Q0149,SURVIVAL,Yes,Rudemption Lip-Sync Smackdown R6
L0713,AS06E10,S0542,Q0014,Q0131,Q0131,Q0014,SURVIVAL,Yes,Rudemption Lip-Sync Smackdown R7
L0714,AS06E10,S0543,Q0111,Q0131,Q0111,Q0131,SURVIVAL,Yes,Rudemption Lip-Sync Smackdown R8 final; Eureka! returned to the competition
L0715,AS06E11,S0373,Q0111,Q0144,-,-,TOPS,No,Lip Sync for Your Legacy vs assassin; double win (tie)
L0716,AS07E12,S0544,Q0240,Q0128,Q0128,Q0240,SURVIVAL,Yes,Smackdown for the Crown; SDADHH bracket R1
L0717,AS07E12,S0545,Q0144,Q0022,Q0022,Q0144,SURVIVAL,Yes,Smackdown for the Crown; SDADHH bracket R1
L0718,AS07E12,S0546,Q0047,Q0103,Q0047,Q0103,SURVIVAL,Yes,"Smackdown for the Crown; crown bracket semifinal, Shea eliminated"
L0719,AS07E12,S0547,Q0119,Q0104,Q0119,Q0104,SURVIVAL,Yes,"Smackdown for the Crown; crown bracket semifinal, Trinity eliminated"
L0720,AS07E12,S0548,Q0022,Q0128,Q0022,Q0128,SURVIVAL,Yes,"Smackdown for the Crown; SDADHH bracket final, Raja named Queen of She Done Already Done Had Herses"
L0721,AS07E12,S0549,Q0047,Q0119,Q0047,Q0119,CROWN,No,Lip sync for the crown; Jinkx crowned AS7
L0722,AS08E12,S0319,Q0241,Q0156,Q0241,Q0156,CROWN,No,Lip sync for the crown; Jimbo crowned AS8
L0723,AS09E10,S0008,Q0170,Q0157,Q0170,Q0157,SURVIVAL,Yes,LaLaPaRuZa smackdown R1
L0724,AS09E10,S0043,Q0134,Q0127,Q0127,Q0134,SURVIVAL,Yes,LaLaPaRuZa smackdown R1
L0725,AS09E10,S0292,Q0132,Q0004,Q0004,Q0132,SURVIVAL,Yes,LaLaPaRuZa smackdown R1
L0726,AS09E10,S0086,Q0174,Q0049,Q0049,Q0174,SURVIVAL,Yes,LaLaPaRuZa smackdown R1
L0727,AS09E10,S0055,Q0004,Q0127,Q0004,Q0127,SURVIVAL,Yes,LaLaPaRuZa smackdown R2
L0728,AS09E10,S0104,Q0170,Q0049,Q0049,Q0170,SURVIVAL,Yes,LaLaPaRuZa smackdown R2
L0729,AS10E10,S0305,Q0098,Q0185,Q0185,Q0098,NORMAL,No,Bottom two All Stars lip sync; Cynthia Lee Fontaine eliminated
L0730,AS10E11,S0306,Q0218,Q0185,Q0218,Q0185,NORMAL,No,Bottom two All Stars lip sync; Mistress Isabelle Brooks eliminated
L0731,AS10E12,S0550,Q0076,Q0176,Q0076,Q0176,SURVIVAL,Yes,Smackdown for the Crown R1
L0732,AS10E12,S0551,Q0197,Q0218,Q0218,Q0197,SURVIVAL,Yes,Smackdown for the Crown R1
L0733,AS10E12,S0552,Q0109,Q0174,Q0174,Q0109,SURVIVAL,Yes,Smackdown for the Crown R1
L0734,AS10E12,S0553,Q0171,Q0172,Q0171,Q0172,SURVIVAL,Yes,Smackdown for the Crown R1
L0735,AS10E12,S0554,Q0171,Q0076,Q0076,Q0171,SURVIVAL,Yes,Smackdown for the Crown semifinal
L0736,AS10E12,S0555,Q0174,Q0218,Q0174,Q0218,SURVIVAL,Yes,Smackdown for the Crown semifinal
L0737,UK01E01,S0487,Q0317,Q0319,Q0317,Q0319,NORMAL,No,from Fandom HTML (UK)
L0738,UK01E02,S0488,Q0314,Q0318,Q0314,Q0318,NORMAL,No,from Fandom HTML (UK)
L0739,UK01E03,S0004,Q0316,Q0317,Q0316,Q0317,NORMAL,No,from Fandom HTML (UK)
L0740,UK01E04,S0489,Q0315,Q0316,Q0315,Q0316,NORMAL,No,from Fandom HTML (UK)
L0741,UK01E05,S0490,Q0240,Q0315,Q0240,Q0315,NORMAL,No,from Fandom HTML (UK)
L0742,UK01E06,S0491,Q0313,Q0314,Q0313,Q0314,NORMAL,No,from Fandom HTML (UK)
L0743,UK01E07,S0492,Q0312,Q0313,Q0312,Q0313,NORMAL,No,from Fandom HTML (UK)
L0744,UK01E08,S0493,Q0240,Q0311,Q0240,,CROWN,No,finale lip sync for the crown; The Vivienne crowned. from Fandom HTML (UK)
L0745,UK02E01,S0468,Q0321,Q0327,Q0321,Q0327,NORMAL,No,from Fandom MD (UK)
L0746,UK02E02,S0469,Q0331,Q0322,Q0322,Q0331,NORMAL,No,from Fandom MD (UK)
L0747,UK02E03,S0470,Q0330,Q0326,Q0326,Q0330,NORMAL,No,from Fandom MD (UK)
L0748,UK02E04,S0471,Q0329,Q0325,,,SHANTAY,Yes,"double shantay, no elimination. from Fandom MD (UK)"
L0749,UK02E06,S0472,Q0326,Q0320,Q0320,Q0326,NORMAL,No,from Fandom MD (UK)
L0750,UK02E07,S0473,Q0322,Q0325,Q0322,Q0325,NORMAL,No,from Fandom MD (UK)
L0751,UK02E08,S0474,Q0324,Q0322,Q0322,Q0324,NORMAL,No,from Fandom MD (UK)
L0752,UK02E09,S0475,Q0323,Q0322,,,SHANTAY,Yes,"double shantay, no elimination. from Fandom MD (UK)"
L0753,UK02E10,S0476,Q0320,Q0321,Q0320,,CROWN,No,finale lip sync for the crown; Lawrence Chaney crowned. from Fandom MD (UK)
L0754,UK03E01,S0195,Q0342,Q0341,Q0341,Q0342,NORMAL,No,from Fandom MD (UK)
L0755,UK03E02,S0431,Q0341,Q0335,Q0335,Q0341,NORMAL,No,from Fandom MD (UK)
L0756,UK03E03,S0432,Q0335,Q0328,Q0335,Q0328,NORMAL,No,from Fandom MD (UK)
L0757,UK03E04,S0433,Q0339,Q0336,,,SHANTAY,Yes,"double shantay, no elimination. from Fandom MD (UK)"
L0758,UK03E05,S0434,Q0339,Q0336,Q0336,Q0339,NORMAL,No,from Fandom MD (UK)
L0759,UK03E06,S0435,Q0337,Q0338,Q0337,Q0338,NORMAL,No,from Fandom MD (UK)
L0760,UK03E07,S0436,Q0336,Q0335,Q0335,Q0336,NORMAL,No,from Fandom MD (UK)
L0761,UK03E08,S0437,Q0333,Q0334,,,TOPS,No,top-two lip sync for the win. from Fandom MD (UK)
L0762,UK03E09,S0312,Q0332,Q0335,Q0332,Q0335,NORMAL,No,from Fandom MD (UK)
L0763,UK03E10,S0438,Q0332,Q0333,Q0332,,CROWN,No,finale lip sync for the crown; Krystal Versace crowned. from Fandom MD (UK)
L0764,UK04E01,S0448,Q0348,Q0354,Q0348,Q0354,NORMAL,No,from Fandom MD (UK)
L0765,UK04E02,S0449,Q0346,Q0353,Q0346,Q0353,NORMAL,No,from Fandom MD (UK)
L0766,UK04E03,S0450,Q0345,Q0352,Q0345,Q0352,NORMAL,No,from Fandom MD (UK)
L0767,UK04E04,S0451,Q0350,Q0351,Q0350,Q0351,NORMAL,No,from Fandom MD (UK)
L0768,UK04E05,S0452,Q0350,Q0348,,,SHANTAY,Yes,"double shantay, no elimination. from Fandom MD (UK)"
L0769,UK04E06,S0453,Q0345,Q0349,Q0345,Q0349,NORMAL,No,from Fandom MD (UK)
L0770,UK04E07,S0454,Q0348,Q0347,Q0347,Q0348,NORMAL,No,from Fandom MD (UK)
L0771,UK04E08,S0455,Q0345,Q0346,,,SHANTAY,Yes,"double shantay, no elimination. from Fandom MD (UK)"
L0772,UK04E09,S0456,Q0345,Q0347,Q0345,Q0347,NORMAL,No,from Fandom MD (UK)
L0773,UK04E10,S0457,Q0343,Q0344,Q0343,,CROWN,No,finale lip sync for the crown; Danny Beard crowned. from Fandom MD (UK)
L0774,UK05E01,S0477,Q0360,Q0361,Q0361,,TOPS,No,top-two lip sync for the win. from Fandom MD (UK)
L0775,UK05E02,S0478,Q0364,Q0363,Q0363,Q0364,NORMAL,No,from Fandom MD (UK)
L0776,UK05E03,S0479,Q0360,Q0357,Q0360,,TOPS,No,top-two lip sync for the win. from Fandom MD (UK)
L0777,UK05E04,S0480,Q0360,Q0363,Q0360,Q0363,NORMAL,No,from Fandom MD (UK)
L0778,UK05E05,S0481,Q0362,Q0358,Q0358,Q0362,NORMAL,No,from Fandom MD (UK)
L0779,UK05E06,S0482,Q0358,Q0361,Q0358,Q0361,NORMAL,No,from Fandom MD (UK)
L0780,UK05E07,S0483,Q0360,Q0356,Q0356,Q0360,NORMAL,No,from Fandom MD (UK)
L0781,UK05E08,S0484,Q0358,Q0359,Q0358,Q0359,NORMAL,No,from Fandom MD (UK)
L0782,UK05E09,S0485,Q0358,Q0357,Q0357,Q0358,NORMAL,No,from Fandom MD (UK)
L0783,UK05E10,S0486,Q0355,Q0356,Q0355,,CROWN,No,finale lip sync for the crown; Ginger Johnson crowned. from Fandom MD (UK)
L0784,UK06E01,S0458,Q0365,Q0366,Q0365,,TOPS,No,top-two lip sync for the win. from Fandom MD (UK)
L0785,UK06E02,S0459,Q0372,Q0369,Q0369,,TOPS,No,top-two lip sync for the win. from Fandom MD (UK)
L0786,UK06E03,S0460,Q0375,Q0373,Q0373,Q0375,NORMAL,No,from Fandom MD (UK)
L0787,UK06E04,S0461,Q0369,Q0374,Q0369,Q0374,NORMAL,No,from Fandom MD (UK)
L0788,UK06E05,S0462,Q0371,Q0373,Q0371,Q0373,NORMAL,No,from Fandom MD (UK)
L0789,UK06E06,S0463,Q0372,Q0368,Q0368,Q0372,NORMAL,No,from Fandom MD (UK)
L0790,UK06E07,S0464,Q0371,Q0369,Q0369,Q0371,NORMAL,No,from Fandom MD (UK)
L0791,UK06E08,S0465,Q0370,Q0368,Q0368,Q0370,NORMAL,No,from Fandom MD (UK)
L0792,UK06E09,S0466,Q0369,Q0368,Q0368,Q0369,NORMAL,No,from Fandom MD (UK)
L0793,UK06E10,S0467,Q0365,Q0366,Q0365,,CROWN,No,finale lip sync for the crown; Kyran Thrax crowned. from Fandom MD (UK)
L0794,UK07E01,S0439,Q0386,Q0388,,,SHANTAY,Yes,"double shantay, no elimination. from Fandom MD (UK)"
L0795,UK07E02,S0440,Q0388,Q0387,Q0387,Q0388,NORMAL,No,from Fandom MD (UK)
L0796,UK07E03,S0441,Q0386,Q0387,Q0386,Q0387,NORMAL,No,from Fandom MD (UK)
L0797,UK07E04,S0442,Q0386,Q0380,Q0380,Q0386,NORMAL,No,from Fandom MD (UK)
L0798,UK07E05,S0443,Q0377,Q0385,Q0377,Q0385,NORMAL,No,from Fandom MD (UK)
L0799,UK07E06,S0444,Q0384,Q0381,Q0381,Q0384,NORMAL,No,from Fandom MD (UK)
L0800,UK07E07,S0445,Q0377,Q0383,Q0377,Q0383,NORMAL,No,from Fandom MD (UK)
L0801,UK07E08,S0446,Q0382,Q0379,Q0379,Q0382,NORMAL,No,from Fandom MD (UK)
L0802,UK07E09,S0447,Q0379,Q0381,Q0379,Q0381,NORMAL,No,from Fandom MD (UK)
L0803,UK07E10,S0083,Q0377,Q0378,Q0377,,CROWN,No,finale lip sync for the crown; Bones crowned. from Fandom MD (UK)
L0804,CA01E01,S0397,Q0252,Q0245,Q0245,Q0252,NORMAL,No,from Fandom MD (CA)
L0805,CA01E02,S0398,Q0251,Q0249,Q0249,Q0251,NORMAL,No,from Fandom MD (CA)
L0806,CA01E03,S0399,Q0250,Q0249,Q0249,Q0250,NORMAL,No,from Fandom MD (CA)
L0807,CA01E04,S0400,Q0246,Q0249,Q0246,Q0249,NORMAL,No,from Fandom MD (CA)
L0808,CA01E05,S0401,Q0248,Q0242,Q0242,Q0248,NORMAL,No,from Fandom MD (CA)
L0809,CA01E06,S0402,Q0247,Q0246,Q0246,Q0247,NORMAL,No,from Fandom MD (CA)
L0810,CA01E07,S0403,Q0246,Q0242,Q0242,Q0246,NORMAL,No,from Fandom MD (CA)
L0811,CA01E08,S0404,Q0245,Q0243,Q0243,Q0245,NORMAL,No,from Fandom MD (CA)
L0812,CA01E09,S0405,Q0241,Q0243,Q0243,Q0241,NORMAL,No,from Fandom MD (CA)
L0813,CA02E01,S0382,Q0264,Q0256,Q0256,Q0264,NORMAL,No,from Fandom MD (CA)
L0814,CA02E02,S0383,Q0253,Q0263,Q0253,Q0263,NORMAL,No,from Fandom MD (CA)
L0815,CA02E03,S0384,Q0262,Q0259,Q0259,Q0262,NORMAL,No,from Fandom MD (CA)
L0816,CA02E04,S0385,Q0260,Q0261,Q0260,Q0261,NORMAL,No,from Fandom MD (CA)
L0817,CA02E05,S0386,Q0260,Q0259,Q0259,Q0260,NORMAL,No,from Fandom MD (CA)
L0818,CA02E06,S0387,Q0254,Q0259,Q0254,Q0259,NORMAL,No,from Fandom MD (CA)
L0819,CA02E07,S0388,Q0256,Q0258,Q0256,Q0258,NORMAL,No,from Fandom MD (CA)
L0820,CA02E08,S0389,Q0257,Q0253,Q0253,Q0257,NORMAL,No,from Fandom MD (CA)
L0821,CA03E01,S0414,Q0276,Q0275,Q0275,Q0276,NORMAL,No,from Fandom MD (CA)
L0822,CA03E02,S0415,Q0266,Q0275,Q0266,Q0275,NORMAL,No,from Fandom MD (CA)
L0823,CA03E03,S0416,Q0274,Q0268,Q0268,Q0274,NORMAL,No,from Fandom MD (CA)
L0824,CA03E04,S0417,Q0273,Q0266,Q0266,Q0273,NORMAL,No,from Fandom MD (CA)
L0825,CA03E05,S0418,Q0267,Q0272,Q0267,Q0272,NORMAL,No,from Fandom MD (CA)
L0826,CA03E06,S0419,Q0271,Q0270,Q0270,Q0271,NORMAL,No,from Fandom MD (CA)
L0827,CA03E07,S0420,Q0265,Q0270,Q0265,Q0270,NORMAL,No,from Fandom MD (CA)
L0828,CA03E08,S0421,Q0267,Q0269,Q0267,Q0269,NORMAL,No,from Fandom MD (CA)
L0829,CA04E07,S0428,Q0279,Q0282,Q0279,Q0282,NORMAL,No,from Fandom MD (CA)
L0830,CA04E08,S0429,Q0281,Q0280,Q0280,Q0281,NORMAL,No,from Fandom MD (CA)
L0831,CA05E07,S0411,Q0288,Q0293,Q0288,Q0293,NORMAL,No,from Fandom MD (CA)
L0832,CA05E08,S0412,Q0289,Q0292,Q0289,Q0292,NORMAL,No,from Fandom MD (CA)
L0833,CA06E07,S0395,Q0301,Q0304,Q0301,Q0304,NORMAL,No,from Fandom MD (CA)
L0834,CA06E08,S0396,Q0303,Q0302,Q0302,Q0303,NORMAL,No,from Fandom MD (CA)
L0835,CW01E01,S0499,Q0243,Q0335,Q0335,,TOPS,No,top-two lip sync for the win; elimination decided separately. from Fandom MD (CW)
L0836,CW01E02,S0500,Q0253,Q0135,Q0253,,TOPS,No,top-two lip sync for the win; elimination decided separately. from Fandom MD (CW)
L0837,CW01E03,S0325,Q0131,Q0340,Q0131,,TOPS,No,top-two lip sync for the win; elimination decided separately. from Fandom MD (CW)
L0838,CW01E04,S0501,Q0131,Q0340,Q0340,,TOPS,No,top-two lip sync for the win; elimination decided separately. from Fandom MD (CW)
L0839,CW01E05,S0502,Q0243,Q0340,Q0243,,TOPS,No,top-two lip sync for the win; elimination decided separately. from Fandom MD (CW)
L0840,GA01E01,S0042,Q0052,Q0391,,,TOPS,No,top-two lip sync for the win. from Fandom MD (GA)
L0841,GA01E02,S0503,Q0397,Q0394,Q0394,,TOPS,No,top-two lip sync for the win. from Fandom MD (GA)
L0842,GA01E03,S0504,Q0399,Q0396,Q0396,Q0399,NORMAL,No,from Fandom MD (GA)
L0843,GA01E04,S0489,Q0398,Q0394,Q0394,Q0398,NORMAL,No,from Fandom MD (GA)
L0844,GA01E05,S0505,Q0397,Q0395,Q0395,Q0397,NORMAL,No,from Fandom MD (GA)
L0845,GA01E06,S0109,Q0395,Q0396,Q0395,Q0396,NORMAL,No,from Fandom MD (GA)
L0846,GA01E07,S0506,Q0395,Q0394,Q0394,Q0395,NORMAL,No,from Fandom MD (GA)
L0847,GA01E08,S0401,Q0255,Q0394,Q0394,Q0255,NORMAL,No,from Fandom MD (GA)
L0848,GA01E09,S0025,Q0334,Q0394,Q0334,Q0394,NORMAL,No,from Fandom MD (GA)
L0849,GA01E10,S0019,Q0391,Q0393,Q0391,Q0393,NORMAL,No,from Fandom MD (GA)
L0850,UW01E01,S0521,Q0241,Q0401,Q0401,,TOPS,No,top-two lip sync for the win; elimination decided separately. from Fandom MD (UW)
L0851,UW01E02,S0522,Q0400,Q0241,Q0400,,TOPS,No,top-two lip sync for the win; elimination decided separately. from Fandom MD (UW)
L0852,UW01E03,S0523,Q0400,Q0401,Q0401,,TOPS,No,top-two lip sync for the win; elimination decided separately. from Fandom MD (UW)
L0853,UW01E04,S0128,Q0312,Q0314,Q0314,,TOPS,No,top-two lip sync for the win; elimination decided separately. from Fandom MD (UW)
L0854,UW01E05,S0524,Q0012,Q0121,Q0012,,TOPS,No,top-two lip sync for the win; elimination decided separately. from Fandom MD (UW)
L0855,UW02E01,S0514,Q0403,Q0404,Q0404,,TOPS,No,top-two lip sync for the win; elimination decided separately. from Fandom MD (UW)
L0856,UW02E02,S0515,Q0405,Q0403,Q0403,,TOPS,No,top-two lip sync for the win; elimination decided separately. from Fandom MD (UW)
L0857,UW02E03,S0516,Q0136,Q0326,Q0136,,TOPS,No,top-two lip sync for the win; elimination decided separately. from Fandom MD (UW)
L0858,UW02E04,S0517,Q0402,Q0326,Q0326,,TOPS,No,top-two lip sync for the win; elimination decided separately. from Fandom MD (UW)
L0859,UW02E05,S0518,Q0404,Q0326,Q0404,,TOPS,No,top-two lip sync for the win; elimination decided separately. from Fandom MD (UW)
L0860,UW02E06,S0519,Q0402,Q0404,Q0404,,TOPS,No,top-two lip sync for the win; elimination decided separately. from Fandom MD (UW)
L0861,UW02E07,S0520,Q0402,Q0326,Q0402,,TOPS,No,top-two lip sync for the win; elimination decided separately. from Fandom MD (UW)
L0862,UW03E01,S0507,Q0408,Q0407,Q0408,,TOPS,No,top-two lip sync for the win. from Fandom MD (UW)
L0863,UW03E06,S0512,Q0029,Q0374,Q0029,Q0374,NORMAL,No,from Fandom MD (UW)
L0864,UW03E07,S0513,Q0359,Q0409,Q0359,Q0409,NORMAL,No,from Fandom MD (UW)
L0865,DU01E01,S0629,Q0416,Q0420,Q0416,Q0420,NORMAL,No,-
L0866,DU01E02,S0630,Q0413,Q0419,Q0419,Q0413,NORMAL,No,-
L0867,DU01E03,S0631,Q0419,Q0416,Q0416,Q0419,NORMAL,No,-
L0868,DU01E04,S0508,Q0414,Q0389,Q0414,Q0389,NORMAL,No,-
L0869,DU01E05,S0632,Q0417,Q0418,Q0417,Q0418,NORMAL,No,-
L0870,DU01E06,S0633,Q0417,Q0415,Q0415,Q0417,NORMAL,No,-
L0871,DU01E07,S0634,Q0416,Q0412,Q0412,Q0416,NORMAL,No,-
L0872,DU01E08,S0635,-,-,-,-,CROWN,No,Finale lip-sync for the crown
L0873,DU02E01,S0636,Q0428,Q0421,Q0421,Q0428,NORMAL,No,-
L0874,DU02E02,S0637,Q0427,Q0391,Q0391,Q0427,NORMAL,No,-
L0875,DU02E03,S0638,Q0423,Q0426,Q0423,Q0426,NORMAL,No,-
L0876,DU02E04,S0639,Q0423,Q0425,Q0423,Q0425,NORMAL,No,-
L0877,DU02E05,S0640,Q0422,Q0424,Q0422,Q0424,NORMAL,No,-
L0878,DU02E06,S0207,Q0423,Q0391,Q0391,Q0423,NORMAL,No,-
L0879,DU02E07,S0641,Q0402,Q0422,Q0402,Q0422,NORMAL,No,-
L0880,DU02E08,S0642,-,-,-,-,CROWN,No,Finale lip-sync for the crown
L0881,DU03E01,S0643,Q0438,Q0437,Q0437,Q0438,NORMAL,No,-
L0882,DU03E02,S0297,Q0437,Q0435,Q0435,Q0437,NORMAL,No,-
L0883,DU03E03,S0644,Q0436,Q0435,Q0435,Q0436,NORMAL,No,-
L0884,DU03E04,S0645,Q0435,Q0431,Q0431,Q0435,NORMAL,No,-
L0885,DU03E05,S0646,Q0434,Q0433,Q0433,Q0434,NORMAL,No,-
L0886,DU03E06,S0647,Q0433,Q0430,Q0430,Q0433,NORMAL,No,-
L0887,DU03E07,S0648,Q0430,Q0432,Q0430,Q0432,NORMAL,No,-
L0888,DU03E08,S0649,-,-,-,-,CROWN,No,Finale lip-sync for the crown
L0889,DU04E01,S0650,Q0447,Q0446,-,-,NORMAL,No,-
L0890,DU04E02,S0651,Q0446,Q0448,Q0446,Q0448,NORMAL,No,-
L0891,DU04E03,S0652,Q0447,Q0444,Q0444,Q0447,NORMAL,No,-
L0892,DU04E04,S0653,Q0442,Q0446,Q0442,Q0446,NORMAL,No,-
L0893,DU04E05,S0654,Q0445,Q0444,Q0444,Q0445,NORMAL,No,-
L0894,DU04E06,S0655,Q0444,Q0443,Q0443,Q0444,NORMAL,No,-
L0895,DU04E07,S0656,Q0440,Q0443,Q0440,Q0443,NORMAL,No,-
L0896,DU04E08,S0657,-,-,-,-,CROWN,No,Finale lip-sync for the crown
