progression_id,contestant_id,queen_id,season_id,episode_id,status
P0001,US01-Q0001,Q0001,US01,US01E01,SAFE
P0002,US01-Q0002,Q0002,US01,US01E01,WIN
P0003,US01-Q0003,Q0003,US01,US01E01,LOW
P0004,US01-Q0004,Q0004,US01,US01E01,SAFE
P0005,US01-Q0005,Q0005,US01,US01E01,HIGH
P0006,US01-Q0006,Q0006,US01,US01E01,SAFE
P0007,US01-Q0007,Q0007,US01,US01E01,BTM
P0008,US01-Q0008,Q0008,US01,US01E01,SAFE
P0009,US01-Q0009,Q0009,US01,US01E01,ELIM
P0010,US01-Q0001,Q0001,US01,US01E02,SAFE
P0011,US01-Q0002,Q0002,US01,US01E02,SAFE
P0012,US01-Q0003,Q0003,US01,US01E02,SAFE
P0013,US01-Q0004,Q0004,US01,US01E02,SAFE
P0014,US01-Q0005,Q0005,US01,US01E02,WIN
P0015,US01-Q0006,Q0006,US01,US01E02,SAFE
P0016,US01-Q0007,Q0007,US01,US01E02,BTM
P0017,US01-Q0008,Q0008,US01,US01E02,ELIM
P0018,US01-Q0001,Q0001,US01,US01E03,WIN
P0019,US01-Q0002,Q0002,US01,US01E03,HIGH
P0020,US01-Q0003,Q0003,US01,US01E03,HIGH
P0021,US01-Q0004,Q0004,US01,US01E03,BTM
P0022,US01-Q0005,Q0005,US01,US01E03,HIGH
P0023,US01-Q0006,Q0006,US01,US01E03,LOW
P0024,US01-Q0007,Q0007,US01,US01E03,ELIM
P0025,US01-Q0001,Q0001,US01,US01E04,HIGH
P0026,US01-Q0002,Q0002,US01,US01E04,HIGH
P0027,US01-Q0003,Q0003,US01,US01E04,BTM
P0028,US01-Q0004,Q0004,US01,US01E04,LOW
P0029,US01-Q0005,Q0005,US01,US01E04,WIN
P0030,US01-Q0006,Q0006,US01,US01E04,ELIM
P0031,US01-Q0001,Q0001,US01,US01E05,BTM
P0032,US01-Q0002,Q0002,US01,US01E05,LOW
P0033,US01-Q0003,Q0003,US01,US01E05,WIN
P0034,US01-Q0004,Q0004,US01,US01E05,HIGH
P0035,US01-Q0005,Q0005,US01,US01E05,ELIM
P0036,US01-Q0001,Q0001,US01,US01E06,WIN
P0037,US01-Q0002,Q0002,US01,US01E06,HIGH
P0038,US01-Q0003,Q0003,US01,US01E06,BTM
P0039,US01-Q0004,Q0004,US01,US01E06,ELIM
P0040,US01-Q0001,Q0001,US01,US01E08,WINNER
P0041,US01-Q0002,Q0002,US01,US01E08,RUNNER-UP
P0042,US01-Q0003,Q0003,US01,US01E08,ELIM
P0043,US02-Q0010,Q0010,US02,US02E01,HIGH
P0044,US02-Q0011,Q0011,US02,US02E01,SAFE
P0045,US02-Q0012,Q0012,US02,US02E01,SAFE
P0046,US02-Q0013,Q0013,US02,US02E01,SAFE
P0047,US02-Q0014,Q0014,US02,US02E01,HIGH
P0048,US02-Q0015,Q0015,US02,US02E01,SAFE
P0049,US02-Q0016,Q0016,US02,US02E01,BTM
P0050,US02-Q0017,Q0017,US02,US02E01,WIN
P0051,US02-Q0018,Q0018,US02,US02E01,SAFE
P0052,US02-Q0019,Q0019,US02,US02E01,LOW
P0053,US02-Q0020,Q0020,US02,US02E01,SAFE
P0054,US02-Q0021,Q0021,US02,US02E01,ELIM
P0055,US02-Q0010,Q0010,US02,US02E02,SAFE
P0056,US02-Q0011,Q0011,US02,US02E02,BTM
P0057,US02-Q0012,Q0012,US02,US02E02,SAFE
P0058,US02-Q0013,Q0013,US02,US02E02,SAFE
P0059,US02-Q0014,Q0014,US02,US02E02,SAFE
P0060,US02-Q0015,Q0015,US02,US02E02,SAFE
P0061,US02-Q0016,Q0016,US02,US02E02,WIN
P0062,US02-Q0017,Q0017,US02,US02E02,SAFE
P0063,US02-Q0018,Q0018,US02,US02E02,LOW
P0064,US02-Q0019,Q0019,US02,US02E02,SAFE
P0065,US02-Q0020,Q0020,US02,US02E02,ELIM
P0066,US02-Q0010,Q0010,US02,US02E03,WIN
P0067,US02-Q0011,Q0011,US02,US02E03,BTM
P0068,US02-Q0012,Q0012,US02,US02E03,SAFE
P0069,US02-Q0013,Q0013,US02,US02E03,SAFE
P0070,US02-Q0014,Q0014,US02,US02E03,HIGH
P0071,US02-Q0015,Q0015,US02,US02E03,HIGH
P0072,US02-Q0016,Q0016,US02,US02E03,SAFE
P0073,US02-Q0017,Q0017,US02,US02E03,SAFE
P0074,US02-Q0018,Q0018,US02,US02E03,SAFE
P0075,US02-Q0019,Q0019,US02,US02E03,ELIM
P0076,US02-Q0010,Q0010,US02,US02E04,SAFE
P0077,US02-Q0011,Q0011,US02,US02E04,SAFE
P0078,US02-Q0012,Q0012,US02,US02E04,LOW
P0079,US02-Q0013,Q0013,US02,US02E04,WIN
P0080,US02-Q0014,Q0014,US02,US02E04,HIGH
P0081,US02-Q0015,Q0015,US02,US02E04,SAFE
P0082,US02-Q0016,Q0016,US02,US02E04,SAFE
P0083,US02-Q0017,Q0017,US02,US02E04,BTM
P0084,US02-Q0018,Q0018,US02,US02E04,ELIM
P0085,US02-Q0010,Q0010,US02,US02E05,WIN
P0086,US02-Q0011,Q0011,US02,US02E05,HIGH
P0087,US02-Q0012,Q0012,US02,US02E05,HIGH
P0088,US02-Q0013,Q0013,US02,US02E05,LOW
P0089,US02-Q0014,Q0014,US02,US02E05,SAFE
P0090,US02-Q0015,Q0015,US02,US02E05,HIGH
P0091,US02-Q0016,Q0016,US02,US02E05,BTM
P0092,US02-Q0017,Q0017,US02,US02E05,ELIM
P0093,US02-Q0010,Q0010,US02,US02E06,LOW
P0094,US02-Q0011,Q0011,US02,US02E06,HIGH
P0095,US02-Q0012,Q0012,US02,US02E06,BTM
P0096,US02-Q0013,Q0013,US02,US02E06,SAFE
P0097,US02-Q0014,Q0014,US02,US02E06,HIGH
P0098,US02-Q0015,Q0015,US02,US02E06,WIN
P0099,US02-Q0016,Q0016,US02,US02E06,ELIM
P0100,US02-Q0010,Q0010,US02,US02E07,SAFE
P0101,US02-Q0011,Q0011,US02,US02E07,WIN
P0102,US02-Q0012,Q0012,US02,US02E07,HIGH
P0103,US02-Q0013,Q0013,US02,US02E07,BTM
P0104,US02-Q0014,Q0014,US02,US02E07,LOW
P0105,US02-Q0015,Q0015,US02,US02E07,ELIM
P0106,US02-Q0010,Q0010,US02,US02E08,HIGH
P0107,US02-Q0011,Q0011,US02,US02E08,WIN
P0108,US02-Q0012,Q0012,US02,US02E08,BTM
P0109,US02-Q0013,Q0013,US02,US02E08,HIGH
P0110,US02-Q0014,Q0014,US02,US02E08,ELIM
P0111,US02-Q0010,Q0010,US02,US02E09,WIN
P0112,US02-Q0011,Q0011,US02,US02E09,HIGH
P0113,US02-Q0012,Q0012,US02,US02E09,BTM
P0114,US02-Q0013,Q0013,US02,US02E09,ELIM
P0115,US02-Q0010,Q0010,US02,US02E11,WINNER
P0116,US02-Q0011,Q0011,US02,US02E11,RUNNER-UP
P0117,US02-Q0012,Q0012,US02,US02E11,ELIM
P0118,US03-Q0022,Q0022,US03,US03E02,WIN
P0119,US03-Q0023,Q0023,US03,US03E02,HIGH
P0120,US03-Q0024,Q0024,US03,US03E02,SAFE
P0121,US03-Q0025,Q0025,US03,US03E02,SAFE
P0122,US03-Q0026,Q0026,US03,US03E02,LOW
P0123,US03-Q0021,Q0021,US03,US03E02,BTM
P0124,US03-Q0027,Q0027,US03,US03E02,SAFE
P0125,US03-Q0028,Q0028,US03,US03E02,SAFE
P0126,US03-Q0029,Q0029,US03,US03E02,SAFE
P0127,US03-Q0030,Q0030,US03,US03E02,SAFE
P0128,US03-Q0031,Q0031,US03,US03E02,HIGH
P0129,US03-Q0032,Q0032,US03,US03E02,SAFE
P0130,US03-Q0033,Q0033,US03,US03E02,ELIM
P0131,US03-Q0022,Q0022,US03,US03E03,SAFE
P0132,US03-Q0023,Q0023,US03,US03E03,SAFE
P0133,US03-Q0024,Q0024,US03,US03E03,WIN
P0134,US03-Q0025,Q0025,US03,US03E03,SAFE
P0135,US03-Q0026,Q0026,US03,US03E03,LOW
P0136,US03-Q0021,Q0021,US03,US03E03,WIN
P0137,US03-Q0027,Q0027,US03,US03E03,BTM
P0138,US03-Q0028,Q0028,US03,US03E03,SAFE
P0139,US03-Q0029,Q0029,US03,US03E03,SAFE
P0140,US03-Q0030,Q0030,US03,US03E03,SAFE
P0141,US03-Q0031,Q0031,US03,US03E03,SAFE
P0142,US03-Q0032,Q0032,US03,US03E03,ELIM
P0143,US03-Q0022,Q0022,US03,US03E04,SAFE
P0144,US03-Q0023,Q0023,US03,US03E04,SAFE
P0145,US03-Q0024,Q0024,US03,US03E04,WIN
P0146,US03-Q0025,Q0025,US03,US03E04,HIGH
P0147,US03-Q0026,Q0026,US03,US03E04,SAFE
P0148,US03-Q0021,Q0021,US03,US03E04,SAFE
P0149,US03-Q0027,Q0027,US03,US03E04,SAFE
P0150,US03-Q0028,Q0028,US03,US03E04,HIGH
P0151,US03-Q0029,Q0029,US03,US03E04,LOW
P0152,US03-Q0030,Q0030,US03,US03E04,BTM
P0153,US03-Q0031,Q0031,US03,US03E04,ELIM
P0154,US03-Q0022,Q0022,US03,US03E05,SAFE
P0155,US03-Q0023,Q0023,US03,US03E05,WIN
P0156,US03-Q0024,Q0024,US03,US03E05,SAFE
P0157,US03-Q0025,Q0025,US03,US03E05,SAFE
P0158,US03-Q0026,Q0026,US03,US03E05,SAFE
P0159,US03-Q0021,Q0021,US03,US03E05,HIGH
P0160,US03-Q0027,Q0027,US03,US03E05,SAFE
P0161,US03-Q0028,Q0028,US03,US03E05,BTM
P0162,US03-Q0029,Q0029,US03,US03E05,LOW
P0163,US03-Q0030,Q0030,US03,US03E05,ELIM
P0164,US03-Q0022,Q0022,US03,US03E06,HIGH
P0165,US03-Q0023,Q0023,US03,US03E06,SAFE
P0166,US03-Q0024,Q0024,US03,US03E06,HIGH
P0167,US03-Q0025,Q0025,US03,US03E06,LOW
P0168,US03-Q0026,Q0026,US03,US03E06,SAFE
P0169,US03-Q0021,Q0021,US03,US03E06,SAFE
P0170,US03-Q0027,Q0027,US03,US03E06,BTM
P0171,US03-Q0028,Q0028,US03,US03E06,WIN
P0172,US03-Q0029,Q0029,US03,US03E06,ELIM
P0173,US03-Q0022,Q0022,US03,US03E07,WIN
P0174,US03-Q0023,Q0023,US03,US03E07,HIGH
P0175,US03-Q0024,Q0024,US03,US03E07,BTM
P0176,US03-Q0025,Q0025,US03,US03E07,HIGH
P0177,US03-Q0026,Q0026,US03,US03E07,LOW
P0178,US03-Q0021,Q0021,US03,US03E07,LOW
P0179,US03-Q0027,Q0027,US03,US03E07,HIGH
P0180,US03-Q0028,Q0028,US03,US03E07,ELIM
P0181,US03-Q0022,Q0022,US03,US03E08,HIGH
P0182,US03-Q0023,Q0023,US03,US03E08,BTM
P0183,US03-Q0024,Q0024,US03,US03E08,LOW
P0184,US03-Q0025,Q0025,US03,US03E08,HIGH
P0185,US03-Q0026,Q0026,US03,US03E08,HIGH
P0186,US03-Q0021,Q0021,US03,US03E08,WIN
P0187,US03-Q0027,Q0027,US03,US03E08,ELIM
P0188,US03-Q0022,Q0022,US03,US03E09,LOW
P0189,US03-Q0023,Q0023,US03,US03E09,LOW
P0190,US03-Q0024,Q0024,US03,US03E09,WIN
P0191,US03-Q0025,Q0025,US03,US03E09,BTM
P0192,US03-Q0026,Q0026,US03,US03E09,BTM
P0193,US03-Q0021,Q0021,US03,US03E09,SAFE
P0194,US03-Q0022,Q0022,US03,US03E10,WIN
P0195,US03-Q0023,Q0023,US03,US03E10,HIGH
P0196,US03-Q0024,Q0024,US03,US03E10,LOW
P0197,US03-Q0025,Q0025,US03,US03E10,HIGH
P0198,US03-Q0026,Q0026,US03,US03E10,ELIM
P0199,US03-Q0021,Q0021,US03,US03E10,BTM
P0200,US03-Q0022,Q0022,US03,US03E11,HIGH
P0201,US03-Q0023,Q0023,US03,US03E11,HIGH
P0202,US03-Q0024,Q0024,US03,US03E11,BTM
P0203,US03-Q0025,Q0025,US03,US03E11,WIN
P0204,US03-Q0021,Q0021,US03,US03E11,ELIM
P0205,US03-Q0022,Q0022,US03,US03E12,BTM
P0206,US03-Q0023,Q0023,US03,US03E12,WIN
P0207,US03-Q0024,Q0024,US03,US03E12,HIGH
P0208,US03-Q0025,Q0025,US03,US03E12,LOW
P0209,US03-Q0026,Q0026,US03,US03E12,ELIM
P0210,US03-Q0022,Q0022,US03,US03E13,HIGH
P0211,US03-Q0023,Q0023,US03,US03E13,WIN
P0212,US03-Q0024,Q0024,US03,US03E13,BTM
P0213,US03-Q0025,Q0025,US03,US03E13,ELIM
P0214,US03-Q0022,Q0022,US03,US03E15,WINNER
P0215,US03-Q0023,Q0023,US03,US03E15,RUNNER-UP
P0216,US03-Q0024,Q0024,US03,US03E15,ELIM
P0217,US04-Q0034,Q0034,US04,US04E01,WIN
P0218,US04-Q0035,Q0035,US04,US04E01,SAFE
P0219,US04-Q0036,Q0036,US04,US04E01,SAFE
P0220,US04-Q0037,Q0037,US04,US04E01,SAFE
P0221,US04-Q0038,Q0038,US04,US04E01,LOW
P0222,US04-Q0039,Q0039,US04,US04E01,SAFE
P0223,US04-Q0040,Q0040,US04,US04E01,SAFE
P0224,US04-Q0041,Q0041,US04,US04E01,BTM
P0225,US04-Q0042,Q0042,US04,US04E01,SAFE
P0226,US04-Q0043,Q0043,US04,US04E01,SAFE
P0227,US04-Q0044,Q0044,US04,US04E01,HIGH
P0228,US04-Q0045,Q0045,US04,US04E01,HIGH
P0229,US04-Q0046,Q0046,US04,US04E01,ELIM
P0230,US04-Q0034,Q0034,US04,US04E02,SAFE
P0231,US04-Q0035,Q0035,US04,US04E02,WIN
P0232,US04-Q0036,Q0036,US04,US04E02,HIGH
P0233,US04-Q0037,Q0037,US04,US04E02,HIGH
P0234,US04-Q0038,Q0038,US04,US04E02,HIGH
P0235,US04-Q0039,Q0039,US04,US04E02,LOW
P0236,US04-Q0040,Q0040,US04,US04E02,SAFE
P0237,US04-Q0041,Q0041,US04,US04E02,SAFE
P0238,US04-Q0042,Q0042,US04,US04E02,SAFE
P0239,US04-Q0043,Q0043,US04,US04E02,WIN
P0240,US04-Q0044,Q0044,US04,US04E02,BTM
P0241,US04-Q0045,Q0045,US04,US04E02,ELIM
P0242,US04-Q0034,Q0034,US04,US04E03,WIN
P0243,US04-Q0035,Q0035,US04,US04E03,HIGH
P0244,US04-Q0036,Q0036,US04,US04E03,SAFE
P0245,US04-Q0037,Q0037,US04,US04E03,SAFE
P0246,US04-Q0038,Q0038,US04,US04E03,HIGH
P0247,US04-Q0039,Q0039,US04,US04E03,BTM
P0248,US04-Q0040,Q0040,US04,US04E03,SAFE
P0249,US04-Q0041,Q0041,US04,US04E03,SAFE
P0250,US04-Q0042,Q0042,US04,US04E03,SAFE
P0251,US04-Q0043,Q0043,US04,US04E03,LOW
P0252,US04-Q0044,Q0044,US04,US04E03,ELIM
P0253,US04-Q0034,Q0034,US04,US04E04,SAFE
P0254,US04-Q0035,Q0035,US04,US04E04,SAFE
P0255,US04-Q0036,Q0036,US04,US04E04,SAFE
P0256,US04-Q0037,Q0037,US04,US04E04,WIN
P0257,US04-Q0038,Q0038,US04,US04E04,LOW
P0258,US04-Q0039,Q0039,US04,US04E04,SAFE
P0259,US04-Q0040,Q0040,US04,US04E04,SAFE
P0260,US04-Q0041,Q0041,US04,US04E04,SAFE
P0261,US04-Q0042,Q0042,US04,US04E04,BTM
P0262,US04-Q0043,Q0043,US04,US04E04,ELIM
P0263,US04-Q0034,Q0034,US04,US04E05,HIGH
P0264,US04-Q0035,Q0035,US04,US04E05,WIN
P0265,US04-Q0036,Q0036,US04,US04E05,LOW
P0266,US04-Q0037,Q0037,US04,US04E05,SAFE
P0267,US04-Q0038,Q0038,US04,US04E05,ELIM
P0268,US04-Q0039,Q0039,US04,US04E05,SAFE
P0269,US04-Q0040,Q0040,US04,US04E05,HIGH
P0270,US04-Q0041,Q0041,US04,US04E05,SAFE
P0271,US04-Q0042,Q0042,US04,US04E05,BTM
P0272,US04-Q0034,Q0034,US04,US04E06,SAFE
P0273,US04-Q0035,Q0035,US04,US04E06,SAFE
P0274,US04-Q0036,Q0036,US04,US04E06,HIGH
P0275,US04-Q0037,Q0037,US04,US04E06,HIGH
P0276,US04-Q0039,Q0039,US04,US04E06,LOW
P0277,US04-Q0040,Q0040,US04,US04E06,WIN
P0278,US04-Q0041,Q0041,US04,US04E06,BTM
P0279,US04-Q0042,Q0042,US04,US04E06,ELIM
P0280,US04-Q0034,Q0034,US04,US04E07,HIGH
P0281,US04-Q0035,Q0035,US04,US04E07,LOW
P0282,US04-Q0036,Q0036,US04,US04E07,WIN
P0283,US04-Q0037,Q0037,US04,US04E07,LOW
P0284,US04-Q0039,Q0039,US04,US04E07,SAFE
P0285,US04-Q0040,Q0040,US04,US04E07,BTM
P0286,US04-Q0041,Q0041,US04,US04E07,ELIM
P0287,US04-Q0034,Q0034,US04,US04E08,BTM
P0288,US04-Q0035,Q0035,US04,US04E08,SAFE
P0289,US04-Q0036,Q0036,US04,US04E08,BTM
P0290,US04-Q0037,Q0037,US04,US04E08,WIN
P0291,US04-Q0039,Q0039,US04,US04E08,SAFE
P0292,US04-Q0040,Q0040,US04,US04E08,WIN
P0293,US04-Q0034,Q0034,US04,US04E09,WIN
P0294,US04-Q0035,Q0035,US04,US04E09,HIGH
P0295,US04-Q0036,Q0036,US04,US04E09,LOW
P0296,US04-Q0037,Q0037,US04,US04E09,BTM
P0297,US04-Q0039,Q0039,US04,US04E09,ELIM
P0298,US04-Q0034,Q0034,US04,US04E10,LOW
P0299,US04-Q0035,Q0035,US04,US04E10,HIGH
P0300,US04-Q0036,Q0036,US04,US04E10,WIN
P0301,US04-Q0037,Q0037,US04,US04E10,BTM
P0302,US04-Q0038,Q0038,US04,US04E10,ELIM
P0303,US04-Q0034,Q0034,US04,US04E11,WIN
P0304,US04-Q0035,Q0035,US04,US04E11,BTM
P0305,US04-Q0036,Q0036,US04,US04E11,HIGH
P0306,US04-Q0037,Q0037,US04,US04E11,ELIM
P0307,US04-Q0034,Q0034,US04,US04E14,WINNER
P0308,US04-Q0035,Q0035,US04,US04E14,RUNNER-UP
P0309,US04-Q0036,Q0036,US04,US04E14,RUNNER-UP
P0310,US05-Q0047,Q0047,US05,US05E01,SAFE
P0311,US05-Q0048,Q0048,US05,US05E01,HIGH
P0312,US05-Q0049,Q0049,US05,US05E01,WIN
P0313,US05-Q0050,Q0050,US05,US05E01,SAFE
P0314,US05-Q0051,Q0051,US05,US05E01,SAFE
P0315,US05-Q0052,Q0052,US05,US05E01,SAFE
P0316,US05-Q0053,Q0053,US05,US05E01,HIGH
P0317,US05-Q0054,Q0054,US05,US05E01,LOW
P0318,US05-Q0055,Q0055,US05,US05E01,HIGH
P0319,US05-Q0057,Q0057,US05,US05E01,SAFE
P0320,US05-Q0056,Q0056,US05,US05E01,SAFE
P0321,US05-Q0058,Q0058,US05,US05E01,SAFE
P0322,US05-Q0059,Q0059,US05,US05E01,BTM
P0323,US05-Q0060,Q0060,US05,US05E01,BTM
P0324,US05-Q0047,Q0047,US05,US05E02,HIGH
P0325,US05-Q0048,Q0048,US05,US05E02,SAFE
P0326,US05-Q0049,Q0049,US05,US05E02,SAFE
P0327,US05-Q0050,Q0050,US05,US05E02,SAFE
P0328,US05-Q0051,Q0051,US05,US05E02,HIGH
P0329,US05-Q0052,Q0052,US05,US05E02,HIGH
P0330,US05-Q0053,Q0053,US05,US05E02,SAFE
P0331,US05-Q0054,Q0054,US05,US05E02,HIGH
P0332,US05-Q0055,Q0055,US05,US05E02,WIN
P0333,US05-Q0057,Q0057,US05,US05E02,SAFE
P0334,US05-Q0056,Q0056,US05,US05E02,SAFE
P0335,US05-Q0058,Q0058,US05,US05E02,BTM
P0336,US05-Q0059,Q0059,US05,US05E02,BTM
P0337,US05-Q0047,Q0047,US05,US05E03,HIGH
P0338,US05-Q0048,Q0048,US05,US05E03,LOW
P0339,US05-Q0049,Q0049,US05,US05E03,HIGH
P0340,US05-Q0050,Q0050,US05,US05E03,WIN
P0341,US05-Q0051,Q0051,US05,US05E03,BTM
P0342,US05-Q0052,Q0052,US05,US05E03,SAFE
P0343,US05-Q0053,Q0053,US05,US05E03,SAFE
P0344,US05-Q0054,Q0054,US05,US05E03,SAFE
P0345,US05-Q0055,Q0055,US05,US05E03,LOW
P0346,US05-Q0057,Q0057,US05,US05E03,SAFE
P0347,US05-Q0056,Q0056,US05,US05E03,LOW
P0348,US05-Q0058,Q0058,US05,US05E03,BTM
P0349,US05-Q0047,Q0047,US05,US05E04,HIGH
P0350,US05-Q0048,Q0048,US05,US05E04,SAFE
P0351,US05-Q0049,Q0049,US05,US05E04,LOW
P0352,US05-Q0050,Q0050,US05,US05E04,SAFE
P0353,US05-Q0051,Q0051,US05,US05E04,SAFE
P0354,US05-Q0052,Q0052,US05,US05E04,WIN
P0355,US05-Q0053,Q0053,US05,US05E04,HIGH
P0356,US05-Q0054,Q0054,US05,US05E04,SAFE
P0357,US05-Q0055,Q0055,US05,US05E04,SAFE
P0358,US05-Q0057,Q0057,US05,US05E04,BTM
P0359,US05-Q0056,Q0056,US05,US05E04,BTM
P0360,US05-Q0047,Q0047,US05,US05E05,WIN
P0361,US05-Q0048,Q0048,US05,US05E05,HIGH
P0362,US05-Q0049,Q0049,US05,US05E05,HIGH
P0363,US05-Q0050,Q0050,US05,US05E05,BTM
P0364,US05-Q0051,Q0051,US05,US05E05,SAFE
P0365,US05-Q0052,Q0052,US05,US05E05,SAFE
P0366,US05-Q0053,Q0053,US05,US05E05,LOW
P0367,US05-Q0054,Q0054,US05,US05E05,SAFE
P0368,US05-Q0055,Q0055,US05,US05E05,BTM
P0369,US05-Q0047,Q0047,US05,US05E06,HIGH
P0370,US05-Q0048,Q0048,US05,US05E06,SAFE
P0371,US05-Q0049,Q0049,US05,US05E06,HIGH
P0372,US05-Q0050,Q0050,US05,US05E06,SAFE
P0373,US05-Q0051,Q0051,US05,US05E06,BTM
P0374,US05-Q0052,Q0052,US05,US05E06,LOW
P0375,US05-Q0053,Q0053,US05,US05E06,WIN
P0376,US05-Q0054,Q0054,US05,US05E06,BTM
P0377,US05-Q0047,Q0047,US05,US05E07,HIGH
P0378,US05-Q0048,Q0048,US05,US05E07,HIGH
P0379,US05-Q0049,Q0049,US05,US05E07,BTM
P0380,US05-Q0050,Q0050,US05,US05E07,SAFE
P0381,US05-Q0051,Q0051,US05,US05E07,WIN
P0382,US05-Q0052,Q0052,US05,US05E07,BTM
P0383,US05-Q0053,Q0053,US05,US05E07,LOW
P0384,US05-Q0047,Q0047,US05,US05E08,HIGH
P0385,US05-Q0048,Q0048,US05,US05E08,WIN
P0386,US05-Q0049,Q0049,US05,US05E08,LOW
P0387,US05-Q0050,Q0050,US05,US05E08,HIGH
P0388,US05-Q0051,Q0051,US05,US05E08,SAFE
P0389,US05-Q0052,Q0052,US05,US05E08,BTM
P0390,US05-Q0053,Q0053,US05,US05E08,BTM
P0391,US05-Q0047,Q0047,US05,US05E09,WIN
P0392,US05-Q0048,Q0048,US05,US05E09,HIGH
P0393,US05-Q0049,Q0049,US05,US05E09,HIGH
P0394,US05-Q0050,Q0050,US05,US05E09,LOW
P0395,US05-Q0051,Q0051,US05,US05E09,BTM
P0396,US05-Q0052,Q0052,US05,US05E09,BTM
P0397,US05-Q0047,Q0047,US05,US05E10,HIGH
P0398,US05-Q0048,Q0048,US05,US05E10,LOW
P0399,US05-Q0049,Q0049,US05,US05E10,WIN
P0400,US05-Q0050,Q0050,US05,US05E10,BTM
P0401,US05-Q0051,Q0051,US05,US05E10,BTM
P0402,US05-Q0047,Q0047,US05,US05E11,BTM
P0403,US05-Q0048,Q0048,US05,US05E11,WIN
P0404,US05-Q0049,Q0049,US05,US05E11,HIGH
P0405,US05-Q0050,Q0050,US05,US05E11,BTM
P0406,US05-Q0047,Q0047,US05,US05E14,WIN
P0407,US05-Q0048,Q0048,US05,US05E14,HIGH
P0408,US05-Q0049,Q0049,US05,US05E14,HIGH
P0409,US06-Q0062,Q0062,US06,US06E01,LOW
P0410,US06-Q0065,Q0065,US06,US06E01,WIN
P0411,US06-Q0068,Q0068,US06,US06E01,SAFE
P0412,US06-Q0070,Q0070,US06,US06E01,HIGH
P0413,US06-Q0071,Q0071,US06,US06E01,HIGH
P0414,US06-Q0072,Q0072,US06,US06E01,BTM
P0415,US06-Q0074,Q0074,US06,US06E01,BTM
P0416,US06-Q0061,Q0061,US06,US06E02,WIN
P0417,US06-Q0063,Q0063,US06,US06E02,SAFE
P0418,US06-Q0064,Q0064,US06,US06E02,BTM
P0419,US06-Q0066,Q0066,US06,US06E02,LOW
P0420,US06-Q0067,Q0067,US06,US06E02,HIGH
P0421,US06-Q0069,Q0069,US06,US06E02,HIGH
P0422,US06-Q0073,Q0073,US06,US06E02,BTM
P0423,US06-Q0061,Q0061,US06,US06E03,SAFE
P0424,US06-Q0062,Q0062,US06,US06E03,LOW
P0425,US06-Q0063,Q0063,US06,US06E03,SAFE
P0426,US06-Q0064,Q0064,US06,US06E03,WIN
P0427,US06-Q0065,Q0065,US06,US06E03,HIGH
P0428,US06-Q0066,Q0066,US06,US06E03,SAFE
P0429,US06-Q0067,Q0067,US06,US06E03,SAFE
P0430,US06-Q0068,Q0068,US06,US06E03,SAFE
P0431,US06-Q0069,Q0069,US06,US06E03,SAFE
P0432,US06-Q0070,Q0070,US06,US06E03,HIGH
P0433,US06-Q0071,Q0071,US06,US06E03,BTM
P0434,US06-Q0072,Q0072,US06,US06E03,BTM
P0435,US06-Q0061,Q0061,US06,US06E04,SAFE
P0436,US06-Q0062,Q0062,US06,US06E04,HIGH
P0437,US06-Q0063,Q0063,US06,US06E04,WIN
P0438,US06-Q0064,Q0064,US06,US06E04,LOW
P0439,US06-Q0065,Q0065,US06,US06E04,HIGH
P0440,US06-Q0066,Q0066,US06,US06E04,SAFE
P0441,US06-Q0067,Q0067,US06,US06E04,BTM
P0442,US06-Q0068,Q0068,US06,US06E04,SAFE
P0443,US06-Q0069,Q0069,US06,US06E04,SAFE
P0444,US06-Q0070,Q0070,US06,US06E04,SAFE
P0445,US06-Q0071,Q0071,US06,US06E04,BTM
P0446,US06-Q0061,Q0061,US06,US06E05,HIGH
P0447,US06-Q0062,Q0062,US06,US06E05,HIGH
P0448,US06-Q0063,Q0063,US06,US06E05,SAFE
P0449,US06-Q0064,Q0064,US06,US06E05,SAFE
P0450,US06-Q0065,Q0065,US06,US06E05,WIN
P0451,US06-Q0066,Q0066,US06,US06E05,SAFE
P0452,US06-Q0067,Q0067,US06,US06E05,SAFE
P0453,US06-Q0068,Q0068,US06,US06E05,BTM
P0454,US06-Q0069,Q0069,US06,US06E05,LOW
P0455,US06-Q0070,Q0070,US06,US06E05,BTM
P0456,US06-Q0061,Q0061,US06,US06E06,HIGH
P0457,US06-Q0062,Q0062,US06,US06E06,WIN
P0458,US06-Q0063,Q0063,US06,US06E06,SAFE
P0459,US06-Q0064,Q0064,US06,US06E06,LOW
P0460,US06-Q0065,Q0065,US06,US06E06,SAFE
P0461,US06-Q0066,Q0066,US06,US06E06,HIGH
P0462,US06-Q0067,Q0067,US06,US06E06,BTM
P0463,US06-Q0068,Q0068,US06,US06E06,SAFE
P0464,US06-Q0069,Q0069,US06,US06E06,BTM
P0465,US06-Q0061,Q0061,US06,US06E07,HIGH
P0466,US06-Q0062,Q0062,US06,US06E07,WIN
P0467,US06-Q0063,Q0063,US06,US06E07,LOW
P0468,US06-Q0064,Q0064,US06,US06E07,BTM
P0469,US06-Q0065,Q0065,US06,US06E07,BTM
P0470,US06-Q0066,Q0066,US06,US06E07,LOW
P0471,US06-Q0067,Q0067,US06,US06E07,HIGH
P0472,US06-Q0068,Q0068,US06,US06E07,WIN
P0473,US06-Q0061,Q0061,US06,US06E08,WIN
P0474,US06-Q0062,Q0062,US06,US06E08,SAFE
P0475,US06-Q0063,Q0063,US06,US06E08,SAFE
P0476,US06-Q0064,Q0064,US06,US06E08,HIGH
P0477,US06-Q0065,Q0065,US06,US06E08,LOW
P0478,US06-Q0066,Q0066,US06,US06E08,BTM
P0479,US06-Q0067,Q0067,US06,US06E08,HIGH
P0480,US06-Q0068,Q0068,US06,US06E08,BTM
P0481,US06-Q0061,Q0061,US06,US06E09,SAFE
P0482,US06-Q0062,Q0062,US06,US06E09,BTM
P0483,US06-Q0063,Q0063,US06,US06E09,WIN
P0484,US06-Q0064,Q0064,US06,US06E09,SAFE
P0485,US06-Q0065,Q0065,US06,US06E09,HIGH
P0486,US06-Q0066,Q0066,US06,US06E09,LOW
P0487,US06-Q0067,Q0067,US06,US06E09,BTM
P0488,US06-Q0061,Q0061,US06,US06E10,WIN
P0489,US06-Q0062,Q0062,US06,US06E10,BTM
P0490,US06-Q0063,Q0063,US06,US06E10,LOW
P0491,US06-Q0064,Q0064,US06,US06E10,LOW
P0492,US06-Q0065,Q0065,US06,US06E10,HIGH
P0493,US06-Q0066,Q0066,US06,US06E10,BTM
P0494,US06-Q0061,Q0061,US06,US06E11,HIGH
P0495,US06-Q0062,Q0062,US06,US06E11,WIN
P0496,US06-Q0063,Q0063,US06,US06E11,LOW
P0497,US06-Q0064,Q0064,US06,US06E11,BTM
P0498,US06-Q0065,Q0065,US06,US06E11,BTM
P0499,US06-Q0061,Q0061,US06,US06E12,WIN
P0500,US06-Q0062,Q0062,US06,US06E12,WIN
P0501,US06-Q0063,Q0063,US06,US06E12,WIN
P0502,US06-Q0064,Q0064,US06,US06E12,BTM
P0503,US06-Q0061,Q0061,US06,US06E14,WIN
P0504,US06-Q0062,Q0062,US06,US06E14,HIGH
P0505,US06-Q0063,Q0063,US06,US06E14,HIGH
P0506,US07-Q0075,Q0075,US07,US07E01,WIN
P0507,US07-Q0076,Q0076,US07,US07E01,SAFE
P0508,US07-Q0077,Q0077,US07,US07E01,SAFE
P0509,US07-Q0078,Q0078,US07,US07E01,HIGH
P0510,US07-Q0079,Q0079,US07,US07E01,SAFE
P0511,US07-Q0080,Q0080,US07,US07E01,SAFE
P0512,US07-Q0081,Q0081,US07,US07E01,HIGH
P0513,US07-Q0082,Q0082,US07,US07E01,SAFE
P0514,US07-Q0083,Q0083,US07,US07E01,SAFE
P0515,US07-Q0084,Q0084,US07,US07E01,BTM
P0516,US07-Q0085,Q0085,US07,US07E01,SAFE
P0517,US07-Q0086,Q0086,US07,US07E01,LOW
P0518,US07-Q0087,Q0087,US07,US07E01,LOW
P0519,US07-Q0088,Q0088,US07,US07E01,BTM
P0520,US07-Q0075,Q0075,US07,US07E02,HIGH
P0521,US07-Q0076,Q0076,US07,US07E02,WIN
P0522,US07-Q0077,Q0077,US07,US07E02,SAFE
P0523,US07-Q0078,Q0078,US07,US07E02,SAFE
P0524,US07-Q0079,Q0079,US07,US07E02,BTM
P0525,US07-Q0080,Q0080,US07,US07E02,SAFE
P0526,US07-Q0081,Q0081,US07,US07E02,LOW
P0527,US07-Q0082,Q0082,US07,US07E02,SAFE
P0528,US07-Q0083,Q0083,US07,US07E02,SAFE
P0529,US07-Q0084,Q0084,US07,US07E02,SAFE
P0530,US07-Q0085,Q0085,US07,US07E02,HIGH
P0531,US07-Q0086,Q0086,US07,US07E02,SAFE
P0532,US07-Q0087,Q0087,US07,US07E02,BTM
P0533,US07-Q0075,Q0075,US07,US07E03,SAFE
P0534,US07-Q0076,Q0076,US07,US07E03,SAFE
P0535,US07-Q0077,Q0077,US07,US07E03,LOW
P0536,US07-Q0078,Q0078,US07,US07E03,BTM
P0537,US07-Q0079,Q0079,US07,US07E03,SAFE
P0538,US07-Q0080,Q0080,US07,US07E03,SAFE
P0539,US07-Q0081,Q0081,US07,US07E03,SAFE
P0540,US07-Q0082,Q0082,US07,US07E03,SAFE
P0541,US07-Q0083,Q0083,US07,US07E03,WIN
P0542,US07-Q0084,Q0084,US07,US07E03,SAFE
P0543,US07-Q0085,Q0085,US07,US07E03,SAFE
P0544,US07-Q0086,Q0086,US07,US07E03,BTM
P0545,US07-Q0075,Q0075,US07,US07E04,SAFE
P0546,US07-Q0076,Q0076,US07,US07E04,HIGH
P0547,US07-Q0077,Q0077,US07,US07E04,BTM
P0548,US07-Q0078,Q0078,US07,US07E04,WIN
P0549,US07-Q0079,Q0079,US07,US07E04,HIGH
P0550,US07-Q0080,Q0080,US07,US07E04,BTM
P0551,US07-Q0081,Q0081,US07,US07E04,HIGH
P0552,US07-Q0082,Q0082,US07,US07E04,HIGH
P0553,US07-Q0083,Q0083,US07,US07E04,SAFE
P0554,US07-Q0084,Q0084,US07,US07E04,LOW
P0555,US07-Q0085,Q0085,US07,US07E04,SAFE
P0556,US07-Q0075,Q0075,US07,US07E05,LOW
P0557,US07-Q0076,Q0076,US07,US07E05,SAFE
P0558,US07-Q0077,Q0077,US07,US07E05,WIN
P0559,US07-Q0078,Q0078,US07,US07E05,HIGH
P0560,US07-Q0079,Q0079,US07,US07E05,SAFE
P0561,US07-Q0081,Q0081,US07,US07E05,SAFE
P0562,US07-Q0082,Q0082,US07,US07E05,HIGH
P0563,US07-Q0083,Q0083,US07,US07E05,WIN
P0564,US07-Q0084,Q0084,US07,US07E05,BTM
P0565,US07-Q0085,Q0085,US07,US07E05,BTM
P0566,US07-Q0075,Q0075,US07,US07E06,SAFE
P0567,US07-Q0076,Q0076,US07,US07E06,SAFE
P0568,US07-Q0077,Q0077,US07,US07E06,SAFE
P0569,US07-Q0078,Q0078,US07,US07E06,SAFE
P0570,US07-Q0079,Q0079,US07,US07E06,WIN
P0571,US07-Q0081,Q0081,US07,US07E06,LOW
P0572,US07-Q0082,Q0082,US07,US07E06,BTM
P0573,US07-Q0083,Q0083,US07,US07E06,SAFE
P0574,US07-Q0084,Q0084,US07,US07E06,BTM
P0575,US07-Q0075,Q0075,US07,US07E07,SAFE
P0576,US07-Q0076,Q0076,US07,US07E07,WIN
P0577,US07-Q0077,Q0077,US07,US07E07,SAFE
P0578,US07-Q0078,Q0078,US07,US07E07,WIN
P0579,US07-Q0079,Q0079,US07,US07E07,HIGH
P0580,US07-Q0081,Q0081,US07,US07E07,LOW
P0581,US07-Q0082,Q0082,US07,US07E07,BTM
P0582,US07-Q0083,Q0083,US07,US07E07,BTM
P0583,US07-Q0075,Q0075,US07,US07E08,HIGH
P0584,US07-Q0076,Q0076,US07,US07E08,BTM
P0585,US07-Q0077,Q0077,US07,US07E08,WIN
P0586,US07-Q0078,Q0078,US07,US07E08,SAFE
P0587,US07-Q0079,Q0079,US07,US07E08,HIGH
P0588,US07-Q0080,Q0080,US07,US07E08,WIN
P0589,US07-Q0081,Q0081,US07,US07E08,LOW
P0590,US07-Q0082,Q0082,US07,US07E08,BTM
P0591,US07-Q0083,Q0083,US07,US07E08,ELIM
P0592,US07-Q0084,Q0084,US07,US07E08,ELIM
P0593,US07-Q0085,Q0085,US07,US07E08,ELIM
P0594,US07-Q0086,Q0086,US07,US07E08,ELIM
P0595,US07-Q0087,Q0087,US07,US07E08,ELIM
P0596,US07-Q0088,Q0088,US07,US07E08,ELIM
P0597,US07-Q0075,Q0075,US07,US07E09,LOW
P0598,US07-Q0076,Q0076,US07,US07E09,WIN
P0599,US07-Q0077,Q0077,US07,US07E09,BTM
P0600,US07-Q0078,Q0078,US07,US07E09,HIGH
P0601,US07-Q0079,Q0079,US07,US07E09,HIGH
P0602,US07-Q0080,Q0080,US07,US07E09,HIGH
P0603,US07-Q0081,Q0081,US07,US07E09,BTM
P0604,US07-Q0075,Q0075,US07,US07E10,WIN
P0605,US07-Q0076,Q0076,US07,US07E10,BTM
P0606,US07-Q0077,Q0077,US07,US07E10,SAFE
P0607,US07-Q0078,Q0078,US07,US07E10,SAFE
P0608,US07-Q0079,Q0079,US07,US07E10,WIN
P0609,US07-Q0080,Q0080,US07,US07E10,BTM
P0610,US07-Q0075,Q0075,US07,US07E11,WIN
P0611,US07-Q0076,Q0076,US07,US07E11,HIGH
P0612,US07-Q0077,Q0077,US07,US07E11,HIGH
P0613,US07-Q0078,Q0078,US07,US07E11,BTM
P0614,US07-Q0079,Q0079,US07,US07E11,BTM
P0615,US07-Q0075,Q0075,US07,US07E12,WIN
P0616,US07-Q0076,Q0076,US07,US07E12,WIN
P0617,US07-Q0077,Q0077,US07,US07E12,WIN
P0618,US07-Q0078,Q0078,US07,US07E12,BTM
P0619,US07-Q0075,Q0075,US07,US07E14,WIN
P0620,US07-Q0076,Q0076,US07,US07E14,HIGH
P0621,US07-Q0077,Q0077,US07,US07E14,HIGH
P0622,US08-Q0089,Q0089,US08,US08E01,SAFE
P0623,US08-Q0090,Q0090,US08,US08E01,WIN
P0624,US08-Q0091,Q0091,US08,US08E01,HIGH
P0625,US08-Q0092,Q0092,US08,US08E01,SAFE
P0626,US08-Q0093,Q0093,US08,US08E01,HIGH
P0627,US08-Q0094,Q0094,US08,US08E01,SAFE
P0628,US08-Q0095,Q0095,US08,US08E01,LOW
P0629,US08-Q0096,Q0096,US08,US08E01,HIGH
P0630,US08-Q0097,Q0097,US08,US08E01,BTM
P0631,US08-Q0098,Q0098,US08,US08E01,SAFE
P0632,US08-Q0099,Q0099,US08,US08E01,SAFE
P0633,US08-Q0100,Q0100,US08,US08E01,BTM
P0634,US08-Q0089,Q0089,US08,US08E02,SAFE
P0635,US08-Q0090,Q0090,US08,US08E02,LOW
P0636,US08-Q0091,Q0091,US08,US08E02,SAFE
P0637,US08-Q0092,Q0092,US08,US08E02,WIN
P0638,US08-Q0093,Q0093,US08,US08E02,SAFE
P0639,US08-Q0094,Q0094,US08,US08E02,HIGH
P0640,US08-Q0095,Q0095,US08,US08E02,SAFE
P0641,US08-Q0096,Q0096,US08,US08E02,HIGH
P0642,US08-Q0098,Q0098,US08,US08E02,SAFE
P0643,US08-Q0099,Q0099,US08,US08E02,BTM
P0644,US08-Q0100,Q0100,US08,US08E02,BTM
P0645,US08-Q0089,Q0089,US08,US08E03,WIN
P0646,US08-Q0090,Q0090,US08,US08E03,SAFE
P0647,US08-Q0091,Q0091,US08,US08E03,SAFE
P0648,US08-Q0092,Q0092,US08,US08E03,SAFE
P0649,US08-Q0093,Q0093,US08,US08E03,LOW
P0650,US08-Q0094,Q0094,US08,US08E03,HIGH
P0651,US08-Q0095,Q0095,US08,US08E03,BTM
P0652,US08-Q0096,Q0096,US08,US08E03,HIGH
P0653,US08-Q0097,Q0097,US08,US08E03,SAFE
P0654,US08-Q0098,Q0098,US08,US08E03,BTM
P0655,US08-Q0089,Q0089,US08,US08E04,SAFE
P0656,US08-Q0090,Q0090,US08,US08E04,SAFE
P0657,US08-Q0091,Q0091,US08,US08E04,HIGH
P0658,US08-Q0092,Q0092,US08,US08E04,BTM
P0659,US08-Q0093,Q0093,US08,US08E04,LOW
P0660,US08-Q0094,Q0094,US08,US08E04,SAFE
P0661,US08-Q0095,Q0095,US08,US08E04,WIN
P0662,US08-Q0096,Q0096,US08,US08E04,SAFE
P0663,US08-Q0097,Q0097,US08,US08E04,BTM
P0664,US08-Q0089,Q0089,US08,US08E05,WIN
P0665,US08-Q0090,Q0090,US08,US08E05,SAFE
P0666,US08-Q0091,Q0091,US08,US08E05,BTM
P0667,US08-Q0092,Q0092,US08,US08E05,SAFE
P0668,US08-Q0093,Q0093,US08,US08E05,HIGH
P0669,US08-Q0094,Q0094,US08,US08E05,HIGH
P0670,US08-Q0095,Q0095,US08,US08E05,LOW
P0671,US08-Q0096,Q0096,US08,US08E05,BTM
P0672,US08-Q0089,Q0089,US08,US08E06,SAFE
P0673,US08-Q0090,Q0090,US08,US08E06,HIGH
P0674,US08-Q0091,Q0091,US08,US08E06,WIN
P0675,US08-Q0092,Q0092,US08,US08E06,LOW
P0676,US08-Q0093,Q0093,US08,US08E06,BTM
P0677,US08-Q0094,Q0094,US08,US08E06,SAFE
P0678,US08-Q0095,Q0095,US08,US08E06,BTM
P0679,US08-Q0089,Q0089,US08,US08E07,WIN
P0680,US08-Q0090,Q0090,US08,US08E07,SAFE
P0681,US08-Q0091,Q0091,US08,US08E07,SAFE
P0682,US08-Q0092,Q0092,US08,US08E07,BTM
P0683,US08-Q0093,Q0093,US08,US08E07,WIN
P0684,US08-Q0094,Q0094,US08,US08E07,BTM
P0685,US08-Q0089,Q0089,US08,US08E08,BTM
P0686,US08-Q0090,Q0090,US08,US08E08,WIN
P0687,US08-Q0091,Q0091,US08,US08E08,HIGH
P0688,US08-Q0092,Q0092,US08,US08E08,HIGH
P0689,US08-Q0093,Q0093,US08,US08E08,BTM
P0690,US08-Q0089,Q0089,US08,US08E09,WIN
P0691,US08-Q0090,Q0090,US08,US08E09,WIN
P0692,US08-Q0091,Q0091,US08,US08E09,WIN
P0693,US08-Q0092,Q0092,US08,US08E09,BTM
P0694,US08-Q0089,Q0089,US08,US08E10,WIN
P0695,US08-Q0090,Q0090,US08,US08E10,HIGH
P0696,US08-Q0091,Q0091,US08,US08E10,HIGH
P0697,US09-Q0101,Q0101,US09,US09E01,HIGH
P0698,US09-Q0102,Q0102,US09,US09E01,SAFE
P0699,US09-Q0103,Q0103,US09,US09E01,SAFE
P0700,US09-Q0104,Q0104,US09,US09E01,SAFE
P0701,US09-Q0105,Q0105,US09,US09E01,SAFE
P0702,US09-Q0106,Q0106,US09,US09E01,WIN
P0703,US09-Q0107,Q0107,US09,US09E01,SAFE
P0704,US09-Q0108,Q0108,US09,US09E01,SAFE
P0705,US09-Q0109,Q0109,US09,US09E01,SAFE
P0706,US09-Q0111,Q0111,US09,US09E01,HIGH
P0707,US09-Q0112,Q0112,US09,US09E01,SAFE
P0708,US09-Q0113,Q0113,US09,US09E01,SAFE
P0709,US09-Q0114,Q0114,US09,US09E01,SAFE
P0710,US09-Q0101,Q0101,US09,US09E02,SAFE
P0711,US09-Q0102,Q0102,US09,US09E02,SAFE
P0712,US09-Q0103,Q0103,US09,US09E02,HIGH
P0713,US09-Q0104,Q0104,US09,US09E02,HIGH
P0714,US09-Q0105,Q0105,US09,US09E02,SAFE
P0715,US09-Q0106,Q0106,US09,US09E02,SAFE
P0716,US09-Q0107,Q0107,US09,US09E02,WIN
P0717,US09-Q0108,Q0108,US09,US09E02,SAFE
P0718,US09-Q0109,Q0109,US09,US09E02,SAFE
P0719,US09-Q0110,Q0098,US09,US09E02,SAFE
P0720,US09-Q0111,Q0111,US09,US09E02,SAFE
P0721,US09-Q0112,Q0112,US09,US09E02,LOW
P0722,US09-Q0113,Q0113,US09,US09E02,BTM
P0723,US09-Q0114,Q0114,US09,US09E02,BTM
P0724,US09-Q0101,Q0101,US09,US09E03,SAFE
P0725,US09-Q0102,Q0102,US09,US09E03,HIGH
P0726,US09-Q0103,Q0103,US09,US09E03,SAFE
P0727,US09-Q0104,Q0104,US09,US09E03,WIN
P0728,US09-Q0105,Q0105,US09,US09E03,SAFE
P0729,US09-Q0106,Q0106,US09,US09E03,SAFE
P0730,US09-Q0107,Q0107,US09,US09E03,HIGH
P0731,US09-Q0108,Q0108,US09,US09E03,LOW
P0732,US09-Q0109,Q0109,US09,US09E03,BTM
P0733,US09-Q0110,Q0098,US09,US09E03,SAFE
P0734,US09-Q0111,Q0111,US09,US09E03,SAFE
P0735,US09-Q0112,Q0112,US09,US09E03,SAFE
P0736,US09-Q0113,Q0113,US09,US09E03,BTM
P0737,US09-Q0101,Q0101,US09,US09E04,WIN
P0738,US09-Q0102,Q0102,US09,US09E04,LOW
P0739,US09-Q0103,Q0103,US09,US09E04,WIN
P0740,US09-Q0104,Q0104,US09,US09E04,BTM
P0741,US09-Q0105,Q0105,US09,US09E04,SAFE
P0742,US09-Q0106,Q0106,US09,US09E04,HIGH
P0743,US09-Q0107,Q0107,US09,US09E04,SAFE
P0744,US09-Q0108,Q0108,US09,US09E04,SAFE
P0745,US09-Q0109,Q0109,US09,US09E04,SAFE
P0746,US09-Q0110,Q0098,US09,US09E04,SAFE
P0747,US09-Q0111,Q0111,US09,US09E04,HIGH
P0748,US09-Q0112,Q0112,US09,US09E04,BTM
P0749,US09-Q0101,Q0101,US09,US09E05,SAFE
P0750,US09-Q0102,Q0102,US09,US09E05,HIGH
P0751,US09-Q0103,Q0103,US09,US09E05,WIN
P0752,US09-Q0104,Q0104,US09,US09E05,SAFE
P0753,US09-Q0105,Q0105,US09,US09E05,HIGH
P0754,US09-Q0106,Q0106,US09,US09E05,LOW
P0755,US09-Q0107,Q0107,US09,US09E05,SAFE
P0756,US09-Q0108,Q0108,US09,US09E05,BTM
P0757,US09-Q0109,Q0109,US09,US09E05,SAFE
P0758,US09-Q0110,Q0098,US09,US09E05,BTM
P0759,US09-Q0111,Q0111,US09,US09E05,WDR
P0760,US09-Q0101,Q0101,US09,US09E06,HIGH
P0761,US09-Q0102,Q0102,US09,US09E06,BTM
P0762,US09-Q0103,Q0103,US09,US09E06,SAFE
P0763,US09-Q0104,Q0104,US09,US09E06,SAFE
P0764,US09-Q0105,Q0105,US09,US09E06,WIN
P0765,US09-Q0106,Q0106,US09,US09E06,HIGH
P0766,US09-Q0107,Q0107,US09,US09E06,SAFE
P0767,US09-Q0108,Q0108,US09,US09E06,LOW
P0768,US09-Q0109,Q0109,US09,US09E06,SAFE
P0769,US09-Q0110,Q0098,US09,US09E06,BTM
P0770,US09-Q0101,Q0101,US09,US09E07,LOW
P0771,US09-Q0102,Q0102,US09,US09E07,SAFE
P0772,US09-Q0103,Q0103,US09,US09E07,HIGH
P0773,US09-Q0104,Q0104,US09,US09E07,WIN
P0774,US09-Q0105,Q0105,US09,US09E07,SAFE
P0775,US09-Q0106,Q0106,US09,US09E07,BTM
P0776,US09-Q0107,Q0107,US09,US09E07,HIGH
P0777,US09-Q0108,Q0108,US09,US09E07,SAFE
P0778,US09-Q0109,Q0109,US09,US09E07,BTM
P0779,US09-Q0101,Q0101,US09,US09E08,HIGH
P0780,US09-Q0102,Q0102,US09,US09E08,WIN
P0781,US09-Q0103,Q0103,US09,US09E08,HIGH
P0782,US09-Q0104,Q0104,US09,US09E08,LOW
P0783,US09-Q0105,Q0105,US09,US09E08,BTM
P0784,US09-Q0106,Q0106,US09,US09E08,SAFE
P0785,US09-Q0107,Q0107,US09,US09E08,SAFE
P0786,US09-Q0108,Q0108,US09,US09E08,BTM
P0787,US09-Q0101,Q0101,US09,US09E09,WIN
P0788,US09-Q0102,Q0102,US09,US09E09,HIGH
P0789,US09-Q0103,Q0103,US09,US09E09,WIN
P0790,US09-Q0104,Q0104,US09,US09E09,HIGH
P0791,US09-Q0105,Q0105,US09,US09E09,LOW
P0792,US09-Q0106,Q0106,US09,US09E09,BTM
P0793,US09-Q0107,Q0107,US09,US09E09,BTM
P0794,US09-Q0101,Q0101,US09,US09E10,HIGH
P0795,US09-Q0102,Q0102,US09,US09E10,HIGH
P0796,US09-Q0103,Q0103,US09,US09E10,BTM
P0797,US09-Q0104,Q0104,US09,US09E10,WIN
P0798,US09-Q0105,Q0105,US09,US09E10,LOW
P0799,US09-Q0106,Q0106,US09,US09E10,BTM
P0800,US09-Q0101,Q0101,US09,US09E11,HIGH
P0801,US09-Q0102,Q0102,US09,US09E11,BTM
P0802,US09-Q0103,Q0103,US09,US09E11,WIN
P0803,US09-Q0104,Q0104,US09,US09E11,LOW
P0804,US09-Q0105,Q0105,US09,US09E11,BTM
P0805,US09-Q0101,Q0101,US09,US09E14,WIN
P0806,US09-Q0102,Q0102,US09,US09E14,BTM
P0807,US09-Q0103,Q0103,US09,US09E14,BTM
P0808,US09-Q0104,Q0104,US09,US09E14,BTM
P0809,US10-Q0115,Q0115,US10,US10E01,SAFE
P0810,US10-Q0111,Q0111,US10,US10E01,SAFE
P0811,US10-Q0116,Q0116,US10,US10E01,SAFE
P0812,US10-Q0117,Q0117,US10,US10E01,SAFE
P0813,US10-Q0118,Q0118,US10,US10E01,HIGH
P0814,US10-Q0119,Q0119,US10,US10E01,SAFE
P0815,US10-Q0120,Q0120,US10,US10E01,SAFE
P0816,US10-Q0121,Q0121,US10,US10E01,SAFE
P0817,US10-Q0122,Q0122,US10,US10E01,HIGH
P0818,US10-Q0123,Q0123,US10,US10E01,WIN
P0819,US10-Q0124,Q0124,US10,US10E01,LOW
P0820,US10-Q0125,Q0125,US10,US10E01,HIGH
P0821,US10-Q0126,Q0126,US10,US10E01,BTM
P0822,US10-Q0127,Q0127,US10,US10E01,BTM
P0823,US10-Q0115,Q0115,US10,US10E02,SAFE
P0824,US10-Q0111,Q0111,US10,US10E02,BTM
P0825,US10-Q0116,Q0116,US10,US10E02,SAFE
P0826,US10-Q0117,Q0117,US10,US10E02,HIGH
P0827,US10-Q0118,Q0118,US10,US10E02,SAFE
P0828,US10-Q0119,Q0119,US10,US10E02,SAFE
P0829,US10-Q0120,Q0120,US10,US10E02,WIN
P0830,US10-Q0121,Q0121,US10,US10E02,LOW
P0831,US10-Q0122,Q0122,US10,US10E02,SAFE
P0832,US10-Q0123,Q0123,US10,US10E02,SAFE
P0833,US10-Q0124,Q0124,US10,US10E02,HIGH
P0834,US10-Q0125,Q0125,US10,US10E02,SAFE
P0835,US10-Q0126,Q0126,US10,US10E02,BTM
P0836,US10-Q0115,Q0115,US10,US10E03,SAFE
P0837,US10-Q0111,Q0111,US10,US10E03,HIGH
P0838,US10-Q0116,Q0116,US10,US10E03,LOW
P0839,US10-Q0117,Q0117,US10,US10E03,WIN
P0840,US10-Q0118,Q0118,US10,US10E03,SAFE
P0841,US10-Q0119,Q0119,US10,US10E03,SAFE
P0842,US10-Q0120,Q0120,US10,US10E03,SAFE
P0843,US10-Q0121,Q0121,US10,US10E03,SAFE
P0844,US10-Q0122,Q0122,US10,US10E03,HIGH
P0845,US10-Q0123,Q0123,US10,US10E03,BTM
P0846,US10-Q0124,Q0124,US10,US10E03,SAFE
P0847,US10-Q0125,Q0125,US10,US10E03,BTM
P0848,US10-Q0115,Q0115,US10,US10E04,WIN
P0849,US10-Q0111,Q0111,US10,US10E04,SAFE
P0850,US10-Q0116,Q0116,US10,US10E04,HIGH
P0851,US10-Q0117,Q0117,US10,US10E04,LOW
P0852,US10-Q0118,Q0118,US10,US10E04,HIGH
P0853,US10-Q0119,Q0119,US10,US10E04,BTM
P0854,US10-Q0120,Q0120,US10,US10E04,SAFE
P0855,US10-Q0121,Q0121,US10,US10E04,SAFE
P0856,US10-Q0122,Q0122,US10,US10E04,SAFE
P0857,US10-Q0123,Q0123,US10,US10E04,SAFE
P0858,US10-Q0124,Q0124,US10,US10E04,BTM
P0859,US10-Q0115,Q0115,US10,US10E05,SAFE
P0860,US10-Q0111,Q0111,US10,US10E05,WIN
P0861,US10-Q0116,Q0116,US10,US10E05,SAFE
P0862,US10-Q0117,Q0117,US10,US10E05,SAFE
P0863,US10-Q0118,Q0118,US10,US10E05,HIGH
P0864,US10-Q0119,Q0119,US10,US10E05,BTM
P0865,US10-Q0120,Q0120,US10,US10E05,LOW
P0866,US10-Q0121,Q0121,US10,US10E05,HIGH
P0867,US10-Q0122,Q0122,US10,US10E05,SAFE
P0868,US10-Q0123,Q0123,US10,US10E05,BTM
P0869,US10-Q0115,Q0115,US10,US10E06,SAFE
P0870,US10-Q0111,Q0111,US10,US10E06,WIN
P0871,US10-Q0116,Q0116,US10,US10E06,HIGH
P0872,US10-Q0117,Q0117,US10,US10E06,SAFE
P0873,US10-Q0118,Q0118,US10,US10E06,LOW
P0874,US10-Q0119,Q0119,US10,US10E06,HIGH
P0875,US10-Q0120,Q0120,US10,US10E06,BTM
P0876,US10-Q0121,Q0121,US10,US10E06,SAFE
P0877,US10-Q0122,Q0122,US10,US10E06,BTM
P0878,US10-Q0115,Q0115,US10,US10E07,WIN
P0879,US10-Q0111,Q0111,US10,US10E07,HIGH
P0880,US10-Q0116,Q0116,US10,US10E07,SAFE
P0881,US10-Q0117,Q0117,US10,US10E07,LOW
P0882,US10-Q0118,Q0118,US10,US10E07,SAFE
P0883,US10-Q0119,Q0119,US10,US10E07,HIGH
P0884,US10-Q0120,Q0120,US10,US10E07,BTM
P0885,US10-Q0121,Q0121,US10,US10E07,BTM
P0886,US10-Q0115,Q0115,US10,US10E08,LOW
P0887,US10-Q0111,Q0111,US10,US10E08,SAFE
P0888,US10-Q0116,Q0116,US10,US10E08,WIN
P0889,US10-Q0117,Q0117,US10,US10E08,BTM
P0890,US10-Q0118,Q0118,US10,US10E08,SAFE
P0891,US10-Q0119,Q0119,US10,US10E08,HIGH
P0892,US10-Q0120,Q0120,US10,US10E08,BTM
P0893,US10-Q0115,Q0115,US10,US10E09,HIGH
P0894,US10-Q0111,Q0111,US10,US10E09,BTM
P0895,US10-Q0116,Q0116,US10,US10E09,BTM
P0896,US10-Q0117,Q0117,US10,US10E09,WIN
P0897,US10-Q0118,Q0118,US10,US10E09,LOW
P0898,US10-Q0119,Q0119,US10,US10E09,HIGH
P0899,US10-Q0115,Q0115,US10,US10E10,LOW
P0900,US10-Q0111,Q0111,US10,US10E10,HIGH
P0901,US10-Q0116,Q0116,US10,US10E10,BTM
P0902,US10-Q0117,Q0117,US10,US10E10,HIGH
P0903,US10-Q0118,Q0118,US10,US10E10,WIN
P0904,US10-Q0119,Q0119,US10,US10E10,BTM
P0905,US10-Q0115,Q0115,US10,US10E11,WIN
P0906,US10-Q0111,Q0111,US10,US10E11,HIGH
P0907,US10-Q0116,Q0116,US10,US10E11,BTM
P0908,US10-Q0117,Q0117,US10,US10E11,HIGH
P0909,US10-Q0118,Q0118,US10,US10E11,BTM
P0910,US10-Q0115,Q0115,US10,US10E14,WIN
P0911,US10-Q0111,Q0111,US10,US10E14,BTM
P0912,US10-Q0116,Q0116,US10,US10E14,BTM
P0913,US10-Q0117,Q0117,US10,US10E14,BTM
P0914,US11-Q0128,Q0128,US11,US11E01,SAFE
P0915,US11-Q0129,Q0129,US11,US11E01,WIN
P0916,US11-Q0130,Q0130,US11,US11E01,HIGH
P0917,US11-Q0131,Q0131,US11,US11E01,SAFE
P0918,US11-Q0127,Q0127,US11,US11E01,HIGH
P0919,US11-Q0132,Q0132,US11,US11E01,LOW
P0920,US11-Q0133,Q0133,US11,US11E01,SAFE
P0921,US11-Q0134,Q0134,US11,US11E01,HIGH
P0922,US11-Q0135,Q0135,US11,US11E01,SAFE
P0923,US11-Q0136,Q0136,US11,US11E01,SAFE
P0924,US11-Q0137,Q0137,US11,US11E01,SAFE
P0925,US11-Q0138,Q0138,US11,US11E01,LOW
P0926,US11-Q0139,Q0139,US11,US11E01,SAFE
P0927,US11-Q0140,Q0140,US11,US11E01,BTM
P0928,US11-Q0141,Q0141,US11,US11E01,BTM
P0929,US11-Q0128,Q0128,US11,US11E02,WIN
P0930,US11-Q0129,Q0129,US11,US11E02,LOW
P0931,US11-Q0130,Q0130,US11,US11E02,SAFE
P0932,US11-Q0131,Q0131,US11,US11E02,SAFE
P0933,US11-Q0127,Q0127,US11,US11E02,SAFE
P0934,US11-Q0132,Q0132,US11,US11E02,SAFE
P0935,US11-Q0133,Q0133,US11,US11E02,HIGH
P0936,US11-Q0134,Q0134,US11,US11E02,HIGH
P0937,US11-Q0135,Q0135,US11,US11E02,SAFE
P0938,US11-Q0136,Q0136,US11,US11E02,WIN
P0939,US11-Q0137,Q0137,US11,US11E02,LOW
P0940,US11-Q0138,Q0138,US11,US11E02,BTM
P0941,US11-Q0139,Q0139,US11,US11E02,SAFE
P0942,US11-Q0140,Q0140,US11,US11E02,BTM
P0943,US11-Q0128,Q0128,US11,US11E03,SAFE
P0944,US11-Q0129,Q0129,US11,US11E03,SAFE
P0945,US11-Q0130,Q0130,US11,US11E03,BTM
P0946,US11-Q0131,Q0131,US11,US11E03,SAFE
P0947,US11-Q0127,Q0127,US11,US11E03,HIGH
P0948,US11-Q0132,Q0132,US11,US11E03,WIN
P0949,US11-Q0133,Q0133,US11,US11E03,BTM
P0950,US11-Q0134,Q0134,US11,US11E03,BTM
P0951,US11-Q0135,Q0135,US11,US11E03,BTM
P0952,US11-Q0136,Q0136,US11,US11E03,BTM
P0953,US11-Q0137,Q0137,US11,US11E03,SAFE
P0954,US11-Q0138,Q0138,US11,US11E03,SAFE
P0955,US11-Q0139,Q0139,US11,US11E03,BTM
P0956,US11-Q0128,Q0128,US11,US11E04,HIGH
P0957,US11-Q0129,Q0129,US11,US11E04,HIGH
P0958,US11-Q0130,Q0130,US11,US11E04,SAFE
P0959,US11-Q0131,Q0131,US11,US11E04,WIN
P0960,US11-Q0127,Q0127,US11,US11E04,LOW
P0961,US11-Q0132,Q0132,US11,US11E04,SAFE
P0962,US11-Q0133,Q0133,US11,US11E04,SAFE
P0963,US11-Q0134,Q0134,US11,US11E04,SAFE
P0964,US11-Q0135,Q0135,US11,US11E04,BTM
P0965,US11-Q0136,Q0136,US11,US11E04,SAFE
P0966,US11-Q0137,Q0137,US11,US11E04,SAFE
P0967,US11-Q0138,Q0138,US11,US11E04,BTM
P0968,US11-Q0128,Q0128,US11,US11E05,HIGH
P0969,US11-Q0129,Q0129,US11,US11E05,WIN
P0970,US11-Q0130,Q0130,US11,US11E05,SAFE
P0971,US11-Q0131,Q0131,US11,US11E05,LOW
P0972,US11-Q0127,Q0127,US11,US11E05,SAFE
P0973,US11-Q0132,Q0132,US11,US11E05,SAFE
P0974,US11-Q0133,Q0133,US11,US11E05,BTM
P0975,US11-Q0134,Q0134,US11,US11E05,HIGH
P0976,US11-Q0135,Q0135,US11,US11E05,SAFE
P0977,US11-Q0136,Q0136,US11,US11E05,SAFE
P0978,US11-Q0137,Q0137,US11,US11E05,BTM
P0979,US11-Q0128,Q0128,US11,US11E06,SAFE
P0980,US11-Q0129,Q0129,US11,US11E06,SAFE
P0981,US11-Q0130,Q0130,US11,US11E06,WIN
P0982,US11-Q0131,Q0131,US11,US11E06,SAFE
P0983,US11-Q0127,Q0127,US11,US11E06,SAFE
P0984,US11-Q0132,Q0132,US11,US11E06,LOW
P0985,US11-Q0133,Q0133,US11,US11E06,SAFE
P0986,US11-Q0134,Q0134,US11,US11E06,HIGH
P0987,US11-Q0135,Q0135,US11,US11E06,BTM
P0988,US11-Q0136,Q0136,US11,US11E06,BTM
P0989,US11-Q0128,Q0128,US11,US11E07,HIGH
P0990,US11-Q0129,Q0129,US11,US11E07,HIGH
P0991,US11-Q0130,Q0130,US11,US11E07,BTM
P0992,US11-Q0131,Q0131,US11,US11E07,SAFE
P0993,US11-Q0127,Q0127,US11,US11E07,SAFE
P0994,US11-Q0132,Q0132,US11,US11E07,LOW
P0995,US11-Q0133,Q0133,US11,US11E07,SAFE
P0996,US11-Q0134,Q0134,US11,US11E07,WIN
P0997,US11-Q0135,Q0135,US11,US11E07,BTM
P0998,US11-Q0128,Q0128,US11,US11E08,BTM
P0999,US11-Q0129,Q0129,US11,US11E08,BTM
P1000,US11-Q0130,Q0130,US11,US11E08,SAFE
P1001,US11-Q0131,Q0131,US11,US11E08,WIN
P1002,US11-Q0127,Q0127,US11,US11E08,LOW
P1003,US11-Q0132,Q0132,US11,US11E08,HIGH
P1004,US11-Q0133,Q0133,US11,US11E08,HIGH
P1005,US11-Q0134,Q0134,US11,US11E08,SAFE
P1006,US11-Q0128,Q0128,US11,US11E09,SAFE
P1007,US11-Q0129,Q0129,US11,US11E09,HIGH
P1008,US11-Q0130,Q0130,US11,US11E09,WIN
P1009,US11-Q0131,Q0131,US11,US11E09,HIGH
P1010,US11-Q0127,Q0127,US11,US11E09,BTM
P1011,US11-Q0132,Q0132,US11,US11E09,SAFE
P1012,US11-Q0133,Q0133,US11,US11E09,LOW
P1013,US11-Q0134,Q0134,US11,US11E09,BTM
P1014,US11-Q0128,Q0128,US11,US11E10,SAFE
P1015,US11-Q0129,Q0129,US11,US11E10,HIGH
P1016,US11-Q0130,Q0130,US11,US11E10,SAFE
P1017,US11-Q0131,Q0131,US11,US11E10,LOW
P1018,US11-Q0127,Q0127,US11,US11E10,BTM
P1019,US11-Q0132,Q0132,US11,US11E10,WIN
P1020,US11-Q0133,Q0133,US11,US11E10,BTM
P1021,US11-Q0128,Q0128,US11,US11E11,LOW
P1022,US11-Q0129,Q0129,US11,US11E11,WIN
P1023,US11-Q0130,Q0130,US11,US11E11,HIGH
P1024,US11-Q0131,Q0131,US11,US11E11,BTM
P1025,US11-Q0127,Q0127,US11,US11E11,HIGH
P1026,US11-Q0132,Q0132,US11,US11E11,BTM
P1027,US11-Q0128,Q0128,US11,US11E12,SAFE
P1028,US11-Q0129,Q0129,US11,US11E12,BTM
P1029,US11-Q0130,Q0130,US11,US11E12,SAFE
P1030,US11-Q0131,Q0131,US11,US11E12,SAFE
P1031,US11-Q0127,Q0127,US11,US11E12,BTM
P1032,US11-Q0128,Q0128,US11,US11E13,SAFE
P1033,US11-Q0129,Q0129,US11,US11E13,SAFE
P1034,US11-Q0130,Q0130,US11,US11E13,SAFE
P1035,US11-Q0131,Q0131,US11,US11E13,SAFE
P1036,US11-Q0127,Q0127,US11,US11E13,RTRN
P1037,US11-Q0132,Q0132,US11,US11E13,RTRN
P1038,US11-Q0133,Q0133,US11,US11E13,RTRN
P1039,US11-Q0134,Q0134,US11,US11E13,RTRN
P1040,US11-Q0135,Q0135,US11,US11E13,RTRN
P1041,US11-Q0136,Q0136,US11,US11E13,RTRN
P1042,US11-Q0137,Q0137,US11,US11E13,RTRN
P1043,US11-Q0138,Q0138,US11,US11E13,RTRN
P1044,US11-Q0139,Q0139,US11,US11E13,RTRN
P1045,US11-Q0140,Q0140,US11,US11E13,RTRN
P1046,US11-Q0141,Q0141,US11,US11E13,RTRN
P1047,US11-Q0128,Q0128,US11,US11E14,WIN
P1048,US11-Q0129,Q0129,US11,US11E14,BTM
P1049,US11-Q0130,Q0130,US11,US11E14,BTM
P1050,US11-Q0131,Q0131,US11,US11E14,BTM
P1051,US11-Q0127,Q0127,US11,US11E14,RTRN
P1052,US11-Q0132,Q0132,US11,US11E14,SAFE
P1053,US11-Q0133,Q0133,US11,US11E14,RTRN
P1054,US11-Q0134,Q0134,US11,US11E14,RTRN
P1055,US11-Q0135,Q0135,US11,US11E14,RTRN
P1056,US11-Q0136,Q0136,US11,US11E14,RTRN
P1057,US11-Q0137,Q0137,US11,US11E14,RTRN
P1058,US11-Q0138,Q0138,US11,US11E14,RTRN
P1059,US11-Q0139,Q0139,US11,US11E14,RTRN
P1060,US11-Q0140,Q0140,US11,US11E14,RTRN
P1061,US11-Q0141,Q0141,US11,US11E14,RTRN
P1062,US12-Q0142,Q0142,US12,US12E01,SAFE
P1063,US12-Q0143,Q0143,US12,US12E01,HIGH
P1064,US12-Q0146,Q0146,US12,US12E01,HIGH
P1065,US12-Q0147,Q0147,US12,US12E01,LOW
P1066,US12-Q0148,Q0148,US12,US12E01,WIN
P1067,US12-Q0150,Q0150,US12,US12E01,HIGH
P1068,US12-Q0152,Q0152,US12,US12E01,LOW
P1069,US12-Q0144,Q0144,US12,US12E02,WIN
P1070,US12-Q0149,Q0149,US12,US12E02,HIGH
P1071,US12-Q0151,Q0151,US12,US12E02,HIGH
P1072,US12-Q0153,Q0153,US12,US12E02,LOW
P1073,US12-Q0154,Q0154,US12,US12E02,LOW
P1074,US12-Q0145,Q0145,US12,US12E02,HIGH
P1075,US12-Q0144,Q0144,US12,US12E03,SAFE
P1076,US12-Q0142,Q0142,US12,US12E03,LOW
P1077,US12-Q0143,Q0143,US12,US12E03,SAFE
P1078,US12-Q0146,Q0146,US12,US12E03,HIGH
P1079,US12-Q0147,Q0147,US12,US12E03,HIGH
P1080,US12-Q0148,Q0148,US12,US12E03,SAFE
P1081,US12-Q0149,Q0149,US12,US12E03,SAFE
P1082,US12-Q0150,Q0150,US12,US12E03,SAFE
P1083,US12-Q0151,Q0151,US12,US12E03,SAFE
P1084,US12-Q0152,Q0152,US12,US12E03,BTM
P1085,US12-Q0153,Q0153,US12,US12E03,SAFE
P1086,US12-Q0154,Q0154,US12,US12E03,BTM
P1087,US12-Q0145,Q0145,US12,US12E03,WIN
P1088,US12-Q0144,Q0144,US12,US12E04,HIGH
P1089,US12-Q0142,Q0142,US12,US12E04,SAFE
P1090,US12-Q0143,Q0143,US12,US12E04,WIN
P1091,US12-Q0146,Q0146,US12,US12E04,SAFE
P1092,US12-Q0147,Q0147,US12,US12E04,SAFE
P1093,US12-Q0148,Q0148,US12,US12E04,SAFE
P1094,US12-Q0149,Q0149,US12,US12E04,SAFE
P1095,US12-Q0150,Q0150,US12,US12E04,BTM
P1096,US12-Q0151,Q0151,US12,US12E04,LOW
P1097,US12-Q0152,Q0152,US12,US12E04,HIGH
P1098,US12-Q0153,Q0153,US12,US12E04,BTM
P1099,US12-Q0145,Q0145,US12,US12E04,SAFE
P1100,US12-Q0144,Q0144,US12,US12E05,SAFE
P1101,US12-Q0142,Q0142,US12,US12E05,SAFE
P1102,US12-Q0143,Q0143,US12,US12E05,HIGH
P1103,US12-Q0146,Q0146,US12,US12E05,HIGH
P1104,US12-Q0147,Q0147,US12,US12E05,BTM
P1105,US12-Q0148,Q0148,US12,US12E05,HIGH
P1106,US12-Q0149,Q0149,US12,US12E05,HIGH
P1107,US12-Q0150,Q0150,US12,US12E05,LOW
P1108,US12-Q0151,Q0151,US12,US12E05,HIGH
P1109,US12-Q0152,Q0152,US12,US12E05,BTM
P1110,US12-Q0145,Q0145,US12,US12E05,WIN
P1111,US12-Q0144,Q0144,US12,US12E06,SAFE
P1112,US12-Q0142,Q0142,US12,US12E06,LOW
P1113,US12-Q0143,Q0143,US12,US12E06,WIN
P1114,US12-Q0146,Q0146,US12,US12E06,HIGH
P1115,US12-Q0147,Q0147,US12,US12E06,SAFE
P1116,US12-Q0148,Q0148,US12,US12E06,SAFE
P1117,US12-Q0149,Q0149,US12,US12E06,SAFE
P1118,US12-Q0150,Q0150,US12,US12E06,BTM
P1119,US12-Q0151,Q0151,US12,US12E06,BTM
P1120,US12-Q0145,Q0145,US12,US12E06,HIGH
P1121,US12-Q0144,Q0144,US12,US12E07,SAFE
P1122,US12-Q0142,Q0142,US12,US12E07,HIGH
P1123,US12-Q0143,Q0143,US12,US12E07,WIN
P1124,US12-Q0146,Q0146,US12,US12E07,LOW
P1125,US12-Q0147,Q0147,US12,US12E07,BTM
P1126,US12-Q0148,Q0148,US12,US12E07,SAFE
P1127,US12-Q0149,Q0149,US12,US12E07,HIGH
P1128,US12-Q0150,Q0150,US12,US12E07,BTM
P1129,US12-Q0145,Q0145,US12,US12E07,SAFE
P1130,US12-Q0144,Q0144,US12,US12E08,HIGH
P1131,US12-Q0142,Q0142,US12,US12E08,HIGH
P1132,US12-Q0143,Q0143,US12,US12E08,LOW
P1133,US12-Q0146,Q0146,US12,US12E08,HIGH
P1134,US12-Q0147,Q0147,US12,US12E08,WIN
P1135,US12-Q0148,Q0148,US12,US12E08,BTM
P1136,US12-Q0149,Q0149,US12,US12E08,BTM
P1137,US12-Q0145,Q0145,US12,US12E08,LOW
P1138,US12-Q0144,Q0144,US12,US12E09,WIN
P1139,US12-Q0142,Q0142,US12,US12E09,HIGH
P1140,US12-Q0143,Q0143,US12,US12E09,LOW
P1141,US12-Q0146,Q0146,US12,US12E09,BTM
P1142,US12-Q0147,Q0147,US12,US12E09,HIGH
P1143,US12-Q0148,Q0148,US12,US12E09,BTM
P1144,US12-Q0145,Q0145,US12,US12E09,SAFE
P1145,US12-Q0144,Q0144,US12,US12E10,WIN
P1146,US12-Q0142,Q0142,US12,US12E10,HIGH
P1147,US12-Q0143,Q0143,US12,US12E10,SAFE
P1148,US12-Q0146,Q0146,US12,US12E10,BTM
P1149,US12-Q0147,Q0147,US12,US12E10,BTM
P1150,US12-Q0145,Q0145,US12,US12E10,HIGH
P1151,US12-Q0144,Q0144,US12,US12E11,BTM
P1152,US12-Q0142,Q0142,US12,US12E11,WIN
P1153,US12-Q0143,Q0143,US12,US12E11,SAFE
P1154,US12-Q0146,Q0146,US12,US12E11,HIGH
P1155,US12-Q0147,Q0147,US12,US12E11,BTM
P1156,US12-Q0145,Q0145,US12,US12E11,SAFE
P1157,US12-Q0144,Q0144,US12,US12E12,SAFE
P1158,US12-Q0142,Q0142,US12,US12E12,BTM
P1159,US12-Q0143,Q0143,US12,US12E12,WIN
P1160,US12-Q0146,Q0146,US12,US12E12,BTM
P1161,US12-Q0145,Q0145,US12,US12E12,SAFE
P1162,US12-Q0144,Q0144,US12,US12E13,SAFE
P1163,US12-Q0142,Q0142,US12,US12E13,SAFE
P1164,US12-Q0143,Q0143,US12,US12E13,SAFE
P1165,US12-Q0145,Q0145,US12,US12E13,DISQ
P1166,US12-Q0144,Q0144,US12,US12E14,WIN
P1167,US12-Q0142,Q0142,US12,US12E14,BTM
P1168,US12-Q0143,Q0143,US12,US12E14,BTM
P1169,US13-Q0155,Q0155,US13,US13E01,WIN
P1170,US13-Q0156,Q0156,US13,US13E01,WIN
P1171,US13-Q0157,Q0157,US13,US13E01,WIN
P1172,US13-Q0158,Q0158,US13,US13E01,LOW
P1173,US13-Q0159,Q0159,US13,US13E01,WIN
P1174,US13-Q0160,Q0160,US13,US13E01,LOW
P1175,US13-Q0161,Q0161,US13,US13E01,WIN
P1176,US13-Q0162,Q0162,US13,US13E01,LOW
P1177,US13-Q0163,Q0163,US13,US13E01,LOW
P1178,US13-Q0164,Q0164,US13,US13E01,WIN
P1179,US13-Q0165,Q0165,US13,US13E01,LOW
P1180,US13-Q0166,Q0166,US13,US13E01,LOW
P1181,US13-Q0167,Q0167,US13,US13E01,LOW
P1182,US13-Q0155,Q0155,US13,US13E02,WIN
P1183,US13-Q0156,Q0156,US13,US13E02,SAFE
P1184,US13-Q0157,Q0157,US13,US13E02,SAFE
P1185,US13-Q0159,Q0159,US13,US13E02,HIGH
P1186,US13-Q0161,Q0161,US13,US13E02,SAFE
P1187,US13-Q0163,Q0163,US13,US13E02,SAFE
P1188,US13-Q0164,Q0164,US13,US13E02,SAFE
P1189,US13-Q0158,Q0158,US13,US13E03,HIGH
P1190,US13-Q0160,Q0160,US13,US13E03,SAFE
P1191,US13-Q0162,Q0162,US13,US13E03,WIN
P1192,US13-Q0165,Q0165,US13,US13E03,SAFE
P1193,US13-Q0166,Q0166,US13,US13E03,SAFE
P1194,US13-Q0167,Q0167,US13,US13E03,SAFE
P1195,US13-Q0155,Q0155,US13,US13E04,WIN
P1196,US13-Q0156,Q0156,US13,US13E04,HIGH
P1197,US13-Q0157,Q0157,US13,US13E04,SAFE
P1198,US13-Q0158,Q0158,US13,US13E04,HIGH
P1199,US13-Q0159,Q0159,US13,US13E04,SAFE
P1200,US13-Q0160,Q0160,US13,US13E04,SAFE
P1201,US13-Q0161,Q0161,US13,US13E04,SAFE
P1202,US13-Q0162,Q0162,US13,US13E04,BTM
P1203,US13-Q0163,Q0163,US13,US13E04,SAFE
P1204,US13-Q0164,Q0164,US13,US13E04,LOW
P1205,US13-Q0165,Q0165,US13,US13E04,SAFE
P1206,US13-Q0166,Q0166,US13,US13E04,SAFE
P1207,US13-Q0167,Q0167,US13,US13E04,BTM
P1208,US13-Q0155,Q0155,US13,US13E05,SAFE
P1209,US13-Q0156,Q0156,US13,US13E05,SAFE
P1210,US13-Q0157,Q0157,US13,US13E05,WIN
P1211,US13-Q0158,Q0158,US13,US13E05,HIGH
P1212,US13-Q0159,Q0159,US13,US13E05,SAFE
P1213,US13-Q0160,Q0160,US13,US13E05,HIGH
P1214,US13-Q0161,Q0161,US13,US13E05,SAFE
P1215,US13-Q0162,Q0162,US13,US13E05,SAFE
P1216,US13-Q0163,Q0163,US13,US13E05,SAFE
P1217,US13-Q0164,Q0164,US13,US13E05,BTM
P1218,US13-Q0165,Q0165,US13,US13E05,LOW
P1219,US13-Q0166,Q0166,US13,US13E05,BTM
P1220,US13-Q0155,Q0155,US13,US13E06,SAFE
P1221,US13-Q0156,Q0156,US13,US13E06,BTM
P1222,US13-Q0157,Q0157,US13,US13E06,SAFE
P1223,US13-Q0158,Q0158,US13,US13E06,SAFE
P1224,US13-Q0159,Q0159,US13,US13E06,WIN
P1225,US13-Q0160,Q0160,US13,US13E06,LOW
P1226,US13-Q0161,Q0161,US13,US13E06,HIGH
P1227,US13-Q0162,Q0162,US13,US13E06,SAFE
P1228,US13-Q0163,Q0163,US13,US13E06,HIGH
P1229,US13-Q0164,Q0164,US13,US13E06,SAFE
P1230,US13-Q0165,Q0165,US13,US13E06,BTM
P1231,US13-Q0155,Q0155,US13,US13E07,HIGH
P1232,US13-Q0156,Q0156,US13,US13E07,HIGH
P1233,US13-Q0157,Q0157,US13,US13E07,SAFE
P1234,US13-Q0158,Q0158,US13,US13E07,SAFE
P1235,US13-Q0159,Q0159,US13,US13E07,WIN
P1236,US13-Q0160,Q0160,US13,US13E07,LOW
P1237,US13-Q0161,Q0161,US13,US13E07,SAFE
P1238,US13-Q0162,Q0162,US13,US13E07,SAFE
P1239,US13-Q0163,Q0163,US13,US13E07,BTM
P1240,US13-Q0164,Q0164,US13,US13E07,BTM
P1241,US13-Q0155,Q0155,US13,US13E08,BTM
P1242,US13-Q0156,Q0156,US13,US13E08,BTM
P1243,US13-Q0157,Q0157,US13,US13E08,HIGH
P1244,US13-Q0158,Q0158,US13,US13E08,WIN
P1245,US13-Q0159,Q0159,US13,US13E08,SAFE
P1246,US13-Q0160,Q0160,US13,US13E08,SAFE
P1247,US13-Q0161,Q0161,US13,US13E08,LOW
P1248,US13-Q0162,Q0162,US13,US13E08,HIGH
P1249,US13-Q0163,Q0163,US13,US13E08,SAFE
P1250,US13-Q0155,Q0155,US13,US13E09,SAFE
P1251,US13-Q0156,Q0156,US13,US13E09,SAFE
P1252,US13-Q0157,Q0157,US13,US13E09,WIN
P1253,US13-Q0158,Q0158,US13,US13E09,HIGH
P1254,US13-Q0159,Q0159,US13,US13E09,LOW
P1255,US13-Q0160,Q0160,US13,US13E09,BTM
P1256,US13-Q0161,Q0161,US13,US13E09,SAFE
P1257,US13-Q0162,Q0162,US13,US13E09,HIGH
P1258,US13-Q0163,Q0163,US13,US13E09,BTM
P1259,US13-Q0155,Q0155,US13,US13E10,WIN
P1260,US13-Q0156,Q0156,US13,US13E10,HIGH
P1261,US13-Q0157,Q0157,US13,US13E10,HIGH
P1262,US13-Q0158,Q0158,US13,US13E10,LOW
P1263,US13-Q0159,Q0159,US13,US13E10,BTM
P1264,US13-Q0160,Q0160,US13,US13E10,WIN
P1265,US13-Q0161,Q0161,US13,US13E10,LOW
P1266,US13-Q0162,Q0162,US13,US13E10,BTM
P1267,US13-Q0155,Q0155,US13,US13E11,WIN
P1268,US13-Q0156,Q0156,US13,US13E11,HIGH
P1269,US13-Q0157,Q0157,US13,US13E11,LOW
P1270,US13-Q0158,Q0158,US13,US13E11,WIN
P1271,US13-Q0159,Q0159,US13,US13E11,SAFE
P1272,US13-Q0160,Q0160,US13,US13E11,BTM
P1273,US13-Q0161,Q0161,US13,US13E11,BTM
P1274,US13-Q0155,Q0155,US13,US13E12,BTM
P1275,US13-Q0156,Q0156,US13,US13E12,WIN
P1276,US13-Q0157,Q0157,US13,US13E12,HIGH
P1277,US13-Q0158,Q0158,US13,US13E12,HIGH
P1278,US13-Q0159,Q0159,US13,US13E12,LOW
P1279,US13-Q0160,Q0160,US13,US13E12,BTM
P1280,US13-Q0155,Q0155,US13,US13E13,HIGH
P1281,US13-Q0156,Q0156,US13,US13E13,BTM
P1282,US13-Q0157,Q0157,US13,US13E13,HIGH
P1283,US13-Q0158,Q0158,US13,US13E13,WIN
P1284,US13-Q0159,Q0159,US13,US13E13,BTM
P1285,US13-Q0155,Q0155,US13,US13E14,SAFE
P1286,US13-Q0156,Q0156,US13,US13E14,SAFE
P1287,US13-Q0157,Q0157,US13,US13E14,SAFE
P1288,US13-Q0158,Q0158,US13,US13E14,SAFE
P1289,US13-Q0155,Q0155,US13,US13E15,GUEST
P1290,US13-Q0156,Q0156,US13,US13E15,GUEST
P1291,US13-Q0157,Q0157,US13,US13E15,GUEST
P1292,US13-Q0158,Q0158,US13,US13E15,GUEST
P1293,US13-Q0159,Q0159,US13,US13E15,GUEST
P1294,US13-Q0160,Q0160,US13,US13E15,GUEST
P1295,US13-Q0155,Q0155,US13,US13E16,WIN
P1296,US13-Q0156,Q0156,US13,US13E16,BTM
P1297,US13-Q0157,Q0157,US13,US13E16,BTM
P1298,US13-Q0158,Q0158,US13,US13E16,BTM
P1299,US14-Q0168,Q0168,US14,US14E01,SAFE
P1300,US14-Q0171,Q0171,US14,US14E01,SAFE
P1301,US14-Q0176,Q0176,US14,US14E01,SAFE
P1302,US14-Q0178,Q0178,US14,US14E01,BTM
P1303,US14-Q0180,Q0180,US14,US14E01,SAFE
P1304,US14-Q0181,Q0181,US14,US14E01,BTM
P1305,US14-Q0169,Q0169,US14,US14E02,SAFE
P1306,US14-Q0172,Q0172,US14,US14E02,BTM
P1307,US14-Q0173,Q0173,US14,US14E02,BTM
P1308,US14-Q0174,Q0174,US14,US14E02,SAFE
P1309,US14-Q0175,Q0175,US14,US14E02,SAFE
P1310,US14-Q0177,Q0177,US14,US14E02,SAFE
P1311,US14-Q0168,Q0168,US14,US14E03,WIN
P1312,US14-Q0169,Q0169,US14,US14E03,SAFE
P1313,US14-Q0171,Q0171,US14,US14E03,SAFE
P1314,US14-Q0172,Q0172,US14,US14E03,SAFE
P1315,US14-Q0173,Q0173,US14,US14E03,SAFE
P1316,US14-Q0174,Q0174,US14,US14E03,SAFE
P1317,US14-Q0175,Q0175,US14,US14E03,SAFE
P1318,US14-Q0176,Q0176,US14,US14E03,SAFE
P1319,US14-Q0177,Q0177,US14,US14E03,BTM
P1320,US14-Q0178,Q0178,US14,US14E03,SAFE
P1321,US14-Q0180,Q0180,US14,US14E03,SAFE
P1322,US14-Q0181,Q0181,US14,US14E03,BTM
P1323,US14-Q0168,Q0168,US14,US14E04,SAFE
P1324,US14-Q0169,Q0169,US14,US14E04,SAFE
P1325,US14-Q0171,Q0171,US14,US14E04,SAFE
P1326,US14-Q0172,Q0172,US14,US14E04,SAFE
P1327,US14-Q0173,Q0173,US14,US14E04,SAFE
P1328,US14-Q0174,Q0174,US14,US14E04,SAFE
P1329,US14-Q0175,Q0175,US14,US14E04,SAFE
P1330,US14-Q0176,Q0176,US14,US14E04,BTM
P1331,US14-Q0177,Q0177,US14,US14E04,SAFE
P1332,US14-Q0178,Q0178,US14,US14E04,SAFE
P1333,US14-Q0180,Q0180,US14,US14E04,BTM
P1334,US14-Q0168,Q0168,US14,US14E05,SAFE
P1335,US14-Q0169,Q0169,US14,US14E05,SAFE
P1336,US14-Q0171,Q0171,US14,US14E05,WIN
P1337,US14-Q0172,Q0172,US14,US14E05,SAFE
P1338,US14-Q0173,Q0173,US14,US14E05,SAFE
P1339,US14-Q0174,Q0174,US14,US14E05,BTM
P1340,US14-Q0175,Q0175,US14,US14E05,SAFE
P1341,US14-Q0176,Q0176,US14,US14E05,SAFE
P1342,US14-Q0177,Q0177,US14,US14E05,SAFE
P1343,US14-Q0178,Q0178,US14,US14E05,BTM
P1344,US14-Q0181,Q0181,US14,US14E05,GUEST
P1345,US14-Q0168,Q0168,US14,US14E06,SAFE
P1346,US14-Q0169,Q0169,US14,US14E06,SAFE
P1347,US14-Q0171,Q0171,US14,US14E06,SAFE
P1348,US14-Q0172,Q0172,US14,US14E06,SAFE
P1349,US14-Q0173,Q0173,US14,US14E06,SAFE
P1350,US14-Q0174,Q0174,US14,US14E06,WIN
P1351,US14-Q0175,Q0175,US14,US14E06,BTM
P1352,US14-Q0176,Q0176,US14,US14E06,SAFE
P1353,US14-Q0177,Q0177,US14,US14E06,BTM
P1354,US14-Q0180,Q0180,US14,US14E06,GUEST
P1355,US14-Q0181,Q0181,US14,US14E06,GUEST
P1356,US14-Q0168,Q0168,US14,US14E07,SAFE
P1357,US14-Q0169,Q0169,US14,US14E07,WIN
P1358,US14-Q0171,Q0171,US14,US14E07,SAFE
P1359,US14-Q0172,Q0172,US14,US14E07,HIGH
P1360,US14-Q0173,Q0173,US14,US14E07,SAFE
P1361,US14-Q0174,Q0174,US14,US14E07,SAFE
P1362,US14-Q0175,Q0175,US14,US14E07,SAFE
P1363,US14-Q0176,Q0176,US14,US14E07,SAFE
P1364,US14-Q0178,Q0178,US14,US14E07,GUEST
P1365,US14-Q0180,Q0180,US14,US14E07,GUEST
P1366,US14-Q0168,Q0168,US14,US14E08,SAFE
P1367,US14-Q0169,Q0169,US14,US14E08,SAFE
P1368,US14-Q0171,Q0171,US14,US14E08,SAFE
P1369,US14-Q0172,Q0172,US14,US14E08,WIN
P1370,US14-Q0173,Q0173,US14,US14E08,SAFE
P1371,US14-Q0174,Q0174,US14,US14E08,SAFE
P1372,US14-Q0175,Q0175,US14,US14E08,BTM
P1373,US14-Q0176,Q0176,US14,US14E08,BTM
P1374,US14-Q0177,Q0177,US14,US14E08,GUEST
P1375,US14-Q0178,Q0178,US14,US14E08,GUEST
P1376,US14-Q0168,Q0168,US14,US14E09,SAFE
P1377,US14-Q0169,Q0169,US14,US14E09,SAFE
P1378,US14-Q0171,Q0171,US14,US14E09,WIN
P1379,US14-Q0172,Q0172,US14,US14E09,SAFE
P1380,US14-Q0173,Q0173,US14,US14E09,SAFE
P1381,US14-Q0174,Q0174,US14,US14E09,BTM
P1382,US14-Q0175,Q0175,US14,US14E09,BTM
P1383,US14-Q0177,Q0177,US14,US14E09,GUEST
P1384,US14-Q0168,Q0168,US14,US14E10,BTM
P1385,US14-Q0169,Q0169,US14,US14E10,BTM
P1386,US14-Q0171,Q0171,US14,US14E10,BTM
P1387,US14-Q0172,Q0172,US14,US14E10,BTM
P1388,US14-Q0173,Q0173,US14,US14E10,WIN
P1389,US14-Q0174,Q0174,US14,US14E10,BTM
P1390,US14-Q0175,Q0175,US14,US14E10,BTM
P1391,US14-Q0176,Q0176,US14,US14E10,GUEST
P1392,US14-Q0168,Q0168,US14,US14E11,SAFE
P1393,US14-Q0169,Q0169,US14,US14E11,SAFE
P1394,US14-Q0171,Q0171,US14,US14E11,SAFE
P1395,US14-Q0172,Q0172,US14,US14E11,SAFE
P1396,US14-Q0173,Q0173,US14,US14E11,SAFE
P1397,US14-Q0174,Q0174,US14,US14E11,SAFE
P1398,US14-Q0175,Q0175,US14,US14E11,BTM
P1399,US14-Q0176,Q0176,US14,US14E11,GUEST
P1400,US14-Q0168,Q0168,US14,US14E12,SAFE
P1401,US14-Q0169,Q0169,US14,US14E12,WIN
P1402,US14-Q0171,Q0171,US14,US14E12,SAVE
P1403,US14-Q0172,Q0172,US14,US14E12,SAFE
P1404,US14-Q0173,Q0173,US14,US14E12,SAFE
P1405,US14-Q0174,Q0174,US14,US14E12,BTM
P1406,US14-Q0168,Q0168,US14,US14E13,SAFE
P1407,US14-Q0169,Q0169,US14,US14E13,SAFE
P1408,US14-Q0171,Q0171,US14,US14E13,WIN
P1409,US14-Q0172,Q0172,US14,US14E13,BTM
P1410,US14-Q0173,Q0173,US14,US14E13,BTM
P1411,US14-Q0174,Q0174,US14,US14E13,BTM
P1412,US14-Q0175,Q0175,US14,US14E13,GUEST
P1413,US14-Q0168,Q0168,US14,US14E14,BTM
P1414,US14-Q0169,Q0169,US14,US14E14,WIN
P1415,US14-Q0171,Q0171,US14,US14E14,SAFE
P1416,US14-Q0172,Q0172,US14,US14E14,SAFE
P1417,US14-Q0175,Q0175,US14,US14E14,GUEST
P1418,US14-Q0168,Q0168,US14,US14E15,GUEST
P1419,US14-Q0169,Q0169,US14,US14E15,GUEST
P1420,US14-Q0171,Q0171,US14,US14E15,GUEST
P1421,US14-Q0172,Q0172,US14,US14E15,GUEST
P1422,US14-Q0173,Q0173,US14,US14E15,GUEST
P1423,US14-Q0174,Q0174,US14,US14E15,GUEST
P1424,US14-Q0168,Q0168,US14,US14E16,WINNER
P1425,US14-Q0169,Q0169,US14,US14E16,RUNNER-UP
P1426,US14-Q0171,Q0171,US14,US14E16,ELIM
P1427,US14-Q0172,Q0172,US14,US14E16,ELIM
P1428,US14-Q0173,Q0173,US14,US14E16,GUEST
P1429,US14-Q0174,Q0174,US14,US14E16,GUEST
P1430,US15-Q0188,Q0188,US15,US15E02,HIGH
P1431,US15-Q0188,Q0188,US15,US15E03,SAFE
P1432,US15-Q0188,Q0188,US15,US15E04,HIGH
P1433,US15-Q0188,Q0188,US15,US15E05,SAFE
P1434,US15-Q0188,Q0188,US15,US15E06,SAFE
P1435,US15-Q0188,Q0188,US15,US15E07,HIGH
P1436,US15-Q0188,Q0188,US15,US15E08,STAY
P1437,US15-Q0188,Q0188,US15,US15E09,SAFE
P1438,US15-Q0188,Q0188,US15,US15E10,SAFE
P1439,US15-Q0188,Q0188,US15,US15E11,ELIM
P1440,US15-Q0196,Q0196,US15,US15E02,SAFE
P1441,US15-Q0196,Q0196,US15,US15E03,ELIM
P1442,US15-Q0191,Q0191,US15,US15E02,SAFE
P1443,US15-Q0191,Q0191,US15,US15E03,SAFE
P1444,US15-Q0191,Q0191,US15,US15E04,ELIM
P1445,US15-Q0183,Q0183,US15,US15E02,WIN
P1446,US15-Q0183,Q0183,US15,US15E03,SAFE
P1447,US15-Q0183,Q0183,US15,US15E04,SAFE
P1448,US15-Q0183,Q0183,US15,US15E05,SAFE
P1449,US15-Q0183,Q0183,US15,US15E06,LOW
P1450,US15-Q0183,Q0183,US15,US15E07,HIGH
P1451,US15-Q0183,Q0183,US15,US15E08,STAY
P1452,US15-Q0183,Q0183,US15,US15E09,HIGH
P1453,US15-Q0183,Q0183,US15,US15E10,SAFE
P1454,US15-Q0183,Q0183,US15,US15E11,BTM
P1455,US15-Q0183,Q0183,US15,US15E12,WIN
P1456,US15-Q0183,Q0183,US15,US15E13,WIN
P1457,US15-Q0183,Q0183,US15,US15E14,BTM
P1458,US15-Q0183,Q0183,US15,US15E16,RUNNER-UP
P1459,US15-Q0197,Q0197,US15,US15E02,ELIM
P1460,US15-Q0184,Q0184,US15,US15E02,SAFE
P1461,US15-Q0184,Q0184,US15,US15E03,HIGH
P1462,US15-Q0184,Q0184,US15,US15E04,SAFE
P1463,US15-Q0184,Q0184,US15,US15E05,WIN
P1464,US15-Q0184,Q0184,US15,US15E06,SAFE
P1465,US15-Q0184,Q0184,US15,US15E07,SAFE
P1466,US15-Q0184,Q0184,US15,US15E08,STAY
P1467,US15-Q0184,Q0184,US15,US15E09,SAFE
P1468,US15-Q0184,Q0184,US15,US15E10,HIGH
P1469,US15-Q0184,Q0184,US15,US15E11,WIN
P1470,US15-Q0184,Q0184,US15,US15E12,HIGH
P1471,US15-Q0184,Q0184,US15,US15E13,BTM
P1472,US15-Q0184,Q0184,US15,US15E14,HIGH
P1473,US15-Q0184,Q0184,US15,US15E16,ELIM
P1474,US15-Q0194,Q0194,US15,US15E02,SAFE
P1475,US15-Q0194,Q0194,US15,US15E03,SAFE
P1476,US15-Q0194,Q0194,US15,US15E04,SAFE
P1477,US15-Q0194,Q0194,US15,US15E05,HIGH
P1478,US15-Q0194,Q0194,US15,US15E06,ELIM
P1479,US15-Q0195,Q0195,US15,US15E02,BTM
P1480,US15-Q0195,Q0195,US15,US15E03,BTM
P1481,US15-Q0195,Q0195,US15,US15E04,SAFE
P1482,US15-Q0195,Q0195,US15,US15E05,ELIM
P1483,US15-Q0187,Q0187,US15,US15E02,SAFE
P1484,US15-Q0187,Q0187,US15,US15E03,SAFE
P1485,US15-Q0187,Q0187,US15,US15E04,SAFE
P1486,US15-Q0187,Q0187,US15,US15E05,BTM
P1487,US15-Q0187,Q0187,US15,US15E06,SAFE
P1488,US15-Q0187,Q0187,US15,US15E07,SAFE
P1489,US15-Q0187,Q0187,US15,US15E08,STAY
P1490,US15-Q0187,Q0187,US15,US15E09,BTM
P1491,US15-Q0187,Q0187,US15,US15E10,BTM
P1492,US15-Q0187,Q0187,US15,US15E11,HIGH
P1493,US15-Q0187,Q0187,US15,US15E12,ELIM
P1494,US15-Q0193,Q0193,US15,US15E02,SAFE
P1495,US15-Q0193,Q0193,US15,US15E03,SAFE
P1496,US15-Q0193,Q0193,US15,US15E04,LOW
P1497,US15-Q0193,Q0193,US15,US15E05,SAFE
P1498,US15-Q0193,Q0193,US15,US15E06,WIN
P1499,US15-Q0193,Q0193,US15,US15E07,ELIM
P1500,US15-Q0182,Q0182,US15,US15E02,SAFE
P1501,US15-Q0182,Q0182,US15,US15E03,WIN
P1502,US15-Q0182,Q0182,US15,US15E04,SAFE
P1503,US15-Q0182,Q0182,US15,US15E05,HIGH
P1504,US15-Q0182,Q0182,US15,US15E06,HIGH
P1505,US15-Q0182,Q0182,US15,US15E07,SAFE
P1506,US15-Q0182,Q0182,US15,US15E08,STAY
P1507,US15-Q0182,Q0182,US15,US15E09,WIN
P1508,US15-Q0182,Q0182,US15,US15E10,WIN
P1509,US15-Q0182,Q0182,US15,US15E11,LOW
P1510,US15-Q0182,Q0182,US15,US15E12,HIGH
P1511,US15-Q0182,Q0182,US15,US15E13,HIGH
P1512,US15-Q0182,Q0182,US15,US15E14,WIN
P1513,US15-Q0182,Q0182,US15,US15E16,WINNER
P1514,US15-Q0185,Q0185,US15,US15E02,SAFE
P1515,US15-Q0185,Q0185,US15,US15E03,SAFE
P1516,US15-Q0185,Q0185,US15,US15E04,HIGH
P1517,US15-Q0185,Q0185,US15,US15E05,SAFE
P1518,US15-Q0185,Q0185,US15,US15E06,HIGH
P1519,US15-Q0185,Q0185,US15,US15E07,WIN
P1520,US15-Q0185,Q0185,US15,US15E08,STAY
P1521,US15-Q0185,Q0185,US15,US15E09,HIGH
P1522,US15-Q0185,Q0185,US15,US15E10,LOW
P1523,US15-Q0185,Q0185,US15,US15E11,HIGH
P1524,US15-Q0185,Q0185,US15,US15E12,HIGH
P1525,US15-Q0185,Q0185,US15,US15E13,HIGH
P1526,US15-Q0185,Q0185,US15,US15E14,BTM
P1527,US15-Q0185,Q0185,US15,US15E16,ELIM
P1528,US15-Q0189,Q0189,US15,US15E02,LOW
P1529,US15-Q0189,Q0189,US15,US15E03,HIGH
P1530,US15-Q0189,Q0189,US15,US15E04,WIN
P1531,US15-Q0189,Q0189,US15,US15E05,SAFE
P1532,US15-Q0189,Q0189,US15,US15E06,SAFE
P1533,US15-Q0189,Q0189,US15,US15E07,SAFE
P1534,US15-Q0189,Q0189,US15,US15E08,STAY
P1535,US15-Q0189,Q0189,US15,US15E09,LOW
P1536,US15-Q0189,Q0189,US15,US15E10,HIGH
P1537,US15-Q0189,Q0189,US15,US15E11,WIN
P1538,US15-Q0189,Q0189,US15,US15E12,BTM
P1539,US15-Q0189,Q0189,US15,US15E13,ELIM
P1540,US15-Q0192,Q0192,US15,US15E02,HIGH
P1541,US15-Q0192,Q0192,US15,US15E03,LOW
P1542,US15-Q0192,Q0192,US15,US15E04,SAFE
P1543,US15-Q0192,Q0192,US15,US15E05,LOW
P1544,US15-Q0192,Q0192,US15,US15E06,BTM
P1545,US15-Q0192,Q0192,US15,US15E07,BTM
P1546,US15-Q0192,Q0192,US15,US15E08,ELIM
P1547,US15-Q0186,Q0186,US15,US15E02,SAFE
P1548,US15-Q0186,Q0186,US15,US15E03,SAFE
P1549,US15-Q0186,Q0186,US15,US15E04,SAFE
P1550,US15-Q0186,Q0186,US15,US15E05,HIGH
P1551,US15-Q0186,Q0186,US15,US15E06,SAFE
P1552,US15-Q0186,Q0186,US15,US15E07,HIGH
P1553,US15-Q0186,Q0186,US15,US15E08,STAY
P1554,US15-Q0186,Q0186,US15,US15E09,SAFE
P1555,US15-Q0186,Q0186,US15,US15E10,ELIM
P1556,US15-Q0190,Q0190,US15,US15E02,SAFE
P1557,US15-Q0190,Q0190,US15,US15E03,SAFE
P1558,US15-Q0190,Q0190,US15,US15E04,BTM
P1559,US15-Q0190,Q0190,US15,US15E05,SAFE
P1560,US15-Q0190,Q0190,US15,US15E06,SAFE
P1561,US15-Q0190,Q0190,US15,US15E07,LOW
P1562,US15-Q0190,Q0190,US15,US15E08,SAVE
P1563,US15-Q0190,Q0190,US15,US15E09,ELIM
P1564,US16-Q0209,Q0209,US16,US16E01,SAFE
P1565,US16-Q0209,Q0209,US16,US16E03,SAFE
P1566,US16-Q0209,Q0209,US16,US16E04,SAFE
P1567,US16-Q0209,Q0209,US16,US16E05,ELIM
P1568,US16-Q0209,Q0209,US16,US16E15,LOSS
P1569,US16-Q0208,Q0208,US16,US16E02,TOP2
P1570,US16-Q0208,Q0208,US16,US16E03,BTM
P1571,US16-Q0208,Q0208,US16,US16E04,BTM
P1572,US16-Q0208,Q0208,US16,US16E05,WIN
P1573,US16-Q0208,Q0208,US16,US16E06,ELIM
P1574,US16-Q0208,Q0208,US16,US16E15,LOSS
P1575,US16-Q0202,Q0202,US16,US16E01,SAFE
P1576,US16-Q0202,Q0202,US16,US16E03,SAFE
P1577,US16-Q0202,Q0202,US16,US16E04,SAFE
P1578,US16-Q0202,Q0202,US16,US16E05,SAFE
P1579,US16-Q0202,Q0202,US16,US16E06,SAFE
P1580,US16-Q0202,Q0202,US16,US16E07,LOW
P1581,US16-Q0202,Q0202,US16,US16E08,BTM
P1582,US16-Q0202,Q0202,US16,US16E09,LOW
P1583,US16-Q0202,Q0202,US16,US16E10,TOP2
P1584,US16-Q0202,Q0202,US16,US16E11,BTM
P1585,US16-Q0202,Q0202,US16,US16E12,BTM
P1586,US16-Q0202,Q0202,US16,US16E13,ELIM
P1587,US16-Q0202,Q0202,US16,US16E15,SDADHH
P1588,US16-Q0207,Q0207,US16,US16E02,SAFE
P1589,US16-Q0207,Q0207,US16,US16E03,SAFE
P1590,US16-Q0207,Q0207,US16,US16E04,SAFE
P1591,US16-Q0207,Q0207,US16,US16E05,WIN
P1592,US16-Q0207,Q0207,US16,US16E06,SAFE
P1593,US16-Q0207,Q0207,US16,US16E07,ELIM
P1594,US16-Q0207,Q0207,US16,US16E15,LOSS
P1595,US16-Q0199,Q0199,US16,US16E01,WIN
P1596,US16-Q0199,Q0199,US16,US16E03,HIGH
P1597,US16-Q0199,Q0199,US16,US16E04,SAFE
P1598,US16-Q0199,Q0199,US16,US16E05,SAFE
P1599,US16-Q0199,Q0199,US16,US16E06,IMM
P1600,US16-Q0199,Q0199,US16,US16E07,HIGH
P1601,US16-Q0199,Q0199,US16,US16E08,HIGH
P1602,US16-Q0199,Q0199,US16,US16E09,HIGH
P1603,US16-Q0199,Q0199,US16,US16E10,WIN
P1604,US16-Q0199,Q0199,US16,US16E11,WIN
P1605,US16-Q0199,Q0199,US16,US16E12,WIN
P1606,US16-Q0199,Q0199,US16,US16E13,BTM
P1607,US16-Q0199,Q0199,US16,US16E14,HIGH
P1608,US16-Q0199,Q0199,US16,US16E16,RUNNER-UP
P1609,US16-Q0198,Q0198,US16,US16E02,SAFE
P1610,US16-Q0198,Q0198,US16,US16E03,WIN
P1611,US16-Q0198,Q0198,US16,US16E04,SAFE
P1612,US16-Q0198,Q0198,US16,US16E05,WIN
P1613,US16-Q0198,Q0198,US16,US16E06,SAFE
P1614,US16-Q0198,Q0198,US16,US16E07,SAFE
P1615,US16-Q0198,Q0198,US16,US16E08,LOW
P1616,US16-Q0198,Q0198,US16,US16E09,HIGH
P1617,US16-Q0198,Q0198,US16,US16E10,IMM
P1618,US16-Q0198,Q0198,US16,US16E11,HIGH
P1619,US16-Q0198,Q0198,US16,US16E12,SAFE
P1620,US16-Q0198,Q0198,US16,US16E13,HIGH
P1621,US16-Q0198,Q0198,US16,US16E14,WIN
P1622,US16-Q0198,Q0198,US16,US16E16,WINNER
P1623,US16-Q0211,Q0211,US16,US16E02,SAFE
P1624,US16-Q0211,Q0211,US16,US16E03,ELIM
P1625,US16-Q0211,Q0211,US16,US16E15,LOSS
P1626,US16-Q0204,Q0204,US16,US16E02,SAFE
P1627,US16-Q0204,Q0204,US16,US16E03,LOW
P1628,US16-Q0204,Q0204,US16,US16E04,LOW
P1629,US16-Q0204,Q0204,US16,US16E05,WIN
P1630,US16-Q0204,Q0204,US16,US16E06,BTM
P1631,US16-Q0204,Q0204,US16,US16E07,BTM
P1632,US16-Q0204,Q0204,US16,US16E08,HIGH
P1633,US16-Q0204,Q0204,US16,US16E09,BTM
P1634,US16-Q0204,Q0204,US16,US16E10,SAFE
P1635,US16-Q0204,Q0204,US16,US16E11,ELIM
P1636,US16-Q0204,Q0204,US16,US16E15,LOSS
P1637,US16-Q0210,Q0210,US16,US16E01,SAFE
P1638,US16-Q0210,Q0210,US16,US16E03,SAFE
P1639,US16-Q0210,Q0210,US16,US16E04,ELIM
P1640,US16-Q0210,Q0210,US16,US16E15,LOSS
P1641,US16-Q0201,Q0201,US16,US16E01,TOP2
P1642,US16-Q0201,Q0201,US16,US16E03,HIGH
P1643,US16-Q0201,Q0201,US16,US16E04,HIGH
P1644,US16-Q0201,Q0201,US16,US16E05,BTM
P1645,US16-Q0201,Q0201,US16,US16E06,WIN
P1646,US16-Q0201,Q0201,US16,US16E07,HIGH
P1647,US16-Q0201,Q0201,US16,US16E08,SAFE
P1648,US16-Q0201,Q0201,US16,US16E09,WIN
P1649,US16-Q0201,Q0201,US16,US16E10,SAFE
P1650,US16-Q0201,Q0201,US16,US16E11,HIGH
P1651,US16-Q0201,Q0201,US16,US16E12,SAFE
P1652,US16-Q0201,Q0201,US16,US16E13,HIGH
P1653,US16-Q0201,Q0201,US16,US16E14,ELIM
P1654,US16-Q0201,Q0201,US16,US16E15,LOSS
P1655,US16-Q0200,Q0200,US16,US16E02,WIN
P1656,US16-Q0200,Q0200,US16,US16E03,SAFE
P1657,US16-Q0200,Q0200,US16,US16E04,HIGH
P1658,US16-Q0200,Q0200,US16,US16E05,SAFE
P1659,US16-Q0200,Q0200,US16,US16E06,HIGH
P1660,US16-Q0200,Q0200,US16,US16E07,SAFE
P1661,US16-Q0200,Q0200,US16,US16E08,WIN
P1662,US16-Q0200,Q0200,US16,US16E09,SAFE
P1663,US16-Q0200,Q0200,US16,US16E10,SAFE
P1664,US16-Q0200,Q0200,US16,US16E11,HIGH
P1665,US16-Q0200,Q0200,US16,US16E12,WIN
P1666,US16-Q0200,Q0200,US16,US16E13,WIN
P1667,US16-Q0200,Q0200,US16,US16E14,BTM
P1668,US16-Q0200,Q0200,US16,US16E16,ELIM
P1669,US16-Q0205,Q0205,US16,US16E02,SAFE
P1670,US16-Q0205,Q0205,US16,US16E03,SAFE
P1671,US16-Q0205,Q0205,US16,US16E04,WIN
P1672,US16-Q0205,Q0205,US16,US16E05,SAFE
P1673,US16-Q0205,Q0205,US16,US16E06,LOW
P1674,US16-Q0205,Q0205,US16,US16E07,WIN
P1675,US16-Q0205,Q0205,US16,US16E08,SAFE
P1676,US16-Q0205,Q0205,US16,US16E09,ELIM
P1677,US16-Q0205,Q0205,US16,US16E15,LOSS
P1678,US16-Q0203,Q0203,US16,US16E01,SAFE
P1679,US16-Q0203,Q0203,US16,US16E03,SAFE
P1680,US16-Q0203,Q0203,US16,US16E04,SAFE
P1681,US16-Q0203,Q0203,US16,US16E05,SAFE
P1682,US16-Q0203,Q0203,US16,US16E06,HIGH
P1683,US16-Q0203,Q0203,US16,US16E07,SAFE
P1684,US16-Q0203,Q0203,US16,US16E08,SAFE
P1685,US16-Q0203,Q0203,US16,US16E09,HIGH
P1686,US16-Q0203,Q0203,US16,US16E10,SAFE
P1687,US16-Q0203,Q0203,US16,US16E11,LOW
P1688,US16-Q0203,Q0203,US16,US16E12,ELIM
P1689,US16-Q0203,Q0203,US16,US16E15,LOSS
P1690,US16-Q0206,Q0206,US16,US16E01,SAFE
P1691,US16-Q0206,Q0206,US16,US16E03,SAFE
P1692,US16-Q0206,Q0206,US16,US16E04,SAFE
P1693,US16-Q0206,Q0206,US16,US16E05,SAFE
P1694,US16-Q0206,Q0206,US16,US16E06,SAFE
P1695,US16-Q0206,Q0206,US16,US16E07,SAFE
P1696,US16-Q0206,Q0206,US16,US16E08,ELIM
P1697,US16-Q0206,Q0206,US16,US16E15,LOSS
P1698,US17-Q0212,Q0212,US17,US17E01,HIGH
P1699,US17-Q0212,Q0212,US17,US17E02,SAFE
P1700,US17-Q0212,Q0212,US17,US17E03,HIGH
P1701,US17-Q0212,Q0212,US17,US17E04,WIN
P1702,US17-Q0212,Q0212,US17,US17E05,HIGH
P1703,US17-Q0212,Q0212,US17,US17E06,SAFE
P1704,US17-Q0212,Q0212,US17,US17E07,WIN
P1705,US17-Q0212,Q0212,US17,US17E08,HIGH
P1706,US17-Q0212,Q0212,US17,US17E09,LOW
P1707,US17-Q0212,Q0212,US17,US17E10,SAFE
P1708,US17-Q0212,Q0212,US17,US17E11,WIN
P1709,US17-Q0212,Q0212,US17,US17E12,WIN
P1710,US17-Q0212,Q0212,US17,US17E13,BTM
P1711,US17-Q0212,Q0212,US17,US17E14,HIGH
P1712,US17-Q0212,Q0212,US17,US17E15,HIGH
P1713,US17-Q0212,Q0212,US17,US17E16,WINNER
P1714,US17-Q0213,Q0213,US17,US17E01,TOP2
P1715,US17-Q0213,Q0213,US17,US17E02,HIGH
P1716,US17-Q0213,Q0213,US17,US17E03,SAFE
P1717,US17-Q0213,Q0213,US17,US17E04,SAFE
P1718,US17-Q0213,Q0213,US17,US17E05,SAFE
P1719,US17-Q0213,Q0213,US17,US17E06,SAFE
P1720,US17-Q0213,Q0213,US17,US17E07,HIGH
P1721,US17-Q0213,Q0213,US17,US17E08,HIGH
P1722,US17-Q0213,Q0213,US17,US17E09,WIN
P1723,US17-Q0213,Q0213,US17,US17E10,BTM
P1724,US17-Q0213,Q0213,US17,US17E11,LOW
P1725,US17-Q0213,Q0213,US17,US17E12,SAFE
P1726,US17-Q0213,Q0213,US17,US17E13,BTM
P1727,US17-Q0213,Q0213,US17,US17E14,WIN
P1728,US17-Q0213,Q0213,US17,US17E15,HIGH
P1729,US17-Q0213,Q0213,US17,US17E16,RUNNER-UP
P1730,US17-Q0215,Q0215,US17,US17E01,HIGH
P1731,US17-Q0215,Q0215,US17,US17E02,WIN
P1732,US17-Q0215,Q0215,US17,US17E03,SAFE
P1733,US17-Q0215,Q0215,US17,US17E04,SAFE
P1734,US17-Q0215,Q0215,US17,US17E05,SAFE
P1735,US17-Q0215,Q0215,US17,US17E06,SAFE
P1736,US17-Q0215,Q0215,US17,US17E07,HIGH
P1737,US17-Q0215,Q0215,US17,US17E08,SAFE
P1738,US17-Q0215,Q0215,US17,US17E09,HIGH
P1739,US17-Q0215,Q0215,US17,US17E10,LOW
P1740,US17-Q0215,Q0215,US17,US17E11,HIGH
P1741,US17-Q0215,Q0215,US17,US17E12,WIN
P1742,US17-Q0215,Q0215,US17,US17E13,LOW
P1743,US17-Q0215,Q0215,US17,US17E14,HIGH
P1744,US17-Q0215,Q0215,US17,US17E15,HIGH
P1745,US17-Q0215,Q0215,US17,US17E16,ELIM
P1746,US17-Q0214,Q0214,US17,US17E01,HIGH
P1747,US17-Q0214,Q0214,US17,US17E02,SAFE
P1748,US17-Q0214,Q0214,US17,US17E03,WIN
P1749,US17-Q0214,Q0214,US17,US17E04,SAFE
P1750,US17-Q0214,Q0214,US17,US17E05,LOW
P1751,US17-Q0214,Q0214,US17,US17E06,HIGH
P1752,US17-Q0214,Q0214,US17,US17E07,HIGH
P1753,US17-Q0214,Q0214,US17,US17E08,WIN
P1754,US17-Q0214,Q0214,US17,US17E09,SAFE
P1755,US17-Q0214,Q0214,US17,US17E10,HIGH
P1756,US17-Q0214,Q0214,US17,US17E11,HIGH
P1757,US17-Q0214,Q0214,US17,US17E12,BTM
P1758,US17-Q0214,Q0214,US17,US17E13,WIN
P1759,US17-Q0214,Q0214,US17,US17E14,BTM
P1760,US17-Q0214,Q0214,US17,US17E15,HIGH
P1761,US17-Q0214,Q0214,US17,US17E16,ELIM
P1762,US17-Q0216,Q0216,US17,US17E01,WIN
P1763,US17-Q0216,Q0216,US17,US17E02,HIGH
P1764,US17-Q0216,Q0216,US17,US17E03,SAFE
P1765,US17-Q0216,Q0216,US17,US17E04,HIGH
P1766,US17-Q0216,Q0216,US17,US17E05,WIN
P1767,US17-Q0216,Q0216,US17,US17E06,SAFE
P1768,US17-Q0216,Q0216,US17,US17E07,SAFE
P1769,US17-Q0216,Q0216,US17,US17E08,HIGH
P1770,US17-Q0216,Q0216,US17,US17E09,SAFE
P1771,US17-Q0216,Q0216,US17,US17E10,SAFE
P1772,US17-Q0216,Q0216,US17,US17E11,HIGH
P1773,US17-Q0216,Q0216,US17,US17E12,SAFE
P1774,US17-Q0216,Q0216,US17,US17E13,HIGH
P1775,US17-Q0216,Q0216,US17,US17E14,ELIM
P1776,US17-Q0216,Q0216,US17,US17E15,WIN
P1777,US17-Q0216,Q0216,US17,US17E16,GUEST
P1778,US17-Q0217,Q0217,US17,US17E01,HIGH
P1779,US17-Q0217,Q0217,US17,US17E02,SAFE
P1780,US17-Q0217,Q0217,US17,US17E03,SAFE
P1781,US17-Q0217,Q0217,US17,US17E04,SAFE
P1782,US17-Q0217,Q0217,US17,US17E05,SAFE
P1783,US17-Q0217,Q0217,US17,US17E06,BTM
P1784,US17-Q0217,Q0217,US17,US17E07,BTM
P1785,US17-Q0217,Q0217,US17,US17E08,SAFE
P1786,US17-Q0217,Q0217,US17,US17E09,SAFE
P1787,US17-Q0217,Q0217,US17,US17E10,HIGH
P1788,US17-Q0217,Q0217,US17,US17E11,BTM
P1789,US17-Q0217,Q0217,US17,US17E12,ELIM
P1790,US17-Q0217,Q0217,US17,US17E15,LOSS
P1791,US17-Q0217,Q0217,US17,US17E16,GUEST
P1792,US17-Q0218,Q0218,US17,US17E01,SAFE
P1793,US17-Q0218,Q0218,US17,US17E02,HIGH
P1794,US17-Q0218,Q0218,US17,US17E03,SAFE
P1795,US17-Q0218,Q0218,US17,US17E04,SAFE
P1796,US17-Q0218,Q0218,US17,US17E05,BTM
P1797,US17-Q0218,Q0218,US17,US17E06,SAFE
P1798,US17-Q0218,Q0218,US17,US17E07,SAFE
P1799,US17-Q0218,Q0218,US17,US17E08,SAFE
P1800,US17-Q0218,Q0218,US17,US17E09,BTM
P1801,US17-Q0218,Q0218,US17,US17E10,WIN
P1802,US17-Q0218,Q0218,US17,US17E11,ELIM
P1803,US17-Q0218,Q0218,US17,US17E15,LOSS
P1804,US17-Q0218,Q0218,US17,US17E16,GUEST
P1805,US17-Q0221,Q0221,US17,US17E01,SAFE
P1806,US17-Q0221,Q0221,US17,US17E02,HIGH
P1807,US17-Q0221,Q0221,US17,US17E03,HIGH
P1808,US17-Q0221,Q0221,US17,US17E04,LOW
P1809,US17-Q0221,Q0221,US17,US17E05,BTM
P1810,US17-Q0221,Q0221,US17,US17E06,WIN
P1811,US17-Q0221,Q0221,US17,US17E07,LOW
P1812,US17-Q0221,Q0221,US17,US17E08,SAFE
P1813,US17-Q0221,Q0221,US17,US17E09,HIGH
P1814,US17-Q0221,Q0221,US17,US17E10,ELIM
P1815,US17-Q0221,Q0221,US17,US17E15,LOSS
P1816,US17-Q0221,Q0221,US17,US17E16,GUEST
P1817,US17-Q0219,Q0219,US17,US17E01,HIGH
P1818,US17-Q0219,Q0219,US17,US17E02,SAFE
P1819,US17-Q0219,Q0219,US17,US17E03,LOW
P1820,US17-Q0219,Q0219,US17,US17E04,BTM
P1821,US17-Q0219,Q0219,US17,US17E05,SAFE
P1822,US17-Q0219,Q0219,US17,US17E06,SAFE
P1823,US17-Q0219,Q0219,US17,US17E07,SAFE
P1824,US17-Q0219,Q0219,US17,US17E08,BTM
P1825,US17-Q0219,Q0219,US17,US17E09,ELIM
P1826,US17-Q0219,Q0219,US17,US17E15,LOSS
P1827,US17-Q0219,Q0219,US17,US17E16,GUEST
P1828,US17-Q0225,Q0225,US17,US17E01,BTM
P1829,US17-Q0225,Q0225,US17,US17E02,HIGH
P1830,US17-Q0225,Q0225,US17,US17E03,SAFE
P1831,US17-Q0225,Q0225,US17,US17E04,SAFE
P1832,US17-Q0225,Q0225,US17,US17E05,SAFE
P1833,US17-Q0225,Q0225,US17,US17E06,LOW
P1834,US17-Q0225,Q0225,US17,US17E07,SAFE
P1835,US17-Q0225,Q0225,US17,US17E08,ELIM
P1836,US17-Q0225,Q0225,US17,US17E15,LOSS
P1837,US17-Q0225,Q0225,US17,US17E16,GUEST
P1838,US17-Q0220,Q0220,US17,US17E01,HIGH
P1839,US17-Q0220,Q0220,US17,US17E02,TOP2
P1840,US17-Q0220,Q0220,US17,US17E03,SAFE
P1841,US17-Q0220,Q0220,US17,US17E04,HIGH
P1842,US17-Q0220,Q0220,US17,US17E05,SAFE
P1843,US17-Q0220,Q0220,US17,US17E06,HIGH
P1844,US17-Q0220,Q0220,US17,US17E07,ELIM
P1845,US17-Q0220,Q0220,US17,US17E15,LOSS
P1846,US17-Q0220,Q0220,US17,US17E16,GUEST
P1847,US17-Q0224,Q0224,US17,US17E01,HIGH
P1848,US17-Q0224,Q0224,US17,US17E02,BTM
P1849,US17-Q0224,Q0224,US17,US17E03,SAFE
P1850,US17-Q0224,Q0224,US17,US17E04,SAFE
P1851,US17-Q0224,Q0224,US17,US17E05,HIGH
P1852,US17-Q0224,Q0224,US17,US17E06,ELIM
P1853,US17-Q0224,Q0224,US17,US17E15,LOSS
P1854,US17-Q0224,Q0224,US17,US17E16,GUEST
P1855,US17-Q0223,Q0223,US17,US17E01,SAFE
P1856,US17-Q0223,Q0223,US17,US17E02,HIGH
P1857,US17-Q0223,Q0223,US17,US17E03,BTM
P1858,US17-Q0223,Q0223,US17,US17E04,ELIM
P1859,US17-Q0223,Q0223,US17,US17E15,LOSS
P1860,US17-Q0223,Q0223,US17,US17E16,GUEST
P1861,US17-Q0222,Q0222,US17,US17E01,SAFE
P1862,US17-Q0222,Q0222,US17,US17E02,HIGH
P1863,US17-Q0222,Q0222,US17,US17E03,ELIM
P1864,US17-Q0222,Q0222,US17,US17E15,LOSS
P1865,US17-Q0222,Q0222,US17,US17E16,GUEST
P1866,US18-Q0226,Q0226,US18,US18E01,SAFE
P1867,US18-Q0226,Q0226,US18,US18E02,SAFE
P1868,US18-Q0226,Q0226,US18,US18E03,SAFE
P1869,US18-Q0226,Q0226,US18,US18E04,SAFE
P1870,US18-Q0226,Q0226,US18,US18E05,GUEST
P1871,US18-Q0226,Q0226,US18,US18E06,BTM
P1872,US18-Q0226,Q0226,US18,US18E07,WIN
P1873,US18-Q0226,Q0226,US18,US18E08,SAFE
P1874,US18-Q0226,Q0226,US18,US18E09,SAFE
P1875,US18-Q0226,Q0226,US18,US18E10,SAFE
P1876,US18-Q0226,Q0226,US18,US18E11,SAFE
P1877,US18-Q0226,Q0226,US18,US18E12,WIN
P1878,US18-Q0226,Q0226,US18,US18E13,WIN
P1879,US18-Q0226,Q0226,US18,US18E14,WIN
P1880,US18-Q0226,Q0226,US18,US18E15,GUEST
P1881,US18-Q0226,Q0226,US18,US18E16,WINNER
P1882,US18-Q0227,Q0227,US18,US18E01,WIN
P1883,US18-Q0227,Q0227,US18,US18E02,SAFE
P1884,US18-Q0227,Q0227,US18,US18E03,SAFE
P1885,US18-Q0227,Q0227,US18,US18E04,SAFE
P1886,US18-Q0227,Q0227,US18,US18E05,SAFE
P1887,US18-Q0227,Q0227,US18,US18E06,GUEST
P1888,US18-Q0227,Q0227,US18,US18E07,SAFE
P1889,US18-Q0227,Q0227,US18,US18E08,WIN
P1890,US18-Q0227,Q0227,US18,US18E09,SAFE
P1891,US18-Q0227,Q0227,US18,US18E10,SAFE
P1892,US18-Q0227,Q0227,US18,US18E11,SAFE
P1893,US18-Q0227,Q0227,US18,US18E12,BTM
P1894,US18-Q0227,Q0227,US18,US18E13,BTM
P1895,US18-Q0227,Q0227,US18,US18E14,BTM
P1896,US18-Q0227,Q0227,US18,US18E15,GUEST
P1897,US18-Q0227,Q0227,US18,US18E16,RUNNER-UP
P1898,US18-Q0228,Q0228,US18,US18E01,SAFE
P1899,US18-Q0228,Q0228,US18,US18E02,SAFE
P1900,US18-Q0228,Q0228,US18,US18E03,SAFE
P1901,US18-Q0228,Q0228,US18,US18E04,SAFE
P1902,US18-Q0228,Q0228,US18,US18E05,SAFE
P1903,US18-Q0228,Q0228,US18,US18E06,GUEST
P1904,US18-Q0228,Q0228,US18,US18E07,SAFE
P1905,US18-Q0228,Q0228,US18,US18E08,SAFE
P1906,US18-Q0228,Q0228,US18,US18E09,SAFE
P1907,US18-Q0228,Q0228,US18,US18E10,SAFE
P1908,US18-Q0228,Q0228,US18,US18E11,WIN
P1909,US18-Q0228,Q0228,US18,US18E12,SAFE
P1910,US18-Q0228,Q0228,US18,US18E13,SAFE
P1911,US18-Q0228,Q0228,US18,US18E14,WIN
P1912,US18-Q0228,Q0228,US18,US18E15,GUEST
P1913,US18-Q0228,Q0228,US18,US18E16,ELIM
P1914,US18-Q0229,Q0229,US18,US18E01,SAFE
P1915,US18-Q0229,Q0229,US18,US18E02,SAFE
P1916,US18-Q0229,Q0229,US18,US18E03,WIN
P1917,US18-Q0229,Q0229,US18,US18E04,SAFE
P1918,US18-Q0229,Q0229,US18,US18E05,WIN
P1919,US18-Q0229,Q0229,US18,US18E06,GUEST
P1920,US18-Q0229,Q0229,US18,US18E07,BTM
P1921,US18-Q0229,Q0229,US18,US18E08,SAFE
P1922,US18-Q0229,Q0229,US18,US18E09,BTM
P1923,US18-Q0229,Q0229,US18,US18E10,SAFE
P1924,US18-Q0229,Q0229,US18,US18E11,BTM
P1925,US18-Q0229,Q0229,US18,US18E12,SAFE
P1926,US18-Q0229,Q0229,US18,US18E13,SAFE
P1927,US18-Q0229,Q0229,US18,US18E14,ELIM
P1928,US18-Q0229,Q0229,US18,US18E15,SDADHH
P1929,US18-Q0229,Q0229,US18,US18E16,GUEST
P1930,US18-Q0230,Q0230,US18,US18E01,SAFE
P1931,US18-Q0230,Q0230,US18,US18E02,WIN
P1932,US18-Q0230,Q0230,US18,US18E03,SAFE
P1933,US18-Q0230,Q0230,US18,US18E04,SAFE
P1934,US18-Q0230,Q0230,US18,US18E05,GUEST
P1935,US18-Q0230,Q0230,US18,US18E06,TOP2
P1936,US18-Q0230,Q0230,US18,US18E07,SAFE
P1937,US18-Q0230,Q0230,US18,US18E08,SAFE
P1938,US18-Q0230,Q0230,US18,US18E09,WIN
P1939,US18-Q0230,Q0230,US18,US18E10,WIN
P1940,US18-Q0230,Q0230,US18,US18E11,SAFE
P1941,US18-Q0230,Q0230,US18,US18E12,SAFE
P1942,US18-Q0230,Q0230,US18,US18E13,ELIM
P1943,US18-Q0230,Q0230,US18,US18E14,LOSS
P1944,US18-Q0230,Q0230,US18,US18E16,GUEST
P1945,US18-Q0231,Q0231,US18,US18E01,SAFE
P1946,US18-Q0231,Q0231,US18,US18E02,SAFE
P1947,US18-Q0231,Q0231,US18,US18E03,SAFE
P1948,US18-Q0231,Q0231,US18,US18E04,SAFE
P1949,US18-Q0231,Q0231,US18,US18E05,GUEST
P1950,US18-Q0231,Q0231,US18,US18E06,SAFE
P1951,US18-Q0231,Q0231,US18,US18E07,SAFE
P1952,US18-Q0231,Q0231,US18,US18E08,SAFE
P1953,US18-Q0231,Q0231,US18,US18E09,SAFE
P1954,US18-Q0231,Q0231,US18,US18E10,SAFE
P1955,US18-Q0231,Q0231,US18,US18E11,SAFE
P1956,US18-Q0231,Q0231,US18,US18E12,ELIM
P1957,US18-Q0231,Q0231,US18,US18E13,LOSS
P1958,US18-Q0231,Q0231,US18,US18E16,GUEST
P1959,US18-Q0232,Q0232,US18,US18E01,BTM
P1960,US18-Q0232,Q0232,US18,US18E02,SAFE
P1961,US18-Q0232,Q0232,US18,US18E03,SAFE
P1962,US18-Q0232,Q0232,US18,US18E04,BTM
P1963,US18-Q0232,Q0232,US18,US18E05,GUEST
P1964,US18-Q0232,Q0232,US18,US18E06,SAFE
P1965,US18-Q0232,Q0232,US18,US18E07,SAFE
P1966,US18-Q0232,Q0232,US18,US18E08,BTM
P1967,US18-Q0232,Q0232,US18,US18E09,SAFE
P1968,US18-Q0232,Q0232,US18,US18E10,TOP2
P1969,US18-Q0232,Q0232,US18,US18E11,ELIM
P1970,US18-Q0232,Q0232,US18,US18E12,LOSS
P1971,US18-Q0232,Q0232,US18,US18E16,GUEST
P1972,US18-Q0233,Q0233,US18,US18E01,SAFE
P1973,US18-Q0233,Q0233,US18,US18E02,SAFE
P1974,US18-Q0233,Q0233,US18,US18E03,SAFE
P1975,US18-Q0233,Q0233,US18,US18E04,SAFE
P1976,US18-Q0233,Q0233,US18,US18E05,GUEST
P1977,US18-Q0233,Q0233,US18,US18E06,WIN
P1978,US18-Q0233,Q0233,US18,US18E07,SAFE
P1979,US18-Q0233,Q0233,US18,US18E08,SAFE
P1980,US18-Q0233,Q0233,US18,US18E09,ELIM
P1981,US18-Q0233,Q0233,US18,US18E10,LOSS
P1982,US18-Q0233,Q0233,US18,US18E16,GUEST
P1983,US18-Q0234,Q0234,US18,US18E01,SAFE
P1984,US18-Q0234,Q0234,US18,US18E02,SAFE
P1985,US18-Q0234,Q0234,US18,US18E03,SAFE
P1986,US18-Q0234,Q0234,US18,US18E04,SAFE
P1987,US18-Q0234,Q0234,US18,US18E05,WIN
P1988,US18-Q0234,Q0234,US18,US18E06,GUEST
P1989,US18-Q0234,Q0234,US18,US18E07,SAFE
P1990,US18-Q0234,Q0234,US18,US18E08,ELIM
P1991,US18-Q0234,Q0234,US18,US18E09,TOP2
P1992,US18-Q0234,Q0234,US18,US18E16,GUEST
P1993,US18-Q0235,Q0235,US18,US18E01,TOP2
P1994,US18-Q0235,Q0235,US18,US18E02,SAFE
P1995,US18-Q0235,Q0235,US18,US18E03,SAFE
P1996,US18-Q0235,Q0235,US18,US18E04,WIN
P1997,US18-Q0235,Q0235,US18,US18E05,SAFE
P1998,US18-Q0235,Q0235,US18,US18E06,GUEST
P1999,US18-Q0235,Q0235,US18,US18E07,ELIM
P2000,US18-Q0235,Q0235,US18,US18E08,LOSS
P2001,US18-Q0235,Q0235,US18,US18E16,GUEST
P2002,US18-Q0236,Q0236,US18,US18E01,SAFE
P2003,US18-Q0236,Q0236,US18,US18E02,SAFE
P2004,US18-Q0236,Q0236,US18,US18E03,SAFE
P2005,US18-Q0236,Q0236,US18,US18E04,SAFE
P2006,US18-Q0236,Q0236,US18,US18E05,GUEST
P2007,US18-Q0236,Q0236,US18,US18E06,ELIM
P2008,US18-Q0236,Q0236,US18,US18E16,GUEST
P2009,US18-Q0237,Q0237,US18,US18E01,SAFE
P2010,US18-Q0237,Q0237,US18,US18E02,SAFE
P2011,US18-Q0237,Q0237,US18,US18E03,BTM
P2012,US18-Q0237,Q0237,US18,US18E04,ELIM
P2013,US18-Q0237,Q0237,US18,US18E16,GUEST
P2014,US18-Q0238,Q0238,US18,US18E01,BTM
P2015,US18-Q0238,Q0238,US18,US18E02,SAFE
P2016,US18-Q0238,Q0238,US18,US18E03,ELIM
P2017,US18-Q0238,Q0238,US18,US18E15,LOSS
P2018,US18-Q0238,Q0238,US18,US18E16,GUEST
P2019,US18-Q0239,Q0239,US18,US18E01,SAFE
P2020,US18-Q0239,Q0239,US18,US18E02,ELIM
P2021,US18-Q0239,Q0239,US18,US18E16,GUEST
