queen_id,drag_name,legal_name,birthdate,hometown,notes
Q0001,BeBe Zahara Benet,Nea Marshall Kudi Ngwa,1981-03-20,"Minneapolis, MN",-
Q0002,Nina Flowers,Jorge Flores,1974-02-22,"Bayamón, PR",-
Q0003,Rebecca Glasscock,Javier Rivera,1983-05-25,"Fort Lauderdale, FL",-
Q0004,Shannel,Bryan Watkins,1979-07-03,"Las Vegas, NV",-
Q0005,Ongina,Ryan Ong Palao,1982-01-06,"Los Angeles, CA",-
Q0006,Jade,David Sotomayor,1984-11-18,"Chicago, IL",-
Q0007,Akashia,Eric Flint,1985-02-19,"Cleveland, OH",-
Q0008,Tammie Brown,Keith Glen Schubert,1980-09-15,"Los Angeles, CA",-
Q0009,Victoria (Porkchop) Parker,Victor Bowling,1969-01-16,"Raleigh, NC",-
Q0010,Tyra Sanchez,James Ross,1988-04-22,"Orlando, FL",-
Q0011,Raven,David Petruschin,1979-04-08,"Riverside, CA",-
Q0012,Jujubee,Airline Inthyrath,1984-06-21,"Boston, MA",-
Q0013,Tatianna,Joey Santolini,1988-12-01,"Falls Church, VA",-
Q0014,Pandora Boxx,Michael Steck,1972-05-02,"Rochester, NY",-
Q0015,Jessica Wild,José David Sierra,1980-06-10,"San Juan, PR",-
Q0016,Sahara Davenport,Antoine Ashley,1984-12-17,"New York, NY",-
Q0017,Morgan McMichaels,Thomas White,1981-05-28,"Mira Loma, CA",-
Q0018,Sonique,Kylie (Sonique) Love,1983-05-02,"Atlanta, GA",-
Q0019,Mystique Summers Madison,Donté Sims,1984-03-28,"Chicago, IL",-
Q0020,Nicole Paige Brooks,Bryan Christopher Pryor,1972-07-09,"Atlanta, GA",-
Q0021,Shangela,D.J. Pierce,1981-11-22,"Paris, TX",-
Q0022,Raja,Sutan Amrull,1974-06-14,"Los Angeles, CA",-
Q0023,Manila Luzon,Karl Westerberg,1981-08-10,"Cottage Grove, MN",-
Q0024,Alexis Mateo,Alexis Mateo Pacheco,1979-07-24,"Saint Petersburg, FL",-
Q0025,Yara Sofia,Gabriel Burgos Ortiz,1984-05-08,"Manatí, PR",-
Q0026,Carmen Carrera,Carmen Roman,1985-04-13,"Elmwood Park, NJ",-
Q0027,Delta Work,Gabriel Villarreal,1976-01-23,"Norwalk, CA",-
Q0028,Stacy Layne Matthews,Stacy Jones,1984-07-19,"Back Swamp, NC",-
Q0029,Mariah,Elijah Kelly,1982-02-13,"Atlanta, GA",-
Q0030,India Ferrah,Shane Richardson,1986-05-08,"Dayton, OH",-
Q0031,Mimi Imfurst,Braden Chapman,1983-03-02,"New York, NY",-
Q0032,Phoenix,Brian Trapp,1979-12-11,"Atlanta, GA",-
Q0033,Venus D-Lite,Adam Guerra,1984-09-19,"Los Angeles, CA",-
Q0034,Sharon Needles,Aaron Coady,1981-11-28,"Pittsburgh, PA",-
Q0035,Chad Michaels,Chad Michaels,1971-03-20,"San Diego, CA",-
Q0036,Phi Phi O'Hara,Jaremi Carey,1985-10-10,"Chicago, IL",-
Q0037,Latrice Royale,Timothy Wilcots,1972-02-12,"South Beach, FL",-
Q0038,Kenya Michaels,Kenya Olivera,1990-05-08,"Dorado, PR",-
Q0039,Dida Ritz,Xavier Hairston,1986-12-20,"Chicago, IL",-
Q0040,Willam,Willam Belli,1982-06-30,"Los Angeles, CA",-
Q0041,Jiggly Caliente,Bianca Castro,1981-11-29,"Queens, NY",-
Q0042,Milan,Dwayne Cooper,1975-05-27,"Florence, SC",-
Q0043,Madame LaQueer,Carlos Melendez,1982-10-05,"Carolina, PR",-
Q0044,The Princess,Adam Biga,1980-02-27,"Chicago, IL",-
Q0045,Lashauwn Beyond,Jamall Jackson,1989-11-11,"Fort Lauderdale, FL",-
Q0046,Alisa Summers,Alex Hernandez,1988-06-15,"Tampa, FL",-
Q0047,Jinkx Monsoon,Jerick Hoffer,1987-09-18,"Seattle, WA",-
Q0048,Alaska,Justin Andrew Honard,1985-03-06,"Pittsburgh, PA",-
Q0049,Roxxxy Andrews,Michael Feliciano,1983-09-23,"Orlando, FL",-
Q0050,Detox,Matthew Sanderson,1985-06-03,"Los Angeles, CA",-
Q0051,Coco Montrese,Martin Cooper,1974-07-02,"Las Vegas, NV",-
Q0052,Alyssa Edwards,Justin Johnson,1980-01-16,"Mesquite, TX",-
Q0053,Ivy Winters,Dustin Winters,1986-10-05,"New York, NY",-
Q0054,Jade Jolie,Josh Green,1986-11-02,"Gainesville, FL",-
Q0055,Lineysha Sparx,Andy Trinidad,1988-07-08,"San Juan, PR",-
Q0056,Vivienne Pinay,Alpha Mulugeta,1985-08-02,"New York, NY",-
Q0057,Honey Mahogany,Michael Donehoo,1983-12-28,"San Francisco, CA",-
Q0058,Monica Beverly Hillz,Monica DeJesus Anaya,1985-01-31,"Owensboro, KY",-
Q0059,Serena Cha Cha,Myron Morgan,1990-09-17,"Tallahassee, FL",-
Q0060,Penny Tration,Tony Cody,1972-10-12,"Cincinnati, OH",-
Q0061,Bianca Del Rio,Roy Haylock,1975-06-27,"New Orleans, LA",-
Q0062,Adore Delano,Danny Noriega,1989-09-29,"Azusa, CA",-
Q0063,Courtney Act,Shane Jenek,1982-02-18,"West Hollywood, CA",-
Q0064,Darienne Lake,Greg Meyer,1971-11-27,"Rochester, NY",-
Q0065,BenDeLaCreme,Benjamin Putnam,1982-09-24,"Seattle, WA",-
Q0066,Joslyn Fox,Patrick Joslyn,1986-07-27,"Worcester, MA",-
Q0067,Trinity K. Bonet,Joshua Jones,1991-01-31,"Atlanta, GA",-
Q0068,Laganja Estranja,Jay Jackson,1988-12-28,"Van Nuys, CA",-
Q0069,Milk,Dan Donigan,1987-06-23,"New York, NY",-
Q0070,Gia Gunn,Gia Ichikawa,1990-05-10,"Chicago, IL",-
Q0071,April Carrión,Jason Carrión,1989-04-23,"Guaynabo, PR",-
Q0072,Vivacious,Osmond Vacious,1974-03-07,"New York, NY",-
Q0073,Magnolia Crawford,Reynolds Engelhart,1985-04-14,"Seattle, WA",-
Q0074,Kelly Mantle,Kelly Mantle,1976-07-09,"Los Angeles, CA",-
Q0075,Violet Chachki,Jason Dardo,1992-06-13,"Atlanta, GA",-
Q0076,Ginger Minj,Joshua Eads-Brown,1984-09-11,"Orlando, FL",-
Q0077,Pearl,Matt James,1990-09-11,"Brooklyn, NY",-
Q0078,Kennedy Davenport,Reuben Asberry Jr.,1982-09-09,"Dallas, TX",-
Q0079,Katya,Brian McCook,1982-05-01,"Boston, MA",-
Q0080,Trixie Mattel,Brian Firkus,1989-08-23,"Milwaukee, WI",-
Q0081,Miss Fame,Kurtis Dam-Mikkelsen,1985-03-30,"New York, NY",-
Q0082,Jaidynn Diore Fierce,Christopher Williams,1988-12-17,"Nashville, TN",-
Q0083,Max,Max Malanaphy,1992-06-24,"Hudson, WI",-
Q0084,Kandy Ho,Frank Diaz,1987-09-24,"Cayey, PR",-
Q0085,Mrs. Kasha Davis,Ed Popil,1971-03-12,"Rochester, NY",-
Q0086,Jasmine Masters,Martell Robinson,1977-10-16,"Los Angeles, CA",-
Q0087,Sasha Belle,Jared Breakenridge,1986-03-19,"Iowa City, IA",-
Q0088,Tempest DuJour,Patrick Holt,1967-09-01,"Tucson, AZ",-
Q0089,Bob the Drag Queen,Christopher Caldwell,1986-06-22,"Brooklyn, NY",-
Q0090,Kim Chi,Sang-Young Shin,1987-08-08,"Chicago, IL",-
Q0091,Naomi Smalls,Davis Heppenstall,1993-09-08,"Redlands, CA",-
Q0092,Chi Chi DeVayne,Zavion Davenport,1985-09-24,"Shreveport, LA",-
Q0093,Derrick Barry,Derrick Barry,1983-07-18,"Las Vegas, NV",-
Q0094,Thorgy Thor,Shane Galligan,1984-05-25,"Brooklyn, NY",-
Q0095,Robbie Turner,Jeremy Baird,1982-07-27,"Seattle, WA",-
Q0096,Acid Betty,Jamin Ruhren,1977-12-10,"Brooklyn, NY",-
Q0097,Naysha Lopez,Fabian Rodriguez,1985-06-20,"Chicago, IL",-
Q0098,Cynthia Lee Fontaine,Carlos Hernandez,1981-02-16,"Austin, TX",-
Q0099,Dax ExclamationPoint,Dax Martin,1984-07-29,"Savannah, GA",-
Q0100,Laila McQueen,Tyler Devlin,1983-06-22,"Gloucester, MA",-
Q0101,Sasha Velour,Alexander Steinberg,1987-06-25,"Brooklyn, NY",-
Q0102,Peppermint,Agnes Moore,1980-01-31,"New York, NY",-
Q0103,Shea Couleé,Jaren Shea Merrell,1989-02-08,"Chicago, IL",-
Q0104,Trinity Taylor,Ryan Taylor,1984-12-10,"Orlando, FL",-
Q0105,Alexis Michelle,Alex Michaels,1984-10-16,"New York, NY",-
Q0106,Nina Bo'nina Brown,Pierre Leverne Dease,1982-07-12,"Atlanta, GA",-
Q0107,Valentina,James Leyva,1991-05-14,"Los Angeles, CA",-
Q0108,Farrah Moan,Cameron Clayton,1993-09-11,"Las Vegas, NV",-
Q0109,Aja,Jay Rivera,1994-01-04,"Brooklyn, NY",-
Q0111,Eureka O'Hara,David Huggard,1990-08-26,"Johnson City, TN",-
Q0112,Charlie Hides,Charlie Hides,1964-07-12,London,-
Q0113,Kimora Blac,Von Nguyen,1988-12-15,"Las Vegas, NV",-
Q0114,Jaymes Mansfield,James Wirth,1990-02-19,"Madison, WI",-
Q0115,Aquaria,Giovanni Palandrani,1996-02-12,"Brooklyn, NY",-
Q0116,Kameron Michaels,Dane Young,1986-07-23,"Nashville, TN",-
Q0117,Asia O'Hara,Antwan Mason Lee,1982-07-07,"Dallas, TX",-
Q0118,Miz Cracker,Maxwell Heller,1984-04-19,"Harlem, NY",-
Q0119,Monét X Change,Kevin Bertin,1990-03-23,"The Bronx, NY",-
Q0120,The Vixen,Anthony Taylor,1990-12-11,"Chicago, IL",-
Q0121,Monique Heart,Kevin Richardson,1986-05-22,"Kansas City, MO",-
Q0122,Blair St. Clair,Andrew Bryson,1995-05-16,"Indianapolis, IN",-
Q0123,Mayhem Miller,Dequan Johnson,1982-02-09,"Riverside, CA",-
Q0124,Dusty Ray Bottoms,Dustin Rayburn,1987-09-27,"New York, NY",-
Q0125,Yuhua Hamasaki,Yuhua Ou,1990-03-01,"New York, NY",-
Q0126,Kalorie Karbdashian Williams,Daniel Hernandez,1990-05-23,"Albuquerque, NM",-
Q0127,Vanessa Vanjie Mateo,Jose Cancel,1991-10-03,"Tampa, FL",-
Q0128,Yvie Oddly,Jovan Bridges,1993-08-22,"Denver, CO",-
Q0129,Brooke Lynn Hytes,Brock Hayhoe,1986-03-10,"Toronto, CA-ON",-
Q0130,A'Keria C. Davenport,Gregory D’Wayne,1988-03-01,"Dallas, TX",-
Q0131,Silky Nutmeg Ganache,Reginald Steele,1990-12-30,"Moss Point, MS",-
Q0132,Nina West,Andrew Levitt,1979-08-04,"Greentown, OH",-
Q0133,Shuga Cain,Jesus Martinez,1977-11-20,"Magalia, CA",-
Q0134,Plastique Tiara,Duc Tran Nguyen,1997-04-11,"Dallas, TX",-
Q0135,Ra'Jah O'Hara,Benni Miller,1985-12-31,"Dallas, TX",-
Q0136,Scarlet Envy,Jacob James,1992-02-26,"Louisville, KY",-
Q0137,Ariel Versace,Bryan Neel,1992-04-13,"Cherry Hill, NJ",-
Q0138,Mercedes Iman Diamond,Curran,1986-12-12,"Minneapolis, MN",-
Q0139,Honey Davenport,James Heath-Clark,1986-08-13,"Philadelphia, PA",-
Q0140,Kahanna Montrese,Tyrone Hardiman,1993-03-25,"Las Vegas, NV",-
Q0141,Soju,Tony Hyunsoo Ha,1991-05-08,"Chicago, IL",-
Q0142,Crystal Methyd,Cody Harness,1991-04-16,"Springfield, MO",-
Q0143,Gigi Goode,Samuel Steven Geggie,1997-12-02,"Los Angeles, CA",-
Q0144,Jaida Essence Hall,Jared Johnson,1986-12-09,"Milwaukee, WI",-
Q0145,Sherry Pie,Joey Gugliemelli,1991-11-14,"New York, NY",-
Q0146,Jackie Cox,Darius Rose,1985-04-10,"New York, NY",-
Q0147,Heidi N Closet,Trevien Anthonie Cheek,1984-09-29,"Ramseur, NC",-
Q0148,Widow Von'Du,Ray Fry,1989-04-17,"Kansas City, MO",-
Q0149,Jan,Charlie Mantione,1993-06-11,"New York, NY",-
Q0150,Brita,Jesse Havea,1985-09-16,"New York, NY",-
Q0151,Aiden Zhane,Devin Lewis,1990-07-16,"Acworth, GA",-
Q0152,Nicky Doll,Karl Sanchez,1991-03-14,"New York, NY",-
Q0153,Rock M. Sakura,Bryan Steven Bradford,1990-10-15,"San Francisco, CA",-
Q0154,Dahlia Sin,Erick Anthony,1991-05-13,"Los Angeles, CA",-
Q0155,Symone,Reggie Gavin,1995-01-15,"Conway, AR",-
Q0156,Kandy Muse,Kevin Candelario,1994-11-03,"New York, NY",-
Q0157,Gottmik,Kade Gottlieb,1996-08-19,"Scottsdale, AZ",-
Q0158,Rosé,Ross McCorkell,1989-05-26,"New York, NY",-
Q0159,Olivia Lux,Fred Carlton,1994-03-14,"New York, NY",-
Q0160,Utica Queen,Ethan Mundt,1995-06-02,"Minneapolis, MN",-
Q0161,Tina Burner,Kristian Seeber,1980-11-10,"New York, NY",-
Q0162,Denali,Cordero Zuckerman,1992-04-01,"Chicago, IL",-
Q0163,Elliott with 2 Ts,Elliott Puckett,1993-07-30,"Las Vegas, NV",-
Q0164,LaLa Ri,LaRico Potts,1990-08-28,"Atlanta, GA",-
Q0165,Tamisha Iman,Will Crawford,1970-10-16,"Atlanta, GA",-
Q0166,Joey Jay,Joey Jadryev,1990-08-14,"Phoenix, AZ",-
Q0167,Kahmora Hall,Paul Tran,1991-09-13,"Chicago, IL",-
Q0168,Willow Pill,Willow Patterson,1995-01-22,"Denver, CO",-
Q0169,Lady Camden,Rex Wheeler,1990-08-09,"San Francisco, CA",-
Q0170,Angeria Paris VanMichaels,-,1993-07-25,"Atlanta, GA",-
Q0171,Bosco,Chris Constantino,1993-06-11,"Seattle, WA",-
Q0172,Daya Betty,Trenton Clarke,1996-02-19,"Springfield, MO",-
Q0173,DeJa Skye,Willie Redman,1990-04-22,"Fresno, CA",-
Q0174,Jorgeous,Jorge Meza,1999-11-27,"Nashville, TN",-
Q0175,Jasmine Kennedie,Kyle Koritkowski,1999-05-22,"New York, NY",-
Q0176,Kerri Colby,Elyse Alessandra Anderson,1996-07-30,"Los Angeles, CA",-
Q0177,Maddy Morphosis,-,1994-09-02,"Fayetteville, AR",-
Q0178,Orion Story,Chance Lambert,1996-06-25,"Grand Rapids, MI",-
Q0179,Kornbread (The Snack) Jeté,Demoria Elise Williams,1992-01-14,"Los Angeles, CA",-
Q0180,Alyssa Hunter,Joshua Enrique Ortolaza Resto,1995-02-19,"Cataño, PR",-
Q0181,June Jambalaya,Tyron’e Porter,1991-06-10,"Los Angeles, CA",-
Q0182,Sasha Colby,-,-,"Honolulu, HI / Los Angeles, CA",-
Q0183,Anetra,-,-,"Las Vegas, NV",-
Q0184,Luxx Noir London,-,-,"East Orange, NJ",-
Q0185,Mistress Isabelle Brooks,-,-,"Houston, TX",-
Q0186,Malaysia Babydoll Foxx,-,-,"Miami, FL",-
Q0187,Salina EsTitties,-,-,"Los Angeles, CA",-
Q0188,Marcia Marcia Marcia,-,-,"New York, NY",-
Q0189,Loosey LaDuca,-,-,"Ansonia, CT",-
Q0190,Spice,-,-,"Los Angeles, CA",-
Q0191,Sugar,-,-,"Los Angeles, CA",-
Q0192,Jax,-,-,"Queens, NY",-
Q0193,Aura Mayari,-,-,"Nashville, TN",-
Q0194,Robin Fierce,-,-,"Hartford, CT",-
Q0195,Amethyst,-,-,"West Hartford, CT",-
Q0196,Princess Poppy,-,-,"San Francisco, CA",-
Q0197,Irene Dubois,-,-,"Seattle, WA",-
Q0198,Nymphia Wind,-,-,"New York, NY / Taipei, Taiwan",-
Q0199,Sapphira Cristál,-,-,"Philadelphia, PA",-
Q0200,Plane Jane,-,-,"Boston, MA",-
Q0201,Q,-,-,"Kansas City, MO",-
Q0202,Morphine Love Dion,-,-,"Miami, FL",-
Q0203,Dawn,-,-,"Brooklyn, NY",-
Q0204,Mhi'ya Iman Le'Paige,-,-,"Miami, FL",-
Q0205,Plasma,-,-,"New York, NY",-
Q0206,Xunami Muse,-,-,"New York, NY",-
Q0207,Megami,-,-,"New York, NY",-
Q0208,Geneva Karr,-,-,"Brownsville, TX",-
Q0209,Amanda Tori Meating,-,-,"Los Angeles, CA",-
Q0210,Mirage,-,-,"Las Vegas, NV",-
Q0211,Hershii LiqCour-Jeté,-,-,"Chicago, IL",-
Q0212,Onya Nurve,-,-,"Cleveland, OH",-
Q0213,Jewels Sparkles,-,-,"Davie, FL",-
Q0214,Sam Star,-,-,"Anniston, AL",-
Q0215,Lexi,-,-,"Louisville, KY / Detroit, MI",-
Q0216,Suzie Toot,-,-,"Hollywood, FL",-
Q0217,Lana Ja'Rae,-,-,"Newark, NJ",-
Q0218,Lydia B Kollins,-,-,"Pittsburgh, PA",-
Q0219,Kori King,-,-,"Chicago, IL",-
Q0220,Crystal Envy,-,-,"Providence, RI",-
Q0221,Arrietty,-,-,"Brooklyn, NY",-
Q0222,Lucky Starzzz,-,-,"Miami, FL",-
Q0223,Joella,-,-,"Boston, MA",-
Q0224,Hormona Lisa,-,-,"Memphis, TN",-
Q0225,Acacia Forgot,-,-,"Brooklyn, NY",-
Q0226,Myki Meeks,-,-,"Orlando, FL",-
Q0227,Nini Coco,-,-,"Denver, CO",-
Q0228,Darlene Mitchell,-,-,"Los Angeles, CA",-
Q0229,Juicy Love Dion,-,-,"Miami, FL",-
Q0230,Jane Don't,-,-,"Seattle, WA",-
Q0231,Discord Addams,-,-,"St. Petersburg, FL",-
Q0232,Kenya Pleaser,-,-,"Sumter, SC",-
Q0233,Athena Dion,-,-,"Miami, FL",-
Q0234,Mia Starr,-,-,"West Palm Beach, FL",-
Q0235,Vita VonTesse Starr,-,-,"Montgomery, AL",-
Q0236,Ciara Myst,-,-,"Indianapolis, IN",-
Q0237,Briar Blush,-,-,"Boston, MA",-
Q0238,Mandy Mango,-,-,"Philadelphia, PA",-
Q0239,DD Fuego,-,-,"New York, NY",-
Q0240,The Vivienne,-,-,"Liverpool, England",Drag Race UK series 1 winner
Q0241,Jimbo,-,-,"Victoria, BC",Canada's Drag Race S1 / Canada vs the World winner
Q0242,Priyanka,-,-,"Toronto, ON",Canada's Drag Race
Q0243,Rita Baga,-,-,"Montréal, QC",Canada's Drag Race
Q0244,Scarlett BoBo,-,-,"Toronto, ON",Canada's Drag Race
Q0245,Lemon,-,-,"New York City, USA",Canada's Drag Race
Q0246,Ilona Verley,-,-,"Vancouver, BC",Canada's Drag Race
Q0247,BOA,-,-,"Windsor, ON",Canada's Drag Race
Q0248,Kiara,-,-,"Montréal, QC",Canada's Drag Race
Q0249,Tynomi Banks,-,-,"Toronto, ON",Canada's Drag Race
Q0250,Anastarzia Anaquway,-,-,"East York, ON",Canada's Drag Race
Q0251,Kyne,-,-,"Kitchener, ON",Canada's Drag Race
Q0252,Juice Boxx,-,-,"Essex, ON",Canada's Drag Race
Q0253,Icesis Couture,-,-,"Ottawa, Ontario",Canada's Drag Race
Q0254,Kendall Gender,-,-,"Vancouver, British Columbia",Canada's Drag Race
Q0255,Pythia,-,-,"Montreal, Quebec",Canada's Drag Race
Q0256,Gia Metric,-,-,"Vancouver, British Columbia",Canada's Drag Race
Q0257,Adriana,-,-,"Quebec City, Quebec",Canada's Drag Race
Q0258,Kimora Amour,-,-,"Toronto, Ontario",Canada's Drag Race
Q0259,Synthia Kiss,-,-,"Vancouver, British Columbia",Canada's Drag Race
Q0260,Eve 6000,-,-,"Toronto, Ontario",Canada's Drag Race
Q0261,Suki Doll,-,-,"Montreal, Quebec",Canada's Drag Race
Q0262,Stephanie Prince,-,-,"Calgary, Alberta",Canada's Drag Race
Q0263,Océane Aqua-Black,-,-,"Montreal, Quebec",Canada's Drag Race
Q0264,Beth,-,-,"Vancouver, British Columbia",Canada's Drag Race
Q0265,Gisèle Lullaby,-,-,"Montreal, Quebec",Canada's Drag Race
Q0266,Jada Shada Hudson,-,-,"Toronto, Ontario",Canada's Drag Race
Q0267,Kimmy Couture,-,-,"Ottawa, Ontario",Canada's Drag Race
Q0268,Miss Fiercalicious,-,-,"Toronto, Ontario",Canada's Drag Race
Q0269,Vivian Vanderpuss,-,-,"Victoria, British Columbia",Canada's Drag Race
Q0270,Irma Gerd,-,-,"St. John's, Newfoundland and Labrador",Canada's Drag Race
Q0271,Bombae,-,-,"Toronto, Ontario",Canada's Drag Race
Q0272,Lady Boom Boom,-,-,"Montreal, Quebec",Canada's Drag Race
Q0273,Kaos,-,-,"Calgary, Alberta",Canada's Drag Race
Q0274,Chelazon Leroux,-,-,"Saskatoon, Saskatchewan",Canada's Drag Race
Q0275,Miss Moço,-,-,"Toronto, Ontario",Canada's Drag Race
Q0276,Halal Bae,-,-,"Toronto, Ontario",Canada's Drag Race
Q0277,Venus,-,-,"Vancouver, BC",Canada's Drag Race
Q0278,Aurora Matrix,-,-,"Toronto, ON",Canada's Drag Race
Q0279,Denim,-,-,"Montréal, QC",Canada's Drag Race
Q0280,Nearah Nuff,-,-,"Calgary, AB",Canada's Drag Race
Q0281,Melinda Verga,-,-,"Edmonton, AB",Canada's Drag Race
Q0282,Kiki Coe,-,-,"Ottawa, ON",Canada's Drag Race
Q0283,Aimee Yonce Shennel,-,-,"Ottawa, ON",Canada's Drag Race
Q0284,Kitten Kaboodle,-,-,"Toronto, ON",Canada's Drag Race
Q0285,Luna DuBois,-,-,"Toronto, ON",Canada's Drag Race
Q0286,The Girlfriend Experience,-,-,"Vancouver, BC",Canada's Drag Race
Q0287,Sisi Superstar,-,-,"Montréal, QC",Canada's Drag Race
Q0288,The Virgo Queen,-,-,"Toronto, Ontario",Canada's Drag Race
Q0289,Makayla Couture,-,-,"Toronto, Ontario",Canada's Drag Race
Q0290,Helena Poison,-,-,"Toronto, Ontario",Canada's Drag Race
Q0291,Minhi Wang,-,-,"Toronto, Ontario",Canada's Drag Race
Q0292,Perla,-,-,"Toronto, Ontario",Canada's Drag Race
Q0293,Xana,-,-,"Vancouver, British Columbia",Canada's Drag Race
Q0294,Uma Gahd,-,-,"Montreal, Quebec",Canada's Drag Race
Q0295,Jaylene Tyme,-,-,"Vancouver, British Columbia",Canada's Drag Race
Q0296,Sanjina Dabish Queen,-,-,"Toronto, Ontario",Canada's Drag Race
Q0297,Tiffany Ann Co.,-,-,"Vancouver, British Columbia",Canada's Drag Race
Q0298,Tara Nova,-,-,"St. John's, Newfoundland and Labrador",Canada's Drag Race
Q0299,Van Goth,-,-,"Toronto, Ontario",Canada's Drag Race
Q0300,Eboni La'Belle,-,-,"St. Catharines, Ontario",Canada's Drag Race
Q0301,PM,-,-,"Vancouver, British Columbia",Canada's Drag Race
Q0302,Sami Landri,-,-,"Moncton, New Brunswick",Canada's Drag Race
Q0303,Karamilk,-,-,"Toronto, Ontario",Canada's Drag Race
Q0304,Saltina Shaker,-,-,"Ottawa, Ontario",Canada's Drag Race
Q0305,Mya Foxx,-,-,"Halifax, Nova Scotia",Canada's Drag Race
Q0306,Velma Jones,-,-,"Montreal, Quebec",Canada's Drag Race
Q0307,Dulce,-,-,"London, Ontario",Canada's Drag Race
Q0308,Hazel,-,-,"Vancouver, British Columbia",Canada's Drag Race
Q0309,Star Doll,-,-,"Toronto, Ontario",Canada's Drag Race
Q0310,Paolo Perfección,-,-,"Montreal, Quebec",Canada's Drag Race
Q0311,Divina De Campo,-,-,"West Yorkshire, England",Drag Race UK
Q0312,Baga Chipz,-,-,"London, England",Drag Race UK
Q0313,Cheryl Hole,-,-,"Essex, England",Drag Race UK
Q0314,Blu Hydrangea,-,-,"Belfast, Northern Ireland",Drag Race UK
Q0315,Crystal,-,-,"London, England",Drag Race UK
Q0316,Sum Ting Wong,-,-,"Birmingham, England",Drag Race UK
Q0317,Vinegar Strokes,-,-,"London, England",Drag Race UK
Q0318,Scaredy Kat,-,-,"Wiltshire, England",Drag Race UK
Q0319,Gothy Kendoll,-,-,"Leicester, England",Drag Race UK
Q0320,Lawrence Chaney,-,-,"Glasgow, Scotland",Drag Race UK
Q0321,Bimini Bon-Boulash,-,-,"Norwich, England",Drag Race UK
Q0322,Tayce,-,-,"Newport, Wales",Drag Race UK
Q0323,Ellie Diamond,-,-,"Dundee, Scotland",Drag Race UK
Q0324,A'Whora,-,-,"Nottinghamshire, England",Drag Race UK
Q0325,Sister Sister,-,-,"Liverpool, England",Drag Race UK
Q0326,Tia Kofi,-,-,"South London, England",Drag Race UK
Q0327,Joe Black,-,-,"Brighton, England",Drag Race UK
Q0328,Veronica Green,-,-,"Lancashire, England",Drag Race UK
Q0329,Ginny Lemon,-,-,"Worcester, England",Drag Race UK
Q0330,Asttina Mandella,-,-,"East London, England",Drag Race UK
Q0331,Cherry Valentine,-,-,"Darlington, England",Drag Race UK
Q0332,Krystal Versace,-,-,"Royal Tunbridge Wells, England",Drag Race UK
Q0333,Ella Vaday,-,-,"Dagenham, England",Drag Race UK
Q0334,Kitty Scott-Claus,-,-,"Birmingham, England",Drag Race UK
Q0335,Vanity Milan,-,-,"South London, England",Drag Race UK
Q0336,Scarlett Harlett,-,-,"East London, England",Drag Race UK
Q0337,Choriza May,-,-,"Newcastle upon Tyne, England",Drag Race UK
Q0338,River Medway,-,-,"Medway, England",Drag Race UK
Q0339,Charity Kase,-,-,"Rufford, England",Drag Race UK
Q0340,Victoria Scone,-,-,"Cardiff, Wales",Drag Race UK
Q0341,Elektra Fence,-,-,"Burnley, England",Drag Race UK
Q0342,Anubis,-,-,"Brighton, England",Drag Race UK
Q0343,Danny Beard,-,-,"Liverpool, England",Drag Race UK
Q0344,Cheddar Gorgeous,-,-,"Manchester, England",Drag Race UK
Q0345,Black Peppa,-,-,"Birmingham, England",Drag Race UK
Q0346,Jonbers Blonde,-,-,"Belfast, Northern Ireland",Drag Race UK
Q0347,Pixie Polite,-,-,"Brighton, England",Drag Race UK
Q0348,Dakota Schiffer,-,-,"Horsham, England",Drag Race UK
Q0349,Le Fil,-,-,"Brighouse, England",Drag Race UK
Q0350,Baby,-,-,"South London, England",Drag Race UK
Q0351,Sminty Drop,-,-,"Clitheroe, England",Drag Race UK
Q0352,Copper Topp,-,-,"Cheltenham, England",Drag Race UK
Q0353,Starlet,-,-,"Surrey, England",Drag Race UK
Q0354,Just May,-,-,"Essex, England",Drag Race UK
Q0355,Ginger Johnson,-,-,"Lanchester, England",Drag Race UK
Q0356,Michael Marouli,-,-,"Newcastle upon Tyne, England",Drag Race UK
Q0357,Tomara Thomas,-,-,"Hartlepool, England",Drag Race UK
Q0358,DeDeLicious,-,-,"Royal Tunbridge Wells, England",Drag Race UK
Q0359,Kate Butch,-,-,"Buxton, England",Drag Race UK
Q0360,Cara Melle,-,-,"London, England",Drag Race UK
Q0361,Vicki Vivacious,-,-,"Redruth, England",Drag Race UK
Q0362,Banksie,-,-,"Manchester, England",Drag Race UK
Q0363,Miss Naomi Carter,-,-,"Doncaster, England",Drag Race UK
Q0364,Alexis Saint-Pete,-,-,"London, England",Drag Race UK
Q0365,Kyran Thrax,-,-,"Lancashire, England",Drag Race UK
Q0366,La Voix,-,-,"Stockton on Tees, England",Drag Race UK
Q0367,Marmalade,-,-,"Cardiff, Wales",Drag Race UK
Q0368,Rileasa Slaves,-,-,"London, England",Drag Race UK
Q0369,Lill,-,-,"Manchester, England",Drag Race UK
Q0370,Charra Tea,-,-,"Belfast, Northern Ireland",Drag Race UK
Q0371,Actavia,-,-,"Bala, Wales",Drag Race UK
Q0372,Chanel O'Conor,-,-,"Isle of Bute, Scotland",Drag Race UK
Q0373,Kiki Snatch,-,-,"London, England",Drag Race UK
Q0374,Zahirah Zapanta,-,-,"Nottingham, England",Drag Race UK
Q0375,Dita Garbo,-,-,"Folkestone, England",Drag Race UK
Q0376,Saki Yew,-,-,"Manchester, England",Drag Race UK
Q0377,Bones,-,-,"London, England",Drag Race UK
Q0378,Elle Vosque,-,-,"Belfast, Northern Ireland",Drag Race UK
Q0379,Catrin Feelings,-,-,"Rhondda Valley, Wales",Drag Race UK
Q0380,Silllexa Diction,-,-,"Leeds, England",Drag Race UK
Q0381,Tayris Mongardi,-,-,"Brighton, England",Drag Race UK
Q0382,Bonnie Ann Clyde,-,-,"Dublin, Ireland",Drag Race UK
Q0383,Paige Three,-,-,"London, England",Drag Race UK
Q0384,Sally™,-,-,"South Shields, England",Drag Race UK
Q0385,Chai T Grande,-,-,"London, England",Drag Race UK
Q0386,Nyongbella,-,-,"London, England",Drag Race UK
Q0387,Viola,-,-,"Coventry, England",Drag Race UK
Q0388,Pasty,-,-,"Cornwall, England",Drag Race UK
Q0389,Anita Wigl'it,-,-,"Auckland, New Zealand",From Down Under Season 1
Q0390,La Kahena,-,-,"Paris, France",From France Season 1
Q0391,Kween Kong,-,-,"Adelaide, Australia",From Down Under Season 2
Q0392,Nehellenia,-,-,"Rome, Italy",From Italia Season 2
Q0393,Tessa Testicle,-,-,"Basel, Switzerland",From Germany Season 1
Q0394,Vanity Vain,-,-,"Linköping, Sweden",From Sverige Season 1
Q0395,Gala Varo,-,-,"Morelia, Mexico",From México Season 1
Q0396,Soa de Muse,-,-,"Saint-Denis, France",From France Season 1
Q0397,Eva Le Queen,-,-,"Marikina, Philippines",From Philippines Season 1
Q0398,Miranda Lebrão,-,-,"Rio de Janeiro, Brazil",From Brasil Season 1
Q0399,Athena Likis,-,-,"City of Brussels, Belgium",From Belgique Season 1
Q0400,Janey Jacké,-,-,"Volendam, Netherlands",From Holland Season 1
Q0401,Pangina Heals,-,-,"Bangkok, Thailand",From Thailand Season 1
Q0402,Hannah Conda,-,-,"Sydney, Australia",From Down Under Season 2
Q0403,La Grande Dame,-,-,"Nice, France",From France Season 1
Q0404,Marina Summers,-,-,"Makati, Philippines",From Philippines Season 1
Q0405,Keta Minaj,-,-,"Amsterdam, Netherlands",From Holland Season 2
Q0406,Arantxa Castilla-La Mancha,-,-,"Madrid, Spain",From España Season 1
Q0407,Gawdland,-,-,"Chiang Mai, Thailand",From Thailand Season 3
Q0408,Fontana,-,-,"Stockholm, Sweden",From Sverige Season 1
Q0409,The Only Naomy,-,-,"Cologne, Germany",From Germany Season 1
Q0410,Minty Fresh,-,-,"Quezon City, Philippines",From Philippines Season 1
Q0411,Serena Morena,-,-,"Aguascalientes, Mexico",From México Season 1
Q0412,Kita Mean,-,-,"Auckland, New Zealand",-
Q0413,Art Simone,-,-,"Melbourne, Australia",-
Q0414,Karen From Finance,-,-,"Melbourne, Australia",-
Q0415,Scarlet Adams,-,-,"Perth, Australia",-
Q0416,Elektra Shock,-,-,"Auckland, New Zealand",-
Q0417,Maxi Shield,-,-,"Sydney, Australia",-
Q0418,Etcetera Etcetera,-,-,"Sydney, Australia",-
Q0419,Coco Jumbo,-,-,"Sydney, Australia",-
Q0420,Jojo Zaho,-,-,"Newcastle, Australia",-
Q0421,Spankie Jackzon,-,-,"Palmerston North, New Zealand",-
Q0422,Molly Poppinz,-,-,"Newcastle, Australia",-
Q0423,Beverly Kills,-,-,"Brisbane, Australia",-
Q0424,Yuri Guaii,-,-,"Auckland, New Zealand",-
Q0425,Minnie Cooper,-,-,"Sydney, Australia",-
Q0426,Pomara Fifth,-,-,"Sydney, Australia",-
Q0427,Aubrey Haive,-,-,"Timaru, New Zealand",-
Q0428,Faúx Fúr,-,-,"Sydney, Australia",-
Q0429,Isis Avis Loren,-,-,"Melbourne, Australia",-
Q0430,Gabriella Labucci,-,-,"Ballarat, Australia",-
Q0431,Flor,-,-,"Auckland, New Zealand",-
Q0432,Hollywould Star,-,-,"Sydney, Australia",-
Q0433,Bumpa Love,-,-,"Melbourne, Australia",-
Q0434,Ashley Madison,-,-,"Melbourne, Australia",-
Q0435,Rita Menu,-,-,"Hamilton, New Zealand",-
Q0436,Ivanna Drink,-,-,"Auckland, New Zealand",-
Q0437,Ivory Glaze,-,-,"Sydney, Australia",-
Q0438,Amyl,-,-,"Sydney, Australia",-
Q0439,Lazy Susan,-,-,"Melbourne, Australia",-
Q0440,Mandy Moobs,-,-,"Brisbane, Australia",-
Q0441,Vybe,-,-,"Sydney, Australia",-
Q0442,Freya Armani,-,-,"Brisbane, Australia",-
Q0443,Nikita Iman,-,-,"Auckland, New Zealand",-
Q0444,Max Drag Queen,-,-,"Melbourne, Australia",-
Q0445,Brenda Bressed,-,-,"Melbourne, Australia",-
Q0446,Lucina Innocence,-,-,"Auckland, New Zealand",-
Q0447,Karna Ford,-,-,"Sydney, Australia",-
Q0448,Olivia Dreams,-,-,"Wellington, New Zealand",-
Q0449,Carmen Farala,-,-,"Seville, Andalusia",-
Q0450,Killer Queen,-,-,"Madrid, C. Madrid",-
Q0451,Sagittaria,-,-,"Barcelona, Catalonia",-
Q0452,Pupi Poisson,-,-,"Madrid, C. Madrid",-
Q0453,Dovima Nurmi,-,-,"Barcelona, Catalonia",-
Q0454,Hugáceo Crujiente,-,-,"Valencia, Valencian Community",-
Q0455,Inti,-,-,Bolivia,-
Q0456,Drag Vulcano,-,-,"Las Palmas, Canary Islands",-
Q0457,The Macarena,-,-,"Cádiz, Andalusia",-
Q0458,Sharonne,-,-,"Barcelona, Catalonia",-
Q0459,Estrella Xtravaganza,-,-,"Cádiz, Andalusia",-
Q0460,Venedita Von Däsh,-,-,"Alicante, Valencian Community",-
Q0461,Marina,-,-,"Barcelona, Catalonia",-
Q0462,Juriji Der Klee,-,-,Belgium,-
Q0463,Drag Sethlas,-,-,"Las Palmas, Canary Islands",-
Q0464,Diamante Merybrown,-,-,Dominican Republic,-
Q0465,Onyx,-,-,"Madrid, C. Madrid",-
Q0466,Jota Carajota,-,-,"Cádiz, Andalusia",-
Q0467,Samantha Ballentines,-,-,"Cádiz, Andalusia",-
Q0468,Ariel Rec,-,-,"Madrid, C. Madrid",-
Q0469,Marisa Prisa,-,-,"Lugo, Galicia",-
Q0470,Pitita,-,-,"Barcelona, Catalonia",-
Q0471,Vania Vainilla,-,-,"Zaragoza, Aragon",-
Q0472,Hornella Góngora,-,-,"Alicante, Valencian Community",-
Q0473,Kelly Roller,-,-,"Málaga, Andalusia",-
Q0474,Clover Bish,-,-,"Barcelona, Catalonia",-
Q0475,Bestiah,-,-,"Madrid, C. Madrid",-
Q0476,Pakita,-,-,"Seville, Andalusia",-
Q0477,Pink Chadora,-,-,"Cádiz, Andalusia",-
Q0478,Visa,-,-,Mexico,-
Q0479,Chanel Anorex,-,-,"Salamanca, Castile and León",-
Q0480,Drag Chuchi,-,-,"Las Palmas, Canary Islands",-
Q0481,Maria Edilia,-,-,Venezuela,-
Q0482,Le Cocó,-,-,"Madrid, C. Madrid",-
Q0483,La Bella Vampi,-,-,"Valencia, Valencian Community",-
Q0484,Chloe Vittu,-,-,"Barcelona, Catalonia",-
Q0485,La Niña Delantro,-,-,"Castellón de la Plana, Valencian Community",-
Q0486,Mariana Stars,-,-,Venezuela,-
Q0487,Megui Yeillow,-,-,"Seville, Andalusia",-
Q0488,Angelita La Perversa,-,-,"Seville, Andalusia",-
Q0489,Miss Khristo,-,-,"Madrid, C. Madrid",-
Q0490,Kelly Passa!?,-,-,"Barcelona, Catalonia",-
Q0491,Dita Dubois,-,-,"Santa Cruz de Tenerife, Canary Islands",-
Q0492,Porca Theclubkid,-,-,"Valencia, Valencian Community",-
Q0493,Shani LaSanta,-,-,"Cádiz, Andalusia",-
Q0494,Satín Greco,-,-,"Torremolinos, Andalusia",-
Q0495,Margarita Kalifata,-,-,"Córdoba, Andalusia",-
Q0496,Laca Udilla,-,-,"Valencia, Valencian Community",-
Q0497,Nix,-,-,"Copenhagen, Denmark",-
Q0498,Dafne Mugler,-,-,"Málaga, Andalusia",-
Q0499,Alexandra del Raval,-,-,"Barcelona, Catalonia",-
Q0500,Ferrxn,-,-,"Valencia, Valencian Community",-
Q0501,Denébola Murnau,-,-,"Alicante, Valencian Community",-
Q0502,Krystal Forever,-,-,Venezuela,-
Q0503,Eva Harrington,-,-,"Tenerife, Canary Islands",-
Q0504,La Escándalo,-,-,"Barcelona, Catalonia",-
Q0505,Nori,-,-,"Badajoz, Extremadura",-
Q0506,Paloma,-,-,Clermont-Ferrand,-
Q0507,Lolita Banana,-,-,Paris,-
Q0508,La Big Bertha,-,-,Paris,-
Q0509,Elips,-,-,Bordeaux,-
Q0510,Kam Hugh,-,-,Paris,-
Q0511,La Briochée,-,-,Palaiseau,-
Q0512,Lova Ladiva,-,-,Toulouse,-
Q0513,Keiona,-,-,Paris,-
Q0514,Sara Forever,-,-,Bordeaux,-
Q0515,Mami Watta,-,-,Saint-Denis,-
Q0516,Punani,-,-,Paris,-
Q0517,Piche,-,-,Arles,-
Q0518,Cookie Kunty,-,-,Paris,-
Q0519,Moon,-,-,"Geneva, Switzerland",-
Q0520,Ginger Bitch,-,-,Nice,-
Q0521,Kitty Space,-,-,Lyon,-
Q0522,Vespi,-,-,Lille,-
Q0523,Rose,-,-,Paris,-
Q0524,Le Filip,-,-,Paris,-
Q0525,Ruby On The Nail,-,-,Marseille,-
Q0526,Leona Winter,-,-,Perpignan,-
Q0527,Lula Strega,-,-,Paris,-
Q0528,Misty Phoenix,-,-,Avignon,-
Q0529,Perseo,-,-,"Canary Islands, Spain",-
Q0530,Norma Bell,-,-,Réunion,-
Q0531,Edeha Noire,-,-,Lyon,-
Q0532,Magnetica,-,-,Paris,-
Q0533,Afrodite Amour,-,-,Lyon,-
Q0534,Elecktra Bionic,-,-,Turin,-
Q0535,Farida Kant,-,-,Lecce,-
Q0536,Le Riche,-,-,Palermo,-
Q0537,Luquisha Lubamba,-,-,Bologna,-
Q0538,Ava Hangar,-,-,Carbonia,-
Q0539,Divinity,-,-,Naples,-
Q0540,Enorma Jean,-,-,Milan,-
Q0541,Ivana Vamp,-,-,Arezzo,-
Q0542,La Diamond,-,-,Riesi,-
Q0543,Aura Eternal,-,-,Palermo,-
Q0544,La Petite Noire,-,-,Palermo,-
Q0545,Skandalove,-,-,Corato,-
Q0546,Gioffré,-,-,"New York City,USA",-
Q0547,Panthera Virus,-,-,Florence,-
Q0548,Obama,-,-,Rome,-
Q0549,Tanissa Yoncè,-,-,Catania,-
Q0550,Narciso,-,-,Frosinone,-
Q0551,Lina Galore,-,-,Milan,-
Q0552,Melissa Bianchini,-,-,Rome,-
Q0553,La Sheeva,-,-,Rome,-
Q0554,Silvana Della Magliana,-,-,Rome,-
Q0555,Sypario,-,-,Naples,-
Q0556,Leila Yarn,-,-,Palermo,-
Q0557,La Prada,-,-,Milan,-
Q0558,Sissy Lea,-,-,"London,UK",-
Q0559,Morgana Cosmica,-,-,Bologna,-
Q0560,Lightning Aurora,-,-,Cagliari,-
Q0561,Vezirja,-,-,"Tirana,Albania",-
Q0562,Amy Krania,-,-,Milan,-
Q0563,Adriana Picasso,-,-,Padua,-
Q0564,Envy Peru,-,-,Amsterdam,-
Q0565,Ma'Ma Queen,-,-,Rotterdam,-
Q0566,Miss Abby OMG,-,-,Amsterdam,-
Q0567,ChelseaBoy,-,-,Amsterdam,-
Q0568,Sederginne,-,-,"Antwerp,Belgium",-
Q0569,Madame Madness,-,-,Amsterdam,-
Q0570,Megan Schoonbrood,-,-,Rotterdam,-
Q0571,Patty Pam-Pam,-,-,Amsterdam,-
Q0572,Roem,-,-,Urk,-
Q0573,Vanessa van Cartier,-,-,Rotterdam,-
Q0574,My Little Puny,-,-,Amsterdam,-
Q0575,Vivaldi,-,-,Enschede,-
Q0576,Tabitha,-,-,Amsterdam,-
Q0577,The Countess,-,-,Amsterdam,-
Q0578,Ivy-Elyse,-,-,Amsterdam,-
Q0579,Love Masisi,-,-,Amsterdam,-
Q0580,Reggy B,-,-,Amsterdam,-
Q0581,Juicy Kutoure,-,-,Amsterdam,-
Q0582,Drag Couenne,-,-,Brussels,-
Q0583,Athena Sorgelikis,-,-,Brussels,-
Q0584,Susan,-,-,Ghent,-
Q0585,Mademoiselle Boop,-,-,Brussels,-
Q0586,Peach,-,-,Liège,-
Q0587,Valenciaga,-,-,Ghent,-
Q0588,Mocca Bone,-,-,Brussels,-
Q0589,Edna Sorgelsen,-,-,Liège,-
Q0590,Amanda Tears,-,-,Mouscron,-
Q0591,Brittany Von Bottoks,-,-,Mons,-
Q0592,Alvilda,-,-,Brussels,-
Q0593,La Veuve,-,-,Brussels,-
Q0594,Loulou Velvet,-,-,Brussels,-
Q0595,Gabanna,-,-,Brussels,-
Q0596,Chloe Clarke,-,-,Ghent,-
Q0597,Star,-,-,Antwerp,-
Q0598,Morphae,-,-,Brussels,-
Q0599,Madame Yoko,-,-,Luxembourg,-
Q0600,Sarah Logan,-,-,Liège,-
Q0601,Pandora Nox,-,-,"Vienna,Austria",-
Q0602,Metamorkid,-,-,"Vienna,Austria",-
Q0603,Yvonne Nightstand,-,-,"Berlin,Germany",-
Q0604,Kelly Heelton,-,-,"Wiesbaden,Germany",-
Q0605,Loreley Rivers,-,-,"Düsseldorf,Germany",-
Q0606,Victoria Shakespears,-,-,"Basel,Switzerland",-
Q0607,Nikita Vegaz,-,-,"Berlin,Germany",-
Q0608,LéLé Cocoon,-,-,"Frankfurt,Germany",-
Q0609,Barbie Q,-,-,"Munich,Germany",-
Q0610,Admira Thunderpussy,-,-,Stockholm,-
Q0611,Elecktra,-,-,Helsingborg,-
Q0612,Antonina Nutshell,-,-,"Liverpool,UK",-
Q0613,Santana Sexmachine,-,-,"Berlin,Germany",-
Q0614,Imaa Queen,-,-,Värnamo,-
Q0615,Endigo,-,-,"Tokyo,Japan",-
Q0616,Almighty Aphroditey,-,-,Mora,-
Q0617,Precious Paula Nicole,-,-,"Daet, Camarines Norte",-
Q0618,Xilhouete,-,-,"Cabanatuan, Nueva Ecija",-
Q0619,Brigiding,-,-,"Mandaluyong, Metro Manila",-
Q0620,Viñas Deluxe,-,-,"San Jose del Monte, Bulacan",-
Q0621,Lady Morgana,-,-,"Davao City, Davao del Sur",-
Q0622,Turing,-,-,"Cainta, Rizal",-
Q0623,Gigi Era,-,-,"Melbourne, Australia",-
Q0624,Corazon,-,-,"Bolinao, Pangasinan",-
Q0625,Prince,-,-,"Calumpit, Bulacan",-
Q0626,Captivating Katkat,-,-,"Sta. Maria, Ilocos Sur",-
Q0627,Arizona Brandy,-,-,"Makati City, Metro Manila",-
Q0628,M1ss Jade So,-,-,"Marikina City, Metro Manila",-
Q0629,Bernie,-,-,"Mandaluyong, Metro Manila",-
Q0630,Hana Beshie,-,-,"Cagayan de Oro, Misamis Oriental",-
Q0631,ØV Cünt,-,-,"Rosario, Cavite",-
Q0632,DeeDee Marié Holliday,-,-,"Tayabas, Quezon Province",-
Q0633,Matilduh,-,-,"Vigan, Ilocos Sur",-
Q0634,Veruschka Levels,-,-,Hong Kong,-
Q0635,Tiny Deluxe,-,-,"Pasig City, Metro Manila",-
Q0636,Astrid Mercury,-,-,"Mandaluyong, Metro Manila",-
Q0637,Nicole Pardaux,-,-,"Cebu City, Cebu",-
Q0638,Maxie,-,-,"Manila, Metro Manila",-
Q0639,Khianna,-,-,"Cagayan de Oro, Misamis Oriental",-
Q0640,Angel,-,-,"Manila, Metro Manila",-
Q0641,Tita Baby,-,-,"Marikina City, Metro Manila",-
Q0642,Zymba Ding,-,-,"Caloocan City, Metro Manila",-
Q0643,Myx Chanel,-,-,"Marikina City, Metro Manila",-
Q0644,Popstar Bench,-,-,"Manila, Metro Manila",-
Q0645,John Fedellaga,-,-,"San Francisco, USA",-
Q0646,J Quinn,-,-,"Caloocan City, Metro Manila",-
Q0647,Yudipota,-,-,"Bacolod, Negros Occidental",-
Q0648,Versex,-,-,"Manila, Metro Manila",-
Q0649,Siam Phusri,-,-,-,-
Q0650,NataliaPliacam,-,-,Bangkok,-
Q0651,AnnéeMaywong,-,-,Bangkok,-
Q0652,Dearis Doll,-,-,NakhonPathom,-
Q0653,B Ella,-,-,NakhonRatchasima,-
Q0654,Amadiva,-,-,Bangkok,-
Q0655,JAJA,-,-,Philippines,-
Q0656,Petchra,-,-,Rayong,-
Q0657,Morrigan,-,-,Bangkok,-
Q0658,BunnyBe Fly,-,-,NakhonRatchasima,-
Q0659,MeannieMinaj,-,-,Phrae,-
Q0660,Angele Anang,-,-,NakhonRatchasima,-
Q0661,Kana Warrior,-,-,Nakhon Sawan,-
Q0662,Kandy Zyanide,-,-,ChiangMai,-
Q0663,Bandit,-,-,Bangkok,-
Q0664,Vanda Miss Joaquim,-,-,Singapore,-
Q0665,Srimala,-,-,Udon Thani,-
Q0666,Tormai,-,-,Nakhon SiThammarat,-
Q0667,Genie,-,-,United States,-
Q0668,Miss Gimhuay,-,-,Chonburi,-
Q0669,Mocha Diva,-,-,Hong Kong,-
Q0670,Maya B'Haro,-,-,Phuket,-
Q0671,Katy Killer,-,-,Bangkok,-
Q0672,Silver Sonic,-,-,KhonKaen,-
Q0673,M Stranger Fox,-,-,Bangkok,-
Q0674,Frankie Wonga,-,-,Bangkok,-
Q0675,Zepee,-,-,Phrae,-
Q0676,Spicy Sunshine,-,-,Bangkok,-
Q0677,Nane Sphera,-,-,Chiang Mai,-
Q0678,Gigi Ferocious,-,-,Bangkok,-
Q0679,Benze Diva,-,-,Samut Prakan,-
Q0680,Shortgun,-,-,Chiang Mai,-
Q0681,Kara Might,-,-,Ratchaburi,-
Q0682,Srirasha Hotsauce,-,-,Bangkok,-
Q0683,Organzza,-,-,"Rio de Janeiro, RJ",-
Q0684,Betina Polaroid,-,-,"Rio de Janeiro, RJ",-
Q0685,Hellena Malditta,-,-,"Salvador, BA",-
Q0686,Shannon Skarllet,-,-,"Piraúba, MG",-
Q0687,Naza,-,-,"Monte Santo de Minas, MG",-
Q0688,Dallas de Vil,-,-,"Campinas, SP",-
Q0689,Rubi Ocean,-,-,"Taguatinga, DF",-
Q0690,Aquarela,-,-,"Belo Horizonte, MG",-
Q0691,Melusine Sparkle,-,-,"São José do Rio Preto, SP",-
Q0692,Tristan Soledade,-,-,"Belém, PA",-
Q0693,Diva More,-,-,"Jaquirana, RS",-
Q0694,Ruby Nox,-,-,"Carnaíba, PE",-
Q0695,Mellody Queen,-,-,"Belo Horizonte, MG",-
Q0696,Melina Blley,-,-,"Sapé, PB",-
Q0697,Poseidon Drag,-,-,"Recife, PE",-
Q0698,Bhelchi,-,-,"São Paulo, SP",-
Q0699,Adora Black,-,-,"Cidade Ocidental, GO",-
Q0700,Desirée Beck,-,-,"Irecê, BA",-
Q0701,Mercedez Vulcão,-,-,"Vinhedo, SP",-
Q0702,Paola Hoffmann Van Cartier,-,-,"Vila Velha, ES",-
Q0703,Chanel,-,-,"Niterói, RJ",-
Q0704,Cristian Peralta,-,-,"Guadalajara, JA",-
Q0705,Matraka,-,-,"León, GT",-
Q0706,Regina Voce,-,-,"Mexico City, DF",-
Q0707,Lady Kero,-,-,"Ocotlán de Morelos, OA",-
Q0708,Margaret Y Ya,-,-,"Mexico City, DF",-
Q0709,Argennis,-,-,"Ciudad Juárez, CH",-
Q0710,Pixie Pixie,-,-,"Mexico City, DF",-
Q0711,Vermelha Noir,-,-,"Querétaro City, QT",-
Q0712,Miss Vallarta,-,-,"Puerto Vallarta, JA",-
Q0713,Leexa Fox,-,-,"Mexicali, BC",-
Q0714,Eva Blunt,-,-,"Mexico City, DF",-
Q0715,Horacio Potasio,-,-,"Chihuahua, CH",-
Q0716,Jenary Bloom,-,-,"Tepatitlán de Morelos, JA",-
Q0717,Elektra Vandergeld,-,-,"Mexico City, DF",-
Q0718,Unique,-,-,"Aguascalientes, AG",-
Q0719,Luna Lansman,-,-,"Mexico City, DF",-
Q0720,Suculenta,-,-,"Mexico City, DF",-
Q0721,Ava Pocket,-,-,"Ciudad Madero, TM",-
Q0722,Garçonne,-,-,"Querétaro City, QT",-
Q0723,María Bonita,-,-,"Monterrey, NL",-
Q0724,Nina de la Fuente,-,-,"Mexico City, DF",-
Q0725,Ignus Ars,-,-,"Aguascalientes, AG",-
