song_id,title,artist,times_used
S0002,We Break the Dawn,Michelle Williams,1
S0003,Greatest Love of All,Whitney Houston,1
S0004,Would I Lie to You?,The Eurythmics,1
S0005,Stronger,Britney Spears,2
S0007,Cover Girl (Put the Bass in Your Walk),RuPaul,2
S0008,My Lovin' (You're Never Gonna Get It),En Vogue,1
S0010,Two of Hearts,Stacey Q,1
S0011,Carry On,Martha Wash,1
S0012,Black Velvet,Alannah Myles,1
S0013,He's the Greatest Dancer,Sister Sledge,1
S0014,Shake Your Love,Debbie Gibson,1
S0015,Something He Can Feel,Aretha Franklin,1
S0017,The Right Stuff,Vanessa Williams,2
S0019,Don't Leave Me This Way,Thelma Houston,1
S0020,Meeting in the Ladies Room,Klymaxx,1
S0021,Looking for a New Love,Jody Watley,1
S0022,Knock on Wood,Amii Stewart,2
S0023,MacArthur Park,Donna Summer,1
S0024,Mickey (Spanish Version),Toni Basil,1
S0025,Believe,Cher,1
S0026,Even Angels,Fantasia Barrino,1
S0027,Straight Up,Paula Abdul,1
S0028,I Think About You,Patti LaBelle,1
S0029,Champion (DJ BunJoe's Olympic Mix),RuPaul,1
S0030,Toxic,Britney Spears,2
S0031,Bad Girls,Donna Summer,1
S0032,This Will Be (An Everlasting Love),Natalie Cole,1
S0033,Trouble,Pink,1
S0034,Vogue,Madonna,1
S0035,Born This Way,Lady Gaga,1
S0038,I've Got to Use My Imagination,Gladys Knight,1
S0039,(You Make Me Feel Like) A Natural Woman,Aretha Franklin,1
S0040,No One Else on Earth,Wynonna Judd,1
S0041,Party in the U.S.A.,Miley Cyrus,1
S0042,Only Girl (In the World),Rihanna,1
S0043,When I Grow Up,The Pussycat Dolls,2
S0045,Take Me Home,Cher,1
S0046,I'm So Excited,The Pointer Sisters,1
S0047,Whip My Hair,Willow Smith,1
S0048,Ain't Nothin' Goin' on But the Rent,Gwen Guthrie,1
S0049,Cold Hearted,Paula Abdul,1
S0051,Malambo No. 1,Yma Sumac,1
S0052,Express Yourself,Madonna,1
S0053,Turn the Beat Around,Vicki Sue Robinson,1
S0054,Shake It Up,Selena Gomez,1
S0055,I'm Every Woman,Chaka Khan,1
S0056,Head to Toe,Lisa Lisa & Cult Jam,1
S0057,Whatta Man,Salt-N-Pepa with En Vogue,1
S0058,Point of No Return,Expose,1
S0059,Stupid Girls,P!nk,1
S0060,Vibeology,Paul Abdul,1
S0061,Think,Aretha Franklin,1
S0062,Stronger (What Doesn't Kill You),Kelly Clarkson,1
S0063,Sissy That Walk,RuPaul,2
S0064,Geronimo,RuPaul,1
S0065,Twist of Fate,Olivia Newton-John,1
S0066,I Was Gonna Cancel,Kylie Minogue,1
S0067,Dreaming,Blondie,1
S0069,Break Free,Ariana Grande,1
S0070,No More Lies,Michel'le,1
S0071,I Think We're Alone Now,Tiffany,1
S0072,Really Don't Care,Demi Lovato ft. Cher Lloyd,1
S0073,Show Me Love,Robin S.,1
S0074,Roar,Katy Perry,1
S0075,Born Naked,RuPaul,1
S0076,Applause,Lady Gaga,1
S0077,I Will Survive,Gloria Gaynor,1
S0079,Call Me,Blondie,1
S0080,Causing a Commotion,Madonna,1
S0081,I Love It,Icona Pop,2
S0082,And I Am Telling You I'm Not Going,Jennifer Hudson,1
S0083,You Make Me Feel (Mighty Real),Sylvester,2
S0084,The Realness,RuPaul,1
S0085,Love Shack,The B-52's,1
S0086,Holding Out For A Hero,Bonnie Taylor,1
S0087,I Wanna Go,Britney Spears,1
S0088,Woman Up,Meghan Trainor,1
S0089,Music,Madonna,1
S0090,Finally,CeCe Peniston,2
S0091,Baby I'm Burnin',Dolly Parton,1
S0092,Greedy,Ariana Grande,1
S0093,Cool for the Summer,Demi Lovato,1
S0094,Macho Man,The Village People,1
S0095,U Wear It Well,RuPaul,1
S0096,"It's Not Right, but It's Okay",Whitney Houston,1
S0097,Ain't No Other Man,Christina Aguilera,1
S0098,Best of My Love,The Emotions,1
S0099,Celebrity Skin,Hole,1
S0100,Pound the Alarm,Nicki Minaj,1
S0102,I'm Coming Out,Diana Ross,1
S0103,Cut To The Feeling,Carly Rae Jepsen,1
S0104,Groove is in the Heart,Deee-Lite,1
S0105,New Attitude,Patti Labelle,1
S0106,Good As Hell,Lizzo,1
S0107,Nasty Girl,Vanity 6,1
S0108,Call Me Mother,RuPaul,1
S0109,Bang Bang,"Jessie J, Ariana Grande, and Nicki Minaj",1
S0111,Work Bitch,Britney Spears,2
S0113,Living In America,James Brown,1
S0115,Last Dance,Donna Summer,1
S0116,Strut,Sheena Easton,1
S0117,Sorry Not Sorry,Demi Lovato,1
S0118,Hood Boy,Fantasia Barrino,1
S0119,No More Drama,Mary J. Blige,1
S0120,No Scrubs,TLC,1
S0122,Edge of Glory,Lady Gaga,1
S0123,Starships,Nicki Minaj,1
S0124,Call Your Girlfriend,Robyn,1
S0125,Problem,Ariana Grande ft. Iggy Azalea,1
S0126,S&M,Rihanna,1
S0127,Heart to Break,Kim Petras,1
S0128,Let it Go,Cassie Levy,1
S0129,Burning Up,Madonna,1
S0130,This Is My Night,Chaka Khan,1
S0131,Firework,Katy Perry,1
S0132,Kill the Lights,Alex Newell and DJ Cassidy ft. Nile Rodgers,1
S0133,1999,Prince,1
S0134,On The Floor,Jennifer Lopez ft. Pitbull,1
S0135,Survivor,Destiny’s Child,1
S0136,Break My Heart,Dua Lipa,1
S0137,If U Seek Amy,Britney Spears,1
S0138,100% Pure Love,Crystal Waters,1
S0139,Fancy,Iggy Azalea feat. Charli XCX,1
S0141,Whole Lotta Woman,Kelly Clarkson,1
S0143,Fascinated,Company B,1
S0144,Shackles (Praise You),Mary Mary,2
S0145,My Humps,Black Eyed Peas,1
S0146,No Tears Left To Cry,Ariana Grande,1
S0147,Strong Enough,Cher,1
S0148,Water Me,Lizzo,1
S0150,I Love It,Kylie Minogue,1
S0151,Play,Jennifer Lopez,1
S0152,My Head & My Heart,Ava Max,1
S0153,Suga Mama,Beyonce,1
S0157,good 4 u,Olivia Rodrigo,1
S0158,Telephone,Lady Gaga ft. Beyonce,1
S0159,7 Rings,Ariana Grande,1
S0160,Ain't No Mountain High Enough,Diana Ross,1
S0161,You Better Run,Pat Benatar,1
S0162,Q.U.E.E.N.,Janelle Monáe ft. Erykah Badu,1
S0163,In Your Room,The Bangles,1
S0164,Sweetest Pie,Megan Thee Stallion & Dua Lipa,1
S0166,Single Ladies (Put a Ring on It),Beyoncé,1
S0167,Boss Bitch,Doja Cat,1
S0169,For the Girls,Hayley Kiyoko,1
S0170,When Love Takes Over,David Guetta ft. Kelly Rowland,1
S0171,Break My Soul,Beyoncé,1
S0172,Shower,Becky G,1
S0173,Maybe You're the Problem,Ava Max,1
S0174,Dark Lady,Cher,1
S0175,Emergency,Icona Pop,1
S0176,Control,Janet Jackson,1
S0177,Flowers,Miley Cyrus,1
S0178,I Wanna Dance with Somebody (Who Loves Me),Whitney Houston,1
S0180,Made You Look,Meghan Trainor,1
S0181,Dim All the Lights,Donna Summer,1
S0182,Body,Megan Thee Stallion,1
S0183,Miss Me More,Kelsea Ballerini,1
S0184,Better Be Good to Me,Tina Turner,1
S0185,Gonna Make You Sweat (Everybody Dance Now),C+C Music Factory,1
S0186,Padam Padam,Kylie Minogue,1
S0187,Woman's World,Katy Perry,1
S0188,Alter Ego,Doechii,1
S0190,Buttons,The Pussycat Dolls,1
S0191,Boogie Wonderland,"Earth, Wind & Fire & The Emotions",1
S0192,Love Child,Diana Ross & the Supremes,1
S0193,Apt.,Rosé and Bruno Mars,1
S0194,Training Season,Dua Lipa,2
S0195,Total Eclipse of the Heart,Bonnie Tyler,1
S0196,Super Graphic Ultra Modern Girl,Chappell Roan,1
S0197,Boys Don't Cry,Anitta,1
S0198,Do You Wanna Touch Me (Oh Yeah),Joan Jett,1
S0199,It's All Coming Back to Me Now,Céline Dion,1
S0200,Tell It to My Heart,Taylor Dayne,1
S0201,I'm in Love with a Monster,Fifth Harmony,1
S0202,Don't Go Yet,Camila Cabello,1
S0203,That’s What I Want,Lil Nas X,1
S0204,Running Up That Hill (A Deal with God),Kate Bush,1
S0205,Oops!... I Did It Again,Britney Spears,1
S0206,(It Takes) Two to Make It Right,Seduction,1
S0207,The Beginning,RuPaul,1
S0208,Supermodel (You Better Work),RuPaul,1
S0209,I Hear You Knocking,Wynonna Judd,1
S0210,Jealous of My Boogie (Gomi and RasJek Edit),RuPaul,1
S0211,Bad Romance,Lady Gaga,1
S0212,Mi Vida Loca (My Crazy Life),Pam Tillis,1
S0213,It’s Raining Men... The Sequel,Martha Wash and RuPaul,1
S0214,Glamazon,RuPaul,1
S0215,Lovergirl,Teena Marie,1
S0216,Mesmerized (Freemasons Radio Edit),Faith Evans,1
S0217,I Don't Like to Show Off,RuPaul,1
S0218,So Emotional,Whitney Houston,1
S0219,It's Not Right But It's Okay (Thunderpuss Remix),Whitney Houston,1
S0220,Man! I Feel Like a Woman!,Shania Twain,1
S0221,Nasty,Janet Jackson,1
S0222,If,Janet Jackson,1
S0223,The Best of Both Worlds,Hannah Montana,1
S0224,Waiting for Tonight (Hex Hector Mix),Jennifer Lopez,1
S0225,I’m Your Baby Tonight,Whitney Houston,1
S0226,Pride (A Deeper Love),Aretha Franklin,1
S0227,Bootylicious,Destiny's Child,1
S0228,SOS,Rihanna,1
S0229,The Edge of Glory,Lady Gaga,1
S0230,Call Me Maybe,Carly Rae Jepsen,1
S0231,The Pleasure Principle,Janet Jackson,1
S0232,Rumors,Lindsay Lohan,1
S0233,Ex's & Oh's,Elle King,1
S0234,Lady Marmalade,"Christina Aguilera, Lil' Kim, Mýa, Pink",1
S0235,Hit ’Em Up Style (Oops!),Blu Cantrell,1
S0236,BO$$,Fifth Harmony,1
S0237,I Learned from the Best (HQ2 Radio Mix),Whitney Houston,1
S0238,Gimme More,Britney Spears,1
S0239,Till the World Ends,Britney Spears,1
S0240,Fallin’,Alicia Keys,1
S0241,One Way or Another,Blondie,1
S0242,Un-Break My Heart (Soul-Hex Radio Mix),Toni Braxton,1
S0243,Something’s Got a Hold on Me,Etta James,1
S0244,Respect,Aretha Franklin,1
S0245,Never Too Much,Luther Vandross,1
S0246,Radio,Beyoncé,1
S0247,Don't Let Go (Love),En Vogue,1
S0248,Love Don't Cost a Thing,Jennifer Lopez,1
S0249,Swept Away,Diana Ross,1
S0250,Heartbreak Hotel (Hex Hector Remix),"Whitney Houston ft. Faith Evans, Kelly Price",1
S0251,Gimme! Gimme! Gimme! (A Man After Midnight),Cher,1
S0252,Bloody Mary (Wednesday Dance TikTok Version),Lady Gaga,1
S0253,Damaged,Danity Kane,1
S0254,What About,Janet Jackson,1
S0255,Million Dollar Baby,Ava Max,1
S0256,Alone 2.0,"Kim Petras, Nicki Minaj",1
S0257,Milkshake,Kelis,1
S0258,The Shoop Shoop Song,Cher,1
S0259,This Time I Know It's for Real,Donna Summer,1
S0260,We Got the Beat,The Go-Go's,1
S0261,"Yes, And?",Ariana Grande,1
S0262,(It’s Just) The Way That You Love Me,Paula Abdul,1
S0263,Get Him Back!,Olivia Rodrigo,1
S0264,Hands to Myself,Selena Gomez,1
S0265,Wet Dream,Adam Lambert,1
S0266,Kiss Me Deadly,Lita Ford,1
S0267,Ya Ya,Beyoncé,1
S0268,Unholy,"Sam Smith, Kim Petras",1
S0269,Illusion,Dua Lipa,1
S0270,1 Thing,Amerie,1
S0271,Say Liza (Liza with a Z),Liza Minnelli,1
S0272,Step By Step (Junior Vasquez Tribal X Beats),Whitney Houston,1
S0273,Blow Me (One Last Kiss),P!nk,1
S0274,We Found Love,Rihanna ft. Calvin Harris,1
S0275,360,Charli XCX,1
S0276,Abracadabra,Lady Gaga,1
S0277,Enough (Miami),Cardi B,1
S0278,Too Much,Dove Cameron,1
S0279,Love in Real Life,Lizzo,1
S0280,Lights Camera Action,Kylie Minogue,1
S0281,Pretty Ugly,Zara Larsson,1
S0282,Houdini,Dua Lipa,1
S0283,Head Over Heels,The Go-Go's,1
S0284,Call Me When You Break Up,"Selena Gomez, Benny Blanco, Gracie Abrams",1
S0285,,,4
S0286,Every Girl You've Ever Loved,"Miley Cyrus, Naomi Campbell",1
